"username","date","retweets","favorites","text","geo","mentions","hashtags","id","permalink"
"jessicawagner","2017-04-19 19:09","0","0","Sometimes you're delayed at the airport with @justcallmeraj, and you find a wall of plants. https://www.instagram.com/p/BTFADHbhbyN/","","@justcallmeraj","","854773947522465792","https://twitter.com/jessicawagner/status/854773947522465792"
"LegiScanAL","2017-04-19 03:56","0","0","SB187 [Engross] Criminal procedure, appeals of capital punishment, reduce appeal time, Fair Justice Act http://bitly.com/YVsCss","","","","854544219867930625","https://twitter.com/LegiScanAL/status/854544219867930625"
"SheilaBlanchett","2017-04-18 23:56","0","0","Stories From The Road: The Reverse Commute Over the border in Georgia we stopped in Blakely, https://www.instagram.com/p/BTC8I3Mlm4V/","","","","854483875661320197","https://twitter.com/SheilaBlanchett/status/854483875661320197"
"fredericlecut","2017-04-18 21:06","0","0","Need custom border patterns for your mosaics ? @MOSAICBLUES http://www.instagram.com.ln.is/FpQ17","","@MOSAICBLUES","","854441121262559242","https://twitter.com/fredericlecut/status/854441121262559242"
"NogginGalaxy","2017-04-18 05:33","0","0","Still have pending videos but make sure you check out my new videos with finesse.wall and https://www.instagram.com/p/BTA96dTDxFb/","","","","854206310421811201","https://twitter.com/NogginGalaxy/status/854206310421811201"
"shepherdfrankel","2017-04-18 00:17","0","1","fish on the wall #simplertimes #shadows & #light #newnan #scout @Caldwell Tanks https://www.instagram.com/p/BTAZuRHjlxw/","","@Caldwell","#simplertimes #shadows #light #newnan #scout","854126714657624064","https://twitter.com/shepherdfrankel/status/854126714657624064"
"NogginGalaxy","2017-04-18 00:00","0","0","finesse.wall TG  IE E Do my dance moves for a shoutout https://www.instagram.com/p/BTAXzRIjFic/","","","","854122509297385473","https://twitter.com/NogginGalaxy/status/854122509297385473"
"NogginGalaxy","2017-04-17 20:35","0","0","My #backwardsforwards w/ bwaller12 finesse.wall Tag your friends @stevierandum https://www.instagram.com/p/BTAAXWDD9lM/","","@stevierandum","#backwardsforwards","854070956469477379","https://twitter.com/NogginGalaxy/status/854070956469477379"
"gidgeblack","2017-04-17 14:03","0","0","I my Jennifer Coggin Art!!! Can't wait to get it on my wall! https://www.instagram.com/p/BS_Te7RhWlOgUFQaeG4n-Cy1XKuzRIjWkMcyG80/ ","","","","853972263556628480","https://twitter.com/gidgeblack/status/853972263556628480"
"NogginGalaxy","2017-04-17 02:53","0","0","finesse.wall bwaller12 @kingimprint litdances2017_ trendingdances populardancetrends https://www.instagram.com/p/BS-GtKLD8Mt/","","@kingimprint","","853803456682917892","https://twitter.com/NogginGalaxy/status/853803456682917892"
"NogginGalaxy","2017-04-17 02:44","0","0","Woke Up with finesse.wall and bwaller12 #Repost!! @Noggin Entertainment https://www.instagram.com/p/BS-FrB3jEfj/","","@Noggin","#Repost","853801189766553601","https://twitter.com/NogginGalaxy/status/853801189766553601"
"NogginGalaxy","2017-04-16 23:08","0","0","Mask on forking mask on bwaller12 finesse.wall #Repost #backwardsforwards #where #bruhcuz https://www.instagram.com/p/BS9tDIoD638/","","","#Repost #backwardsforwards #where #bruhcuz","853747004538855425","https://twitter.com/NogginGalaxy/status/853747004538855425"
"HeatherHHarvey2","2017-04-16 20:18","0","0","#tophandsports #tophand12u #determined #gavinthewallharvey g._the_wall the_hammer76_ @Cancer https://www.instagram.com/p/BS9ZhI_hTBH/","","@Cancer","#tophandsports #tophand12u #determined #gavinthewallharvey","853704053150199808","https://twitter.com/HeatherHHarvey2/status/853704053150199808"
"papingree","2017-04-16 19:50","0","0","Crossing our first state on our way to Tuskegee University @Ga/Al Border https://www.instagram.com/p/BS9WXnxjx3X/","","@Ga","","853697129973415936","https://twitter.com/papingree/status/853697129973415936"
"sylinahope","2017-04-16 15:40","0","0","Happy Easter from the James gang @Logan Martin Lake https://www.instagram.com/p/BS85zSUA5W5/","","@Logan","","853634305213550592","https://twitter.com/sylinahope/status/853634305213550592"
"NogginGalaxy","2017-04-16 04:42","0","1","LL finesse.wall bwaller12 If you enjoyed this Follow:     https://www.instagram.com/p/BS7ubQZDBmT/","","","","853468559053377536","https://twitter.com/NogginGalaxy/status/853468559053377536"
"NogginGalaxy","2017-04-15 17:45","0","0","bwaller12 finesse.wall @Faucett Brothers Activity Center https://www.instagram.com/p/BS6jLbyDtqt/","","@Faucett","","853303199050104832","https://twitter.com/NogginGalaxy/status/853303199050104832"
"NogginGalaxy","2017-04-15 15:21","0","0","If you enjoyed this Follow:     @noggingalaxy bwaller12 finesse.wall https://www.instagram.com/p/BS6Suf1D4kt/","","@noggingalaxy","","853266976256532480","https://twitter.com/NogginGalaxy/status/853266976256532480"
"loren0216","2017-04-14 21:47","0","0","Owen off the wall @AirWalk Ultimate Trampoline Arena https://www.instagram.com/p/BS4aLa5BQh6/","","@AirWalk","","853001829810032640","https://twitter.com/loren0216/status/853001829810032640"
"NogginGalaxy","2017-04-14 21:46","0","1","Live in 5 on finesse.wall then on bwaller12 then on mine @Noggin Entertainment https://www.instagram.com/p/BS4aBc0j5R4/","","@Noggin","","853001483348045826","https://twitter.com/NogginGalaxy/status/853001483348045826"
"StkPeppersWest","2017-04-14 16:41","0","1","Today's Special is our Border Tater! A freshly baked potato topped with cheese, Chili, and https://www.instagram.com/p/BS33IUmhqnJ/","","","","852924746593218560","https://twitter.com/StkPeppersWest/status/852924746593218560"
"LegiScanAL","2017-04-14 14:46","0","0","SB372 [NEW] Unmanned aircraft systems or drones, use of prohibited under certain conditions, criminal penalties, ... http://bitly.com/XVR6F0","","","","852895785733812225","https://twitter.com/LegiScanAL/status/852895785733812225"
"LegiScanAL","2017-04-14 02:16","0","0","HB453 [Engross] Madison Co., beer tax proceeds, distribution, Senior Citizens' Prescription Drug Program, funded,... http://bitly.com/ZWE1XA","","","","852707073594929152","https://twitter.com/LegiScanAL/status/852707073594929152"
"HussyDutchman","2017-04-13 14:09","0","0","Welcome to the gang, Willie!! Can't wait for you to meet your https://www.instagram.com/p/BS1A77FjHJqct6jrNVvNlhhsd-nIAyAhBIVQ8s0/ ","","","","852524101776404481","https://twitter.com/HussyDutchman/status/852524101776404481"
"glamourtech7","2017-04-12 16:40","0","0","Newest brewery on the wall!! Out of Michigan!! Come try some Dirty Bastard, Rbaus, PC Pils, and https://www.instagram.com/p/BSytZOzly7T/","","","","852199660043239425","https://twitter.com/glamourtech7/status/852199660043239425"
"CDispatch","2017-04-12 15:53","0","0","Clay deputies make animal cruelty, drug arrests http://dlvr.it/NsrsjK","","","","852187830239375360","https://twitter.com/CDispatch/status/852187830239375360"
"LegiScanAL","2017-04-12 15:36","0","0","HB498 [NEW] Unmanned aircraft systems or drones, use of prohibited under certain conditions, criminal penalties, ... http://bitly.com/Xd9wzt","","","","852183577420759044","https://twitter.com/LegiScanAL/status/852183577420759044"
"LegiScanAL","2017-04-12 15:06","0","0","HB497 [NEW] Criminal sex offenders over age 21, sex offenses against child 12 years of age or younger, surgical c... http://bitly.com/Xcwc2J","","","","852176004927848448","https://twitter.com/LegiScanAL/status/852176004927848448"
"LegiScanAL","2017-04-12 02:16","0","0","HB203 [Engross] Schedule I controlled substances, Fentanyl and Fentanyl analogues included, criminal penalties fo... http://bitly.com/YHXsVq","","","","851982215114346497","https://twitter.com/LegiScanAL/status/851982215114346497"
"blakeells","2017-04-10 18:09","0","3","Gonna make Mexico Great Again Also. https://twitter.com/AP_Planner/status/851491189199187969 ","","","","851497396492275712","https://twitter.com/blakeells/status/851497396492275712"
"Meggies8210","2017-04-10 12:49","0","0","You know your at a St. Vincent's Hospital when this is on the wall. https://www.instagram.com/p/BStJc_JFwz6HhCsiNLepzp5gEJntlowhNPrTo00/ ","","","","851416929667600385","https://twitter.com/Meggies8210/status/851416929667600385"
"Meggies8210","2017-04-10 12:49","0","0","You know your at a St. Vincent's Hospital when this is on the wall. https://www.instagram.com/p/BStJc-alI1A5To8RaTvLBC20HAC5eor7MOE5fc0/ ","","","","851416928577085441","https://twitter.com/Meggies8210/status/851416928577085441"
"Captain_Strongo","2017-04-09 20:40","0","0","Resort Mexico Elmo. Well, Im intrigued. https://twitter.com/JusticeWillett/status/851172488264503297 ","","","","851173042952785921","https://twitter.com/Captain_Strongo/status/851173042952785921"
"COG_Cash","2017-04-09 17:21","0","4","We been at these pe$o$still tryna get Moe.. #ThaYGz #mixtapeontheway @AL/GA Border https://www.instagram.com/p/BSrDxmeFf8E/","","@AL","#ThaYGz #mixtapeontheway","851122975239753732","https://twitter.com/COG_Cash/status/851122975239753732"
"Captain_Strongo","2017-04-08 20:26","0","0","Soccer stadiums in Mexico, football stadiums in the US.","","","","850807001487740929","https://twitter.com/Captain_Strongo/status/850807001487740929"
"Captain_Strongo","2017-04-08 20:24","0","0","But when you throw Canada and Mexico into the mix, Rio Tinto gets knocked way down the ladder.","","","","850806603179839488","https://twitter.com/Captain_Strongo/status/850806603179839488"
"CBGulfCoast","2017-04-08 17:31","0","0","We are looking for a buyer on 3086 Border Creek Road #Crestview #FL #realestate http://tour.circlepix.com/home/N62TQZ pic.twitter.com/SWSRUwUnnE","","","#Crestview #FL #realestate","850762992215932928","https://twitter.com/CBGulfCoast/status/850762992215932928"
"LegiScanAL","2017-04-08 04:06","0","0","SB363 [NEW] Drug tests; falsification of; crime established; sale of synthestic urine. Crime established with exc... http://bitly.com/YcePzl","","","","850560447405326336","https://twitter.com/LegiScanAL/status/850560447405326336"
"AlchemyBHM","2017-04-07 23:36","1","1","Reaction Media + Bowe Inc. present... T.I. The Hustle Gang Tour Friday April 28th Sloss https://www.instagram.com/p/BSmhDjrlUN9/","","","","850492478469935109","https://twitter.com/AlchemyBHM/status/850492478469935109"
"AlchemyBHM","2017-04-07 23:36","1","1","Reaction Media + Bowe Inc. present... T.I. The Hustle Gang Tour Friday April 28th Sloss https://www.instagram.com/p/BSmhCuNlrZU/","","","","850492446295437313","https://twitter.com/AlchemyBHM/status/850492446295437313"
"AlchemyBHM","2017-04-07 23:36","1","1","Reaction Media + Bowe Inc. present... T.I. The Hustle Gang Tour Friday April 28th Sloss https://www.instagram.com/p/BSmhCDpllQA/","","","","850492400409726976","https://twitter.com/AlchemyBHM/status/850492400409726976"
"heyyitschloe3","2017-04-07 22:32","0","1","Prom 2017 with the gang @Old York Farms https://www.instagram.com/p/BSmds_ul9seZZGEgJwBQ86yFMq7nTh2MmmmK4k0/ ","","@Old","","850476309436346368","https://twitter.com/heyyitschloe3/status/850476309436346368"
"LegiScanAL","2017-04-07 20:56","0","0","HB466 [NEW] Sports shooting ranges, clarifying immunity from civil liability and criminal prosecution when operat... http://bitly.com/ZVdoCu","","","","850452328289361925","https://twitter.com/LegiScanAL/status/850452328289361925"
"blakeells","2017-04-07 18:37","0","2","The Auburn Tigers will square off against the Auburn Tigers in the annual A-Day football game tomorrow. Who'll win? Gang, I say the Tigers.","","","","850417225144119296","https://twitter.com/blakeells/status/850417225144119296"
"hlisenba","2017-04-07 13:12","0","0","Wall ball circuit Song- 100 Shots by Young Dolph @Downtown, Birmingham https://www.instagram.com/p/BSlddhADV0J/","","@Downtown","","850335358453780481","https://twitter.com/hlisenba/status/850335358453780481"
"LegiScanAL","2017-04-06 21:06","0","0","HB279 [Engross] Expungement of criminal records, expanded to include all felony offenses subject to a successful ... http://bitly.com/WLGcA4","","","","850092462521688064","https://twitter.com/LegiScanAL/status/850092462521688064"
"_DormDecor","2017-04-06 20:50","1","3","The perfect wall accessory for your dorm room! This clothes pin photo holder will help you share https://www.instagram.com/p/BSjtSY9Dj2i/","","","","850088354309910528","https://twitter.com/_DormDecor/status/850088354309910528"
"spotternetwork","2017-04-05 21:17","0","0","Spotr 7 miles SW of HEFLIN, AL @21:17 UTC Not Rotating Wall Cloud>-Large wall cloud 1 Mile to our Southwest","","@21","","849732737179189248","https://twitter.com/spotternetwork/status/849732737179189248"
"AlgoTraffic","2017-04-05 19:14","0","0","Barrier Wall / Divider cleared on I-65 at Exit 173: SR 152; Northern Blvd","","","","849701867013722115","https://twitter.com/AlgoTraffic/status/849701867013722115"
"spotternetwork","2017-04-05 17:16","3","2","Spotr 5 miles SE of ALABASTER, AL @17:16 UTC Rotating Wall Cloud>-Broad rotation near Shelby Airfield.","","@17","","849672109530001410","https://twitter.com/spotternetwork/status/849672109530001410"
"LegiScanAL","2017-04-05 16:56","0","0","HB453 [NEW] Madison Co., beer tax proceeds, distribution, Senior Citizens' Prescription Drug Program, funded, fun... http://bitly.com/ZWE1XA","","","","849667048791781377","https://twitter.com/LegiScanAL/status/849667048791781377"
"spotternetwork","2017-04-05 15:19","2","4","Spotr 5 miles SW of MONTGOMERY, AL @15:17 UTC Rotating Wall Cloud>-Weakly rotating wall cloud near I-65 @Hyundai Blvd. Lowering persist","","@15 @Hyundai","","849642539619672065","https://twitter.com/spotternetwork/status/849642539619672065"
"ericstubbsII","2017-04-05 03:55","0","0","New moderncarbine rifles on the new gun wall @ModernOutfitter in MS! #freedom #modernoutfitters https://www.instagram.com/p/BSfUTF2BSuv/","","@ModernOutfitter","#freedom #modernoutfitters","849470472551092224","https://twitter.com/ericstubbsII/status/849470472551092224"
"aaronleetasjan1","2017-04-04 15:32","0","3","Let's communicate with each other tonight at the Sound Wall in Opelika AL. The great https://www.instagram.com/p/BSd_RsyD-2L/","","","","849283489358905344","https://twitter.com/aaronleetasjan1/status/849283489358905344"
"KWilson318","2017-04-04 01:26","0","0","Almost as good as an orange wall pic!! @Nonic Bar & Kitchen https://www.instagram.com/p/BScebL7g2Bp/","","@Nonic","","849070548361654276","https://twitter.com/KWilson318/status/849070548361654276"
"Captain_Strongo","2017-04-03 21:35","0","0","It was the WaPo that first reported the story that Trump threatened to invade Mexico, wasnt it?","","","","849012462485635072","https://twitter.com/Captain_Strongo/status/849012462485635072"
"AlgoTraffic","2017-04-03 19:20","0","0","Barrier Wall / Divider on I-65 N at Exit 173: SR 152; Northern Blvd","","","","848978654382239748","https://twitter.com/AlgoTraffic/status/848978654382239748"
"shelbyrice","2017-04-02 17:11","0","0","Conquered my first rock wall at highpointbirmingham! Thanks for the help @the_michaelisms. https://www.instagram.com/p/BSZBFkZg8wG/","","@the_michaelisms","","848583777563664390","https://twitter.com/shelbyrice/status/848583777563664390"
"Captain_Strongo","2017-04-02 14:27","0","1","arrested as a result of routine traffic stops. Or how many drug traffickers are caught because they forgot to signal.","","","","848542461953794048","https://twitter.com/Captain_Strongo/status/848542461953794048"
"jasmin_quire","2017-04-02 01:53","0","0","Two cups, Toast up with the gang #bahamamama @Kappa Sigma Fraternity - University of Alabama https://www.instagram.com/p/BSXX-ouA6oq/","","@Kappa","#bahamamama","848352647040159745","https://twitter.com/jasmin_quire/status/848352647040159745"
"CBGulfCoast","2017-04-01 16:39","0","0","See a virtual tour of our listing on 3086 Border Creek Road #Crestview #FL #realestate http://tour.circlepix.com/home/N62TQZ pic.twitter.com/nSCWgx1xbA","","","#Crestview #FL #realestate","848213208905039873","https://twitter.com/CBGulfCoast/status/848213208905039873"
"nakedart","2017-03-31 20:08","0","0","""Birmingham Bike"" by Eric Johnson! You can find more of Eric's metal wall art at https://www.instagram.com/p/BSULsM_AiUf/","","","","847903407100882945","https://twitter.com/nakedart/status/847903407100882945"
"blakeells","2017-03-31 13:46","0","0","gang, I'm not a fan of Atlanta. Athens is a top five Southern town. Atlanta has way too many people.","","","","847807331387793409","https://twitter.com/blakeells/status/847807331387793409"
"Captain_Strongo","2017-03-29 19:25","0","0","@KT_So_It_Goes Yeah, the last time we annexed a bunch of Mexico turned out pretty well, I think.","","@KT_So_It_Goes","","847167966437347365","https://twitter.com/Captain_Strongo/status/847167966437347365"
"MereCummings","2017-03-29 03:08","0","1","The old gang is back together again. What a fun, unexpected night! @R Davidson Chophouse https://www.instagram.com/p/BSNNaAqB-1c/","","@R","","846922023267778560","https://twitter.com/MereCummings/status/846922023267778560"
"Captain_Strongo","2017-03-29 01:42","0","5","We should go easy on Unfrozen Caveman Drug Dealers. The festival must have frightened and confused him. https://twitter.com/DeseretNews/status/846884615205933061 ","","","","846900389475631110","https://twitter.com/Captain_Strongo/status/846900389475631110"
"JBradPT","2017-03-29 00:53","0","0","Sneaker gang iheartnikemetcons niketraining nikemetconclub #StopExercising #StartTraining https://www.instagram.com/p/BSM990mgPRu/","","","#StopExercising #StartTraining","846888074135175168","https://twitter.com/JBradPT/status/846888074135175168"
"ashIynh","2017-03-28 16:14","0","0","Squats low and rock climbing wall high lol @UpSurge trampoline park https://www.instagram.com/p/BSMCiw2A73g66VjebnGpKpBfH7I6ws_hO6RYkU0/ ","","@UpSurge","","846757395883855872","https://twitter.com/ashIynh/status/846757395883855872"
"grindleee","2017-03-28 00:57","0","0","rustic, double-sided, and mobile prayer wall for @firsttuscaloosa /// prayers for the city and https://www.instagram.com/p/BSKZouwhFs0/","","@firsttuscaloosa","","846526701739814912","https://twitter.com/grindleee/status/846526701739814912"
"benwall3rd","2017-03-26 01:55","0","0","Happy 8th Birthday, Wally Wall. I'm glad we threw out our list of prerequisites (no males; no https://www.instagram.com/p/BSFWmJABzlj/","","","","845816325813415936","https://twitter.com/benwall3rd/status/845816325813415936"
"Ferrocastor","2017-03-25 14:52","0","1","#TallapoosaRiver near the Georgia/Alabama state line. #rivers #Georgia #trainviews @AL/GA Border https://www.instagram.com/p/BSEKwLBDztg/","","@AL","#TallapoosaRiver #rivers #Georgia #trainviews","845649546793357312","https://twitter.com/Ferrocastor/status/845649546793357312"
"rsthatter09","2017-03-25 13:54","0","0","No coffee shop is complete without some wise words from the coach hanging on the wall @ https://www.instagram.com/p/BSEEGSogFIF/","","@","","845634912426364929","https://twitter.com/rsthatter09/status/845634912426364929"
"cryptoartsy","2017-03-25 02:58","0","0","Process. This week I focussed on this 14' wall! #handcut #adhesivevinyl #walldrawing https://www.instagram.com/p/BSC5EetjGLi/","","","#handcut #adhesivevinyl #walldrawing","845469928232767488","https://twitter.com/cryptoartsy/status/845469928232767488"
"MzBlackberry82","2017-03-25 02:57","0","0","Made me emotional seeing my girl Trinidad name on the wall rip guryl imu allot fly https://www.instagram.com/p/BSC47j7Bk8M/","","","","845469617879318528","https://twitter.com/MzBlackberry82/status/845469617879318528"
"blakeells","2017-03-24 19:30","0","1","I think that's how you get your photo on the wall, Madison.","","","","845357083654569993","https://twitter.com/blakeells/status/845357083654569993"
"Captain_Strongo","2017-03-23 20:41","0","0","Could also be that he deserted the Imperial Academy and became a criminal, so he needed a new name.","","","","845012561145843713","https://twitter.com/Captain_Strongo/status/845012561145843713"
"shoemakerpools","2017-03-23 01:39","0","0","New rock wall going up today. Creating a space for the new pool. #shoemakerpools https://www.instagram.com/p/BR9mcOugUzM/","","","#shoemakerpools","844725270108082177","https://twitter.com/shoemakerpools/status/844725270108082177"
"blakeells","2017-03-22 00:24","0","6","Ahh, The Statler Brothers lesser known B-Side, ""Shit on the Wall."" https://twitter.com/CecilHurt/status/844329147228917760 ","","","","844344017416531968","https://twitter.com/blakeells/status/844344017416531968"
"_lizmay_","2017-03-20 00:36","0","0","back in the homeland #alabamaNOTauburn #dontgetittwisted @AL/GA Border https://www.instagram.com/p/BR1wzz8g5ns/","","@AL","#alabamaNOTauburn #dontgetittwisted","843622169607389184","https://twitter.com/_lizmay_/status/843622169607389184"
"sean_mosley11","2017-03-19 00:01","0","1","We are the watchers on the wall @Lake Martin https://www.instagram.com/p/BRzICfJBPYxrqVChJabV80SWUCCcSuNVUqSFtE0/ ","","@Lake","","843251042519142400","https://twitter.com/sean_mosley11/status/843251042519142400"
"RachaelAGabriel","2017-03-18 00:24","0","0","17.4 in the books. Because it was a repeat of 16.4 [13 min AMRAP: 55 deadlifts 155, 55 wall https://www.instagram.com/p/BRwl5dGjGgV/","","","","842894492575436800","https://twitter.com/RachaelAGabriel/status/842894492575436800"
"theparkchoir","2017-03-17 13:25","1","2","We are on our way 6th grade! #lpatlanta #choir #band @AL/GA Border https://www.instagram.com/p/BRvadtXF1as/","","@AL","#lpatlanta #choir #band","842728614890295300","https://twitter.com/theparkchoir/status/842728614890295300"
"Captain_Strongo","2017-03-17 01:00","0","0","cant happen. A large sum of cash being carried by a drug runner, for example.","","","","842541224909324288","https://twitter.com/Captain_Strongo/status/842541224909324288"
"Captain_Strongo","2017-03-17 01:00","0","0","And the point of civil forfeiture is that the person arrested is not the actual owner of the property, so criminal forfeiture","","","","842541080834916354","https://twitter.com/Captain_Strongo/status/842541080834916354"
"Captain_Strongo","2017-03-17 00:51","0","0","It makes sense though, when you consider that its designed to be used against organized crime and drug trafficking.","","","","842538836588748801","https://twitter.com/Captain_Strongo/status/842538836588748801"
"LegiScanAL","2017-03-16 22:46","0","0","HB142 [Enroll] Criminal procedure, law enforcement agencies, parental consent required to use minor as a confiden... http://bitly.com/YBWvhp","","","","842507430735089664","https://twitter.com/LegiScanAL/status/842507430735089664"
"msdot2009","2017-03-15 13:02","0","0","Greensboro Gang takeover of projecthsf was a success yesterday! We organized activities and https://www.instagram.com/p/BRqOPh4BuQm/","","","","841998056820105216","https://twitter.com/msdot2009/status/841998056820105216"
"_DormDecor","2017-03-14 21:07","2","3","Macrame wall hangings are BIG this year and Dorm Decor has a great collection! Check them out at https://www.instagram.com/p/BRog5Y5DzVG/","","","","841757595987787777","https://twitter.com/_DormDecor/status/841757595987787777"
"cothProduction","2017-03-14 16:06","0","1","@Chris_Hodges helping us setup the LED wall! #leadingbyexample #LED2K17 @Church of the Highlands https://www.instagram.com/p/BRn-fmIFCRT/","","@Chris_Hodges @Church","#leadingbyexample #LED2K17","841681954961534977","https://twitter.com/cothProduction/status/841681954961534977"
"dailydoseofdora","2017-03-14 05:19","0","0","Mirror, mirror on the wall, who's the brattiest cat of all? GEORGIE. THAT's who. He drank out of http://ln.is/www.instagram.com/p/6328r ","","","","841519177798172672","https://twitter.com/dailydoseofdora/status/841519177798172672"
"dailydoseofdora","2017-03-14 04:49","0","0","Mirror, mirror on the wall, who's the brattiest cat of all? GEORGIE. THAT's who. He drank out of http://ln.is/www.instagram.com/p/9Q434 ","","","","841511684430823424","https://twitter.com/dailydoseofdora/status/841511684430823424"
"cothProduction","2017-03-13 19:21","0","3","The old LED wall is down! New wall starts soon! #LED2K17 @Church of the Highlands https://www.instagram.com/p/BRlwA9yF503/","","@Church","#LED2K17","841368633343369216","https://twitter.com/cothProduction/status/841368633343369216"
"Frost16Mark","2017-03-13 08:09","0","0","Watchers on the wall. #sigma #nikon #nikonphoto #nikonphotography https://www.instagram.com/p/BRkjHeDDVoh/","","","#sigma #nikon #nikonphoto #nikonphotography","841199524496474113","https://twitter.com/Frost16Mark/status/841199524496474113"
"TKSmith429","2017-03-11 22:37","0","1","Fantastic food with sweet quotes on the wall!! Auburn is awesome!! #GeauxTigers #WarEagle @ https://www.instagram.com/p/BRg8z17l2De/","","@","#GeauxTigers #WarEagle","840693079124398081","https://twitter.com/TKSmith429/status/840693079124398081"
"Captain_Strongo","2017-03-11 16:36","0","0","@JusticeWillett I used to have two or three printed pages full of them. I probably still have my wall posters somewhere.","","@JusticeWillett","","840602368651776000","https://twitter.com/Captain_Strongo/status/840602368651776000"
"StoneCold1378","2017-03-10 22:02","0","0","Keep pushing even though you feel like you've hit a brick wall. https://www.instagram.com/p/BReUB0dDeL7KN1IzED5jQSPGnXDJWw7XXPFC-E0/ ","","","","840321920017059842","https://twitter.com/StoneCold1378/status/840321920017059842"
"cefcentralal","2017-03-10 18:30","0","0","Former #CEFofCentralAlabama missionary working in #Mexico http://ow.ly/7Yya309G4Jc What is #CEF doing in Mexico? http://ow.ly/4Jhr309FMVZ pic.twitter.com/9tWelcpQMs","","","#CEFofCentralAlabama #Mexico #CEF","840268722577240065","https://twitter.com/cefcentralal/status/840268722577240065"
"jeremywasson","2017-03-09 23:13","0","0","A literal wall of doughnuts!!! @Church Of The Highlands Greystone Campus https://www.instagram.com/p/BRb3W4hBo4p/","","@Church","","839977398405799936","https://twitter.com/jeremywasson/status/839977398405799936"
"Negiup4","2017-03-09 09:51","0","0","Mycoplasma is smallest living cell that completely lacks a cell wall and can survive without https://www.instagram.com/p/BRabooHjToJ/","","","","839775695463198720","https://twitter.com/Negiup4/status/839775695463198720"
"_DormDecor","2017-03-08 22:00","6","4","Our Headboard Cushions are now in! Headboard Cushions easily velcro to your wall, working as a https://www.instagram.com/p/BRZKNO7jb02/","","","","839596637915873282","https://twitter.com/_DormDecor/status/839596637915873282"
"DrKRR2","2017-03-08 21:21","0","1","#cusa2017 #sportsmanias The Gang's All Here! #BJCC @Legacy Arena https://www.instagram.com/p/BRZFyWYgMHC/","","@Legacy","#cusa2017 #sportsmanias #BJCC","839586910674780160","https://twitter.com/DrKRR2/status/839586910674780160"
"MONEYBALL24","2017-03-08 18:53","0","0","Now that's a wall hanger. #vscocam @Baptist College of Florida https://www.instagram.com/p/BRY00OejONY/","","@Baptist","#vscocam","839549600763629568","https://twitter.com/MONEYBALL24/status/839549600763629568"
"WhoIsMartiP","2017-03-08 03:45","0","0","Hit South of the Border to Newnan Ga to show my homeboy Omar some love for his birthday by https://www.instagram.com/p/BRXM8AfBsmb/","","","","839321164728037376","https://twitter.com/WhoIsMartiP/status/839321164728037376"
"ElKuntry","2017-03-08 00:33","0","1","Its going down tonight at @stardome y'all come out for my boy @chingobling and the gang  https://www.instagram.com/p/BRW29ofg0sH/","","@stardome @chingobling","","839272843611410437","https://twitter.com/ElKuntry/status/839272843611410437"
"Captain_Strongo","2017-03-07 15:52","0","1","Yeah, its strange to me that people insist that hes equating European immigration with slave importation. Hes not.","","","","839141815563476996","https://twitter.com/Captain_Strongo/status/839141815563476996"
"QDOTDAVIS","2017-03-07 01:39","2","0","ANNOUNCING! T.I. (troubleman31) Hustle Gang Tour at Sloss Furnaces on Fri. 4/28. Tickets on sale https://www.instagram.com/p/BRUZw2lAGEr/","","","","838927155820179457","https://twitter.com/QDOTDAVIS/status/838927155820179457"
"Captain_Strongo","2017-03-06 20:57","0","1","Calling them immigrants is factually correct. Forced immigration is still immigration.","","","","838856042725376003","https://twitter.com/Captain_Strongo/status/838856042725376003"
"hfmgxtragic","2017-03-06 20:33","0","0","They probably stereotype me and label me as a drug dealer when they at me.... I told them I'm https://www.instagram.com/p/BRT2tFRFXHr/","","","","838850069680041985","https://twitter.com/hfmgxtragic/status/838850069680041985"
"JakeHolsonback","2017-03-06 14:04","0","0","Headshot last of the 3 for this pink/nude wall we found : @jordanJKtaylor @Downtown https://www.instagram.com/p/BRTKM3oh3JW/","","@jordanJKtaylor @Downtown","","838752202176909316","https://twitter.com/JakeHolsonback/status/838752202176909316"
"blakeells","2017-03-06 00:25","0","1","Maybe by ""Make America Great Again"" he just meant ""make the internet unusable."" If so, brother, mission accomplished.","","","","838546099241648128","https://twitter.com/blakeells/status/838546099241648128"
"MildaDesigns","2017-03-04 18:20","0","0","At EJI's museum in #Montgomery, there is an imposing wall commemorating those who were brutally https://www.instagram.com/p/BROd57PjCIp/","","","#Montgomery","838091838619807747","https://twitter.com/MildaDesigns/status/838091838619807747"
"NATURALNUBIAN","2017-03-03 03:41","0","0","Georgia Girl. I am. @Alabama / Georgia Border Line https://www.instagram.com/p/BRKUdpnByzL/","","@Alabama","","837508124944654336","https://twitter.com/NATURALNUBIAN/status/837508124944654336"
"sallykatewinter","2017-03-02 15:30","0","1","Oh, the Places You'll Go is always my favorite. I still love that this quote is on our wall, https://www.instagram.com/p/BRJA5KGlPLB/","","","","837324359727460353","https://twitter.com/sallykatewinter/status/837324359727460353"
"blakeells","2017-03-02 01:29","0","5","Well, gang, it all comes down to that classic final showdown against Coach Whatshisname's Missouri Tigers.","","","","837112596612452352","https://twitter.com/blakeells/status/837112596612452352"
"Kray_Ola_","2017-03-01 15:22","0","0","This is hilarious! lol Some of the answers I get during math workshop are so off the wall I https://www.instagram.com/p/BRGbL0DlsWL/","","","","836959961414520832","https://twitter.com/Kray_Ola_/status/836959961414520832"
"FletchIsLame","2017-03-01 05:42","0","0","If you or a loved one has taken the drug (bad drug) and suffered a heart attack or died after taking (bad drug), call now #BitchHowIfImDead","","","#BitchHowIfImDead","836813767493156864","https://twitter.com/FletchIsLame/status/836813767493156864"
"CDispatch","2017-02-27 16:57","0","0","Joint drug task force hits ground running http://dlvr.it/NVBhQk","","","","836259010642759680","https://twitter.com/CDispatch/status/836259010642759680"
"Captain_Strongo","2017-02-27 15:06","0","1","Shorter John Wall: I expect preferential treatment because I make more money than those guys. https://twitter.com/Lockedonsports/status/836229267193278464 ","","","","836231141321506817","https://twitter.com/Captain_Strongo/status/836231141321506817"
"Captain_Strongo","2017-02-26 23:02","0","1","1. Beat It 2. Billie Jean 3. Thriller 4. Smooth Criminal 5. Say Youll Be There https://twitter.com/trltrltrl/status/835982342661365760 ","","","","835988476717850624","https://twitter.com/Captain_Strongo/status/835988476717850624"
"Captain_Strongo","2017-02-26 20:30","0","1","1. White collar practice 2. Policing seminar 3. Crim pro 4. Criminal law 5. Civil procedure 564. Contracts https://twitter.com/ewrobinson1/status/835949556986593281 ","","","","835950103215095808","https://twitter.com/Captain_Strongo/status/835950103215095808"
"MelTRealtor","2017-02-26 02:23","0","0","Lunar Landing Exhibit Pearlington Mississippi/ Mississippi Alabama border. Last week on way to https://www.instagram.com/p/BQ9To_0ABkw/","","","","835676728064413696","https://twitter.com/MelTRealtor/status/835676728064413696"
"martiniqueglass","2017-02-26 00:46","0","0","This is the only wall Grayson is allowed over anymore @Kappa Sigma https://www.instagram.com/p/BQ9IhW4gUpPV2uqUWe7Mvj7J7kRl14tmDg39Is0/ ","","@Kappa","","835652279655092230","https://twitter.com/martiniqueglass/status/835652279655092230"
"OSGNelson","2017-02-26 00:11","0","0","So, you walk into Halftime in Downtown Auburn and THESE are on the wall #aoauburn #donttreadonme https://www.instagram.com/p/BQ9Ecf5hDFI/","","","#aoauburn #donttreadonme","835643314586046464","https://twitter.com/OSGNelson/status/835643314586046464"
"Captain_Strongo","2017-02-25 19:21","0","0","@radleybalko There are criminal libel statutes, though.","","@radleybalko","","835570536302395392","https://twitter.com/Captain_Strongo/status/835570536302395392"
"Timthecheeseman","2017-02-25 18:44","0","0","Some old school drug store lunch hugginmollys @Huggin' Molly's https://www.instagram.com/p/BQ8fF0pBMrS/","","@Huggin","","835561173005164545","https://twitter.com/Timthecheeseman/status/835561173005164545"
"Captain_Strongo","2017-02-25 04:27","0","0","@DonnaCassataAP Except for his weird thing about wanting POTUS to unilaterally declare federal drug laws unconstitutional","","@DonnaCassataAP","","835345414295588865","https://twitter.com/Captain_Strongo/status/835345414295588865"
"mthomas0536","2017-02-25 04:18","0","0","Meet me and the whole gang at skkynightclub tonight! $800 to the best twerker! @DJ_Telly_Tellz https://www.instagram.com/p/BQ6766mAFKs/","","@DJ_Telly_Tellz","","835343101518565376","https://twitter.com/mthomas0536/status/835343101518565376"
"LegiScanAL","2017-02-24 17:26","0","0","HB306 [NEW] Attorneys, encouraging litigation, criminal penalties increased, Secs. 34-3-24, 34-3-35 am'd. http://bitly.com/WVv8jP","","","","835179085269721090","https://twitter.com/LegiScanAL/status/835179085269721090"
"Captain_Strongo","2017-02-24 15:23","2","9","Drug laws are pretty much the classic Scalia stupid, but constitutional.","","","","835148087257612289","https://twitter.com/Captain_Strongo/status/835148087257612289"
"SantaMariaCERT","2017-02-24 03:46","0","0","I found this CERT from New Hampshire on the patch wall here at the CDP in the Recovery Zone. I https://www.instagram.com/p/BQ4TdMEjcdK/","","","","834972634462965760","https://twitter.com/SantaMariaCERT/status/834972634462965760"
"Captain_Strongo","2017-02-23 21:43","0","0","Easing restrictions on legal immigration could also help.","","","","834881273751568385","https://twitter.com/Captain_Strongo/status/834881273751568385"
"BCRUISE1990","2017-02-23 14:13","0","0","Birmingham, AL getting a lil feel of great gatsby with this wall https://www.instagram.com/p/BQ22dKbB_vKvg99O809usLQDCKhU3ekm7tmVnY0/ ","","","","834768125543407617","https://twitter.com/BCRUISE1990/status/834768125543407617"
"motohammer","2017-02-23 03:35","0","2","Can't beat ""hole in the wall"" #barbq joints. #webbs231bbq #alabama #travel @Webbs 231 Bar B Q. https://www.instagram.com/p/BQ1teLrDsOw/","","@Webbs","#barbq #webbs231bbq #alabama #travel","834607633558601729","https://twitter.com/motohammer/status/834607633558601729"
"Titanman83","2017-02-22 21:01","0","0","Drug buy (at @Walmart Neighborhood Market in Montgomery, AL)https://www.swarmapp.com/c/eFi4zW1LH3K","","@Walmart","","834508495743545345","https://twitter.com/Titanman83/status/834508495743545345"
"jaclyncrumpton","2017-02-22 20:26","0","0","finally got their numbers off the wall @Chilton County High School https://www.instagram.com/p/BQ08XCEhtHj/","","@Chilton","","834499638015037440","https://twitter.com/jaclyncrumpton/status/834499638015037440"
"LegiScanAL","2017-02-22 11:06","0","0","HB279 [NEW] Expungement of criminal records, expanded to include all felony offenses subject to a successful mali... http://bitly.com/WLGcA4","","","","834358641700564992","https://twitter.com/LegiScanAL/status/834358641700564992"
"Captain_Strongo","2017-02-22 02:27","0","0","Because the Supreme Court said that federal immigration law preempts any state law.","","","","834228210825039872","https://twitter.com/Captain_Strongo/status/834228210825039872"
"blakeells","2017-02-22 00:50","0","3","Tune into SEC Network now and marvel at how a gang of five 18-year-olds can turn a 3-point lead into a 30-point loss in just 20 minutes.","","","","834203619360649220","https://twitter.com/blakeells/status/834203619360649220"
"taylor__mcmanus","2017-02-22 00:01","0","0","missin' the gang today so here's a throwback @Thorsby HighSchool https://www.instagram.com/p/BQywHvzjn-b5cRZIemUuYu-V6WW7N8zEOpOVpg0/ ","","@Thorsby","","834191261234032642","https://twitter.com/taylor__mcmanus/status/834191261234032642"
"LegiScanAL","2017-02-21 23:06","0","0","SB225 [NEW] Pharmacy, State Board of, inspectors renamed investigators, maximum fees increased, frequency of drug... http://bitly.com/Zehya5","","","","834177500741767168","https://twitter.com/LegiScanAL/status/834177500741767168"
"HWspacejam32","2017-02-21 22:07","0","0","Off the Wall and off the floor!! #dunks #dunk #basketball #slamtastic #harlemwizards https://www.instagram.com/p/BQyjJVVhyDb/","","","#dunks #dunk #basketball #slamtastic #harlemwizards","834162713693532161","https://twitter.com/HWspacejam32/status/834162713693532161"
"ls4man","2017-02-21 21:28","0","0","Make America Great Again! Trump supporters check out my shop today and support small business! https://www.instagram.com/p/BQHnv6hjA2g/","","","","834152751709958145","https://twitter.com/ls4man/status/834152751709958145"
"AlgoTraffic","2017-02-21 21:24","0","0","Barrier Wall / Divider cleared on I-65 at Exit 262A: 16th St","","","","834151799821127680","https://twitter.com/AlgoTraffic/status/834151799821127680"
"AlgoTraffic","2017-02-21 21:24","0","0","Barrier Wall / Divider cleared on I-65 at 6th Ave N","","","","834151799812653057","https://twitter.com/AlgoTraffic/status/834151799812653057"
"Captain_Strongo","2017-02-21 21:18","0","0","There are some circumstances where it makes sense, like when there are manpower shortages along the border itself.","","","","834150385455599616","https://twitter.com/Captain_Strongo/status/834150385455599616"
"Captain_Strongo","2017-02-21 21:06","0","0","Thats why I think immigration enforcement should be limited to employment contexts and criminals.","","","","834147327271108608","https://twitter.com/Captain_Strongo/status/834147327271108608"
"Captain_Strongo","2017-02-21 20:57","0","0","Ah. Thats one of the things that troubles me the most about immigration enforcementracial profiling is almost inevitable.","","","","834145157847085056","https://twitter.com/Captain_Strongo/status/834145157847085056"
"nvryday","2017-02-21 20:13","0","1","Click the link in my bio ... Ayem Not PM -Gang Sh!t ...on #soundcloud now...the movement https://www.instagram.com/p/BQyWC9cllR8/","","","#soundcloud","834133910929960960","https://twitter.com/nvryday/status/834133910929960960"
"SenCamWard","2017-02-21 01:40","0","5","Thank you CJ Robinson & Chilton Co GOP for having me tonight. Good discussion on criminal https://www.instagram.com/p/BQwWvfrjh-t/","","","","833853961115430913","https://twitter.com/SenCamWard/status/833853961115430913"
"parchmentpotter","2017-02-21 01:04","0","0","This beauty was featured at the #southernbridalfaire and now hangs on the wall in our home! This https://www.instagram.com/p/BQwSiDejdRF/","","","#southernbridalfaire","833844705825869824","https://twitter.com/parchmentpotter/status/833844705825869824"
"ls4man","2017-02-20 16:25","0","0","Make America Great Again! Trump supporters check out my shop today and support small business! https://www.instagram.com/p/BQHnv6hjA2g/","","","","833714298778218496","https://twitter.com/ls4man/status/833714298778218496"
"baroberts16","2017-02-20 01:26","0","0","The only way I know how to describe it is girl gang, idk it's weird. @University of West https://www.instagram.com/p/BQtwW9_ho1n/","","@University","","833488086545764352","https://twitter.com/baroberts16/status/833488086545764352"
"Captain_Strongo","2017-02-19 21:38","0","0","Its much better, if only because it has Coolio as a drug dealer. Rated R, too.","","","","833430555580624897","https://twitter.com/Captain_Strongo/status/833430555580624897"
"themoonpies","2017-02-19 20:48","1","0","Y'all come see about me and Cat Daddy and the rest of the gang this evening in #Waverly, https://www.instagram.com/p/BQtQgUGBn62/","","","#Waverly","833418033502707712","https://twitter.com/themoonpies/status/833418033502707712"
"Mandaa_Ellen","2017-02-19 18:39","0","1","We're like a really small gang #DisIsDaFam https://www.instagram.com/p/BQtBrHEFXmWyLbBue7_GOmGGDbnGNdG6RzTwTo0/ ","","","#DisIsDaFam","833385426572423168","https://twitter.com/Mandaa_Ellen/status/833385426572423168"
"loganeheim","2017-02-19 02:00","0","0","The gang's all here! #meredithsawsparks @Montgomery, Alabama https://www.instagram.com/p/BQrPZ-TgXwL/","","@Montgomery","#meredithsawsparks","833134147396841473","https://twitter.com/loganeheim/status/833134147396841473"
"martinandkayla","2017-02-19 00:34","0","0","One of my favorite aspects of the marriage conference was definitely the great wall of unlimited https://www.instagram.com/p/BQrFl7IgeNt/","","","","833112559582588928","https://twitter.com/martinandkayla/status/833112559582588928"
"blakeells","2017-02-18 23:13","0","3","""DO MAKE AMERICA GREAT AGAIN,"" Wesley shouts from his Groupon seats in the third tier. Eric grins.","","","","833092213257166850","https://twitter.com/blakeells/status/833092213257166850"
"HWspacejam32","2017-02-18 20:55","0","0","Off the wall and off the floor!! #basketball #dunks #bestdunkers #slamtastic #harlemwizards @ https://www.instagram.com/p/BQqsiXrlGyN/","","@","#basketball #dunks #bestdunkers #slamtastic #harlemwizards","833057468636864513","https://twitter.com/HWspacejam32/status/833057468636864513"
"blakeells","2017-02-18 16:13","0","1","I hear @OnlyCarleigh is going. I wish I was, gang.","","@OnlyCarleigh","","832986280707362816","https://twitter.com/blakeells/status/832986280707362816"
"LegiScanAL","2017-02-18 02:46","0","0","HB260 [NEW] Criminal procedure, new classes of capital offense, reduce appeal time, Fair Justice Act http://bitly.com/WHKad0","","","","832783279480774656","https://twitter.com/LegiScanAL/status/832783279480774656"
"psychojenn1223","2017-02-17 21:27","0","0","My newly expanded workout wall. I just added Cize for next week. I printed out all three https://www.instagram.com/p/BQoLWA0jy5u/","","","","832702999432613892","https://twitter.com/psychojenn1223/status/832702999432613892"
"LegiScanAL","2017-02-17 19:46","0","0","HB259 [NEW] Jurors, service in criminal cases, names of sealed, contact by parties with for specified purposes pr... http://bitly.com/YWfjI6","","","","832677509435105280","https://twitter.com/LegiScanAL/status/832677509435105280"
"LegiScanAL","2017-02-17 19:16","0","0","HB261 [NEW] Criminal witnesses, contact with by criminal defendant prohibited without notice to prosecutor, penal... http://bitly.com/WHIBf9","","","","832670052470054913","https://twitter.com/LegiScanAL/status/832670052470054913"
"Captain_Strongo","2017-02-17 15:54","0","0","@AP_Politics The administration has denied this, but maybe it would have been like what President Obama did at the border.","","@AP_Politics","","832619325479481344","https://twitter.com/Captain_Strongo/status/832619325479481344"
"SPdaCoolKid","2017-02-17 01:29","0","0","Cool and the Gang. Rest peacefully Poppa and Sista cool. Keep watching over us. @ https://www.instagram.com/p/BQmCOdMhj3g/","","@","","832401469995257856","https://twitter.com/SPdaCoolKid/status/832401469995257856"
"LegiScanAL","2017-02-16 16:06","0","0","SB119 [Engross] Expungement of criminal records, authorized for youthful offenders, Sec. 15-27-2.1 added http://bitly.com/WtaNCg","","","","832259828076728320","https://twitter.com/LegiScanAL/status/832259828076728320"
"LegiScanAL","2017-02-16 11:36","0","0","HB203 [NEW] Schedule I controlled substances, Fentanyl and Fentanyl analogues included, criminal penalties for tr... http://bitly.com/YHXsVq","","","","832191814815866880","https://twitter.com/LegiScanAL/status/832191814815866880"
"LegiScanAL","2017-02-16 11:06","0","0","SB187 [NEW] Criminal procedure, appeals of capital punishment, reduce appeal time, Fair Justice Act http://bitly.com/YVsCss","","","","832184336371896320","https://twitter.com/LegiScanAL/status/832184336371896320"
"psychojenn1223","2017-02-15 20:45","0","0","Adding something to my workout wall to, hopefully, help with my skating. It doesn't look hard https://www.instagram.com/p/BQi8-gdF96v/","","","","831967720816140289","https://twitter.com/psychojenn1223/status/831967720816140289"
"LegiScanAL","2017-02-15 06:07","0","0","HB229 [NEW] Criminal procedure, murder of firefighter or first responder in the line of duty makes a capital offe... http://bitly.com/WxLUFE","","","","831746624015708161","https://twitter.com/LegiScanAL/status/831746624015708161"
"blakeells","2017-02-15 01:51","0","1","""You played some ball,"" Frank asked Canyon looking at a photo on the wall of Canyon's office. ""Brother, let me tell you."" $$$$","","","","831682417681395714","https://twitter.com/blakeells/status/831682417681395714"
"gallocomedy","2017-02-14 18:42","0","2","I'll see my Valentine when I get home! Happy Valentines Day, gang! #valentinesday #daughter @ https://www.instagram.com/p/BQgKFPUBYlq/","","@","#valentinesday #daughter","831574323169071104","https://twitter.com/gallocomedy/status/831574323169071104"
"UncleIva","2017-02-14 16:31","0","0","former gang member addressing @citycouncilbham. @Birmingham City Council https://www.instagram.com/p/BQf7IXwB_Yt/","","@citycouncilbham @Birmingham","","831541443953098755","https://twitter.com/UncleIva/status/831541443953098755"
"blakeells","2017-02-14 04:15","0","0","yeah it's this show called The Wall on NBC. Totally just New, Fancy Plinko","","","","831356272196853761","https://twitter.com/blakeells/status/831356272196853761"
"blakeells","2017-02-12 17:52","0","7","It's time for the Super Bowl of music, gang, and anytime it's the Super Bowl of something it's time for my favorite thing: dip buffet.","","","","830837059451547649","https://twitter.com/blakeells/status/830837059451547649"
"ApgDada","2017-02-12 17:00","0","0","Every time we pull upwe on some #GAng shit #Apg @Birmngham Marriott https://www.instagram.com/p/BQa03NhlsAK/","","@Birmngham","#GAng #Apg","830823979137040389","https://twitter.com/ApgDada/status/830823979137040389"
"T4Vista","2017-02-12 14:57","0","0","A #dayTrip to #alabama #warEagle #auburn @auburntigers @Alabama / Georgia Border Line https://www.instagram.com/p/BQamugegI8z/","","@auburntigers @Alabama","#dayTrip #alabama #warEagle #auburn","830792888258797568","https://twitter.com/T4Vista/status/830792888258797568"
"acfreeman","2017-02-12 00:31","0","0","Idk if you've seen the writing on the wall, but she's mine for the taking. #StepSing https://www.instagram.com/p/BQZDnIylt9b/","","","#StepSing","830574936171360256","https://twitter.com/acfreeman/status/830574936171360256"
"LegiScanAL","2017-02-11 19:16","0","0","SB119 [NEW] Expungement of criminal records, authorized for youthful offenders, Sec. 15-27-2.1 added http://bitly.com/WtaNCg","","","","830495683224416257","https://twitter.com/LegiScanAL/status/830495683224416257"
"Captain_Strongo","2017-02-11 19:09","0","0","I support the theory of asset forfeiture for drug traffickers, mobsters, and white collar thieves. But we need better protections and better https://twitter.com/TimCushing/status/830483030351413249 ","","","","830493948326060038","https://twitter.com/Captain_Strongo/status/830493948326060038"
"LegiScanAL","2017-02-11 04:16","0","0","SB154 [NEW] Schedule I controlled substances, Fentanyl and Fentanyl analogues included, criminal penalties for tr... http://bitly.com/YTcIP8","","","","830269136181874689","https://twitter.com/LegiScanAL/status/830269136181874689"
"blakeells","2017-02-11 00:34","2","3","Politics aside, the man seventh in line for the presidency once wore a hat that said, ""Make Mexico Great Again Also.""","","","","830213313283895296","https://twitter.com/blakeells/status/830213313283895296"
"blakeells","2017-02-11 00:29","1","2","""Closing the door guys. Gonna get loose and make Mexico great again also.""","","","","830212190191902720","https://twitter.com/blakeells/status/830212190191902720"
"monaicac","2017-02-10 17:47","0","0","My name is on the wall of tolerance. @Civil Rights Memorial https://www.instagram.com/p/BQVwnd8AeHq3mt1xVj9dVIXLik_SzMPMETYQaE0/ ","","@Civil","","830110964632662016","https://twitter.com/monaicac/status/830110964632662016"
"blakeells","2017-02-10 17:30","0","3","gang I'm pretty sure they are on the website Matt works at","","","","830106715492319234","https://twitter.com/blakeells/status/830106715492319234"
"Filmatelist","2017-02-10 14:42","0","0","Texture wall, part of interactive art wing @Montgomery Museum of Fine Arts https://www.instagram.com/p/BQVbaKmD33F/","","@Montgomery","","830064311603179520","https://twitter.com/Filmatelist/status/830064311603179520"
"LegiScanAL","2017-02-10 05:16","0","1","HB170 [NEW] Pharmacy, State Board of, inspectors renamed investigators, maximum fees increased, frequency of drug... http://bitly.com/YEOmZx","","","","829921999279398913","https://twitter.com/LegiScanAL/status/829921999279398913"
"LegiScanAL","2017-02-10 02:56","0","1","HB173 [NEW] Law enforcement officers, unlawful to pull or draw a firearm or other deadly weapon upon, criminal pe... http://bitly.com/YF4om4","","","","829886856066166786","https://twitter.com/LegiScanAL/status/829886856066166786"
"Captain_Strongo","2017-02-09 19:52","0","0","Remember how Trump supporters said not to vote for Rubio because of the Gang of 8 bill? https://twitter.com/seungminkim/status/829777536976617472 ","","","","829780008206004224","https://twitter.com/Captain_Strongo/status/829780008206004224"
"Captain_Strongo","2017-02-09 02:12","0","0","No, he voted against it as a protest because his safeguards to prevent it from being used to skirt immigration laws were rejected.","","","","829513289705148418","https://twitter.com/Captain_Strongo/status/829513289705148418"
"Captain_Strongo","2017-02-08 20:35","0","0","@seanmdav @AmyAHarder I thought reinstating the Mexico City rule would be more popular.","","@seanmdav @AmyAHarder","","829428376322596864","https://twitter.com/Captain_Strongo/status/829428376322596864"
"TGPChurch","2017-02-08 19:13","0","2","In the back of our offices here at TGP, we have the number 10,000 painted on the wall, for our https://www.instagram.com/p/BQQw0o8DlS2/","","","","829407714682032129","https://twitter.com/TGPChurch/status/829407714682032129"
"LegiScanAL","2017-02-08 07:46","0","0","HB141 [NEW] Criminal procedure, to prohibit release of records of persons eligible for youthful offender status, ... http://bitly.com/Wt6t61","","","","829234929166860290","https://twitter.com/LegiScanAL/status/829234929166860290"
"LegiScanAL","2017-02-08 04:36","0","0","HB142 [NEW] Criminal procedure, law enforcement agencies, parental consent required to use minor as a confidentia... http://bitly.com/YBWvhp","","","","829187222075219968","https://twitter.com/LegiScanAL/status/829187222075219968"
"mlimongarza","2017-02-07 21:22","0","0","Taking this as a sign. #mexico @Southwest Airlines at BHM https://www.instagram.com/p/BQOazsdA--iAXW7LQKJ-XAyUeDKtiPw1TMBmhc0/ ","","@Southwest","#mexico","829077829342068739","https://twitter.com/mlimongarza/status/829077829342068739"
"blakeells","2017-02-06 20:42","0","2","The ratings are in, gang, and the Super Bowl is still quite popular!","","","","828705573063491586","https://twitter.com/blakeells/status/828705573063491586"
"RoderickSavage","2017-02-06 20:12","0","0","Love is a hell of a drug, but it still don't rule out my addiction to lust @Columbus, Georgia https://www.instagram.com/p/BQLuE0cBwlE/","","@Columbus","","828697983193485312","https://twitter.com/RoderickSavage/status/828697983193485312"
"Captain_Strongo","2017-02-06 19:36","0","0","@FoxBusiness The immigration EO is a good example. Horrible policy, but probably within the bounds of the law.","","@FoxBusiness","","828688957458227200","https://twitter.com/Captain_Strongo/status/828688957458227200"
"VaidosoDeCoura","2017-02-05 20:01","0","0","We are done for the day.... Manny 0 Wall 1 #lol #teamrichierichfromthewaitlist #24hoursoflemons https://www.instagram.com/p/BQJIASmA9sw/","","","#lol #teamrichierichfromthewaitlist #24hoursoflemons","828332789732954112","https://twitter.com/VaidosoDeCoura/status/828332789732954112"
"ls4man","2017-02-05 06:00","0","0","Make America Great Again! Trump supporters check out my shop today and support small business! https://www.instagram.com/p/BQHnv6hjA2g/","","","","828121120415051776","https://twitter.com/ls4man/status/828121120415051776"
"blakeells","2017-02-05 04:07","0","6","This is like saying it is controversial to order the lemonade at Toomer's Drug, the thing you do at Toomer's Drug. https://twitter.com/LShute13/status/828091438424588289 ","","","","828092575898882048","https://twitter.com/blakeells/status/828092575898882048"
"8Chinny","2017-02-04 14:02","0","1","Because college students need a 20ft rock climbing wall in the pool.... #wareagle @Auburn https://www.instagram.com/p/BQF6DiXj4yG/","","@Auburn","#wareagle","827879904280711168","https://twitter.com/8Chinny/status/827879904280711168"
"Madi_Holmes","2017-02-04 06:39","0","0","As I was doing work in the computer lab tonight I saw this control panel on the wall. I have no https://www.instagram.com/p/BQFHYWcFOR5/","","","","827768473589776385","https://twitter.com/Madi_Holmes/status/827768473589776385"
"AlyM820","2017-02-04 00:35","0","0","Date night with my boy! #BeauMan (@Mexico Lindo in Oxford, AL) https://www.swarmapp.com/c/cyAUJNloh2L pic.twitter.com/3HZljbdXT1","","@Mexico","#BeauMan","827677023900467200","https://twitter.com/AlyM820/status/827677023900467200"
"CarolineHare","2017-02-03 18:21","0","0","Planning Oakwood Camp 2017 with this gang! #lifegoals So pumped! @First United Methodist Church https://www.instagram.com/p/BQDy_XzlAJV/","","@First","#lifegoals","827582904830193666","https://twitter.com/CarolineHare/status/827582904830193666"
"fredericlecut","2017-02-03 18:11","0","0","Greek Carole sepia this morning. The lower border #mosaic #eyes #mosaiceyes #portrait http://ln.is/www.instagram.com/p/7eXyL ","","","#mosaic #eyes #mosaiceyes #portrait","827580394421776384","https://twitter.com/fredericlecut/status/827580394421776384"
"Captain_Strongo","2017-02-03 05:14","0","0","Are criminal acts considered part of determining lack of institutional control?","","","","827384703472726017","https://twitter.com/Captain_Strongo/status/827384703472726017"
"YouGotRossed","2017-02-03 04:54","0","0","We made the wall! Thank you to terrificnewtheatre & @socialmediabham for a great #birthdayweek https://www.instagram.com/p/BQCWjWJD-uk/","","@socialmediabham","#birthdayweek","827379623931441154","https://twitter.com/YouGotRossed/status/827379623931441154"
"fredericlecut","2017-02-02 19:36","0","0","Progressing on Greek Carole sepia. Detail of a Greek border. #MOSAIC #eyes #mosaiceyes #portrait http://ln.is/www.instagram.com/p/is7aA ","","","#MOSAIC #eyes #mosaiceyes #portrait","827239186142994433","https://twitter.com/fredericlecut/status/827239186142994433"
"Captain_Strongo","2017-02-02 02:11","0","0","Or maybe this is how we should interpret Trumps statement to Mexico: as being fake. https://twitter.com/SalHernandez/status/826942675978899456 ","","","","826976240804491266","https://twitter.com/Captain_Strongo/status/826976240804491266"
"CDispatch","2017-02-01 17:30","0","0","City, county to re-form drug task force http://dlvr.it/NGCkD7","","","","826845094883962880","https://twitter.com/CDispatch/status/826845094883962880"
"MissezCherry","2017-02-01 09:34","0","0","Learning the most off the wall shit on #EnigmaTV but the shit makes sense how tf gargoyles and https://www.instagram.com/p/BP9tCfQFmbr/","","","#EnigmaTV","826725384347598848","https://twitter.com/MissezCherry/status/826725384347598848"
"jaimesallison","2017-01-31 11:59","1","2","These are my Jazz peeps and this marks 1 year of them kicking my butt. Coco drug me kicking and https://www.instagram.com/p/BP7YmY4DD7_/","","","","826399425715134464","https://twitter.com/jaimesallison/status/826399425715134464"
"McLemoreSam","2017-01-31 02:25","0","0","End wall construction, driving a post with an electric jackhammer hooked powered with a https://www.instagram.com/p/BP6XLn8hFuE/","","","","826255118156705792","https://twitter.com/McLemoreSam/status/826255118156705792"
"JOtwellDesign","2017-01-30 04:07","0","0","Love a good plant wall! @Birmingham-Shuttlesworth International Airport https://www.instagram.com/p/BP3-DiuBDq8/","","@Birmingham","","825918377231151106","https://twitter.com/JOtwellDesign/status/825918377231151106"
"blakeells","2017-01-30 04:04","0","5","Wall Street Journal. You were heard.","","","","825917646814191616","https://twitter.com/blakeells/status/825917646814191616"
"heyyitschloe3","2017-01-29 18:07","1","1","Gang @Bull Pen Steakhouse & BBQ at Old York Farms https://www.instagram.com/p/BP25VPilvIt/","","@Bull","","825767268713914372","https://twitter.com/heyyitschloe3/status/825767268713914372"
"djdduffel","2017-01-29 17:04","0","0","Make America Great Again #thisway @85 South https://www.instagram.com/p/BP2yHc0BMnl/","","@85","#thisway","825751383559188482","https://twitter.com/djdduffel/status/825751383559188482"
"evilangel0321","2017-01-29 16:58","0","0","Just posted a photo @Alabama / Georgia Border Line https://www.instagram.com/p/BP2xceTDo9X/","","@Alabama","","825749906019217408","https://twitter.com/evilangel0321/status/825749906019217408"
"Captain_Strongo","2017-01-28 23:09","0","0","@TPM Thats from over a year ago, though. He was probably talking about when Trump proposed a genuine ban on Muslim immigration.","","@TPM","","825481070703419392","https://twitter.com/Captain_Strongo/status/825481070703419392"
"run30challenge","2017-01-28 19:05","1","0","Race 3 is now done and I ran for Mexico today alongside my friend Rob from the USA. We share a https://www.instagram.com/p/BP0bLaEgGkE/","","","","825419474887122944","https://twitter.com/run30challenge/status/825419474887122944"
"joewooley","2017-01-28 16:24","0","0","Alot of interval work for CrossFit open prep. Handstand push-ups and wall balls. Lightweight https://www.instagram.com/p/BP0I0hel_BT/","","","","825379107127058432","https://twitter.com/joewooley/status/825379107127058432"
"davebarnhart","2017-01-28 16:07","0","0","Press conference on immigration @Kelly Ingram Park https://www.instagram.com/p/BP0G2MDgv5N/","","@Kelly","","825374758279725057","https://twitter.com/davebarnhart/status/825374758279725057"
"Captain_Strongo","2017-01-27 18:11","0","0","I guessed as much, but money from whom? The drug companies? Planned Parenthood?","","","","825043468049330178","https://twitter.com/Captain_Strongo/status/825043468049330178"
"lyndsay_payne","2017-01-27 17:30","0","1","Mexican on a Thursday never hurt nobody @The Border Bar & Grill https://www.instagram.com/p/BPxrmCwgVxC/","","@The","","825033352583475202","https://twitter.com/lyndsay_payne/status/825033352583475202"
"Entail2","2017-01-27 00:47","0","0","mgorbachev all different #shapes #forms & #sizes of build a wall lovemychina great bridge or not https://www.instagram.com/p/BPv4wC2hyBO/","","","#shapes #forms #sizes","824780810645483521","https://twitter.com/Entail2/status/824780810645483521"
"blakeells","2017-01-26 17:40","0","4","But good for him for Making Mexico Great Again Also.","","","","824673278446960640","https://twitter.com/blakeells/status/824673278446960640"
"blakeells","2017-01-26 17:11","0","2","Starting to look like they may not pay for the wall. https://twitter.com/EPN/status/824660333964824576 ","","","","824666155960954881","https://twitter.com/blakeells/status/824666155960954881"
"karlahead17","2017-01-26 16:38","0","0","In the right state finally. 1st time in #mississippi @Mississipi/Alabama Border https://www.instagram.com/p/BPvAz8PA2hJ/","","@Mississipi","#mississippi","824657795542904832","https://twitter.com/karlahead17/status/824657795542904832"
"blakeells","2017-01-26 04:58","0","7","idk maybe give the $4-$40 billion wall building bucks to the people that lost the manufacturing jobs","","","","824481676751499264","https://twitter.com/blakeells/status/824481676751499264"
"KappaAlpha_UWG","2017-01-26 02:11","0","3","The Drug and Alcohol Awareness event was a success. Thanks to all that came tonight. @ https://www.instagram.com/p/BPtdl9qAO43/","","@","","824439618141622272","https://twitter.com/KappaAlpha_UWG/status/824439618141622272"
"JakeHolsonback","2017-01-26 01:29","1","1","On the wall || _/ \_ @Montgomery Riverwalk Stadium https://www.instagram.com/p/BPtYx77gt6P/","","@Montgomery","","824429029331705856","https://twitter.com/JakeHolsonback/status/824429029331705856"
"blakeells","2017-01-25 20:32","0","3","Gang, I think it's just nice to have a topic on the web that isn't about the apocalypse. Having a chit chat.","","","","824354202247974922","https://twitter.com/blakeells/status/824354202247974922"
"SpectraCare","2017-01-25 18:08","0","0","Drug Use and Mental Health Problems Often Happen Together. http://crwd.fr/2j13S6n #NDAFW #drugs https://www.instagram.com/p/BPsmSwBDZET/","","","#NDAFW #drugs","824318011129663492","https://twitter.com/SpectraCare/status/824318011129663492"
"blakeells","2017-01-25 17:56","2","0","""Hey, thanks for fronting us the cash. Let me just add a couple of commas here and we'll be set!"" - Mexico, reimbursing the U.S. for a wall.","","","","824315128598429703","https://twitter.com/blakeells/status/824315128598429703"
"SenCamWard","2017-01-25 17:05","1","4","Presiding at Joint Judiciary Committee meeting today on criminal justice system in AL. Extensive https://www.instagram.com/p/BPsfJjtj-rH/","","","","824302301242425344","https://twitter.com/SenCamWard/status/824302301242425344"
"Captain_Strongo","2017-01-25 15:53","0","1","@New_Narrative Im sure others have pointed this out, but the wall was authorized by Congress during the Bush Administration.","","@New_Narrative","","824283950109655040","https://twitter.com/Captain_Strongo/status/824283950109655040"
"party_annamal","2017-01-25 02:58","0","0","gang K.A.T. @it again @Crowne Hookah Restaurant & Lounge https://www.instagram.com/p/BPq-NPOjToMsev7T-F2qZfX-xrpbk2w5wq0ER40/ ","","@it @Crowne","","824089123954786306","https://twitter.com/party_annamal/status/824089123954786306"
"Captain_Strongo","2017-01-24 23:34","0","1","What did Nikki Haley ever do to New Mexico? https://twitter.com/DecisionDeskHQ/status/824032632623144960 ","","","","824037593981603840","https://twitter.com/Captain_Strongo/status/824037593981603840"
"SpectraCare","2017-01-24 17:26","0","0","Join NIDA for the tenth annual DRUGS and ALCOHOL CHAT DAY to be held during National Drug and https://www.instagram.com/p/BPp8tthjBY5/","","","","823945101709836288","https://twitter.com/SpectraCare/status/823945101709836288"
"Captain_Strongo","2017-01-24 16:50","0","0","Instead, the immigration ones are specific policy choices that are of questionable legality because they are so broad.","","","","823936022442639363","https://twitter.com/Captain_Strongo/status/823936022442639363"
"fredericlecut","2017-01-24 05:56","0","0","2017 will be the year of #opuspixellatum. .. Draft of a Greek Carole. With meander border http://ln.is/www.instagram.com/p/P3xA9 ","","","#opuspixellatum","823771409038118913","https://twitter.com/fredericlecut/status/823771409038118913"
"Heartbrk_kid93","2017-01-21 18:11","0","0","This is my Second home now but im forever Mississippi @AL/GA Border https://www.instagram.com/p/BPiThQogKLKJbHMjJYyhl89EOTlKg_vjMtjPsE0/ ","","@AL","","822869349480497152","https://twitter.com/Heartbrk_kid93/status/822869349480497152"
"Captain_Strongo","2017-01-21 15:46","0","0","This is the last I've seen about criminal charges: https://twitter.com/Jacobnbc/status/822593038623145985 ","","","","822832694010777600","https://twitter.com/Captain_Strongo/status/822832694010777600"
"Captain_Strongo","2017-01-21 15:37","0","0","@connor_mighell I don't think rioting is a felony under the D.C. Criminal Code.","","@connor_mighell","","822830611551440896","https://twitter.com/Captain_Strongo/status/822830611551440896"
"asouthernmamie","2017-01-20 15:48","0","0","Make America Great Again #maga #inauguration2017 #redwhiteandblue #starsandstripes https://www.instagram.com/p/BPfeReDhbvU/","","","#maga #inauguration2017 #redwhiteandblue #starsandstripes","822470788028600321","https://twitter.com/asouthernmamie/status/822470788028600321"
"Captain_Strongo","2017-01-20 15:33","0","0","@NRO I'm sure he would've kept doing so, especially on immigration, were it not for 9/11.","","@NRO","","822467173193052161","https://twitter.com/Captain_Strongo/status/822467173193052161"
"Heartbrk_kid93","2017-01-20 13:52","0","0","Im on dat MISSISSIPPI soil now wat it dew @Mississipi/Alabama Border https://www.instagram.com/p/BPfRFUbgaRYpwR9cSe2rzWRaAp4tolc4iWtVD00/ ","","@Mississipi","","822441783682535424","https://twitter.com/Heartbrk_kid93/status/822441783682535424"
"sadoh2004","2017-01-20 13:35","0","0","It's... January... @Alabama / Georgia Border Line https://www.instagram.com/p/BPfPF_5D_mUdNzN69-5EdVgLG7MShziLky4x880/ ","","@Alabama","","822437407060611077","https://twitter.com/sadoh2004/status/822437407060611077"
"mychelle3","2017-01-20 04:18","0","0","The @radiohead sticker on the wall at Paramount is a sure sign we're getting tickets tomorrow https://www.instagram.com/p/BPePUobDhVs/","","@radiohead","","822297173652029440","https://twitter.com/mychelle3/status/822297173652029440"
