"username","date","retweets","favorites","text","geo","mentions","hashtags","id","permalink"
"GetBackInc","2017-04-19 20:05","0","0","Pair of Vintage Industrial Milk Glass O.C. White Wall Task Lamps, Lights Edison #milkglass https://www.instagram.com/p/BTFGfV1FQ8n/","","","#milkglass","854788114056962049","https://twitter.com/GetBackInc/status/854788114056962049"
"MR8DONRIKOCZAE","2017-04-17 00:51","0","0","@Oprah HAD TOO SEE IT PT A7 ~~MEXICO CITY , MEXICO pic.twitter.com/TF53qMgaoD","","@Oprah","","853772765584920577","https://twitter.com/MR8DONRIKOCZAE/status/853772765584920577"
"TDWTravelBlog","2017-04-16 12:53","0","0","Happy Easter from the wall! #americanambulanceservice #norwichct #sundaymorning @American https://www.instagram.com/p/BS8moXmjLqT/","","@American","#americanambulanceservice #norwichct #sundaymorning","853592149111308288","https://twitter.com/TDWTravelBlog/status/853592149111308288"
"giftstreetwear","2017-04-15 20:02","0","0","New! Retired Drug Dealer Snaps is now in store & online. http://Www.Giftstreetwear.com Call for the https://www.instagram.com/p/BS6y_F6he2X/","","","","853337848400855040","https://twitter.com/giftstreetwear/status/853337848400855040"
"Derek_Bugman","2017-04-15 17:29","0","2","Doing this wall challenge _alfred_scott did! #bugman #anw #anw9 #americanninjawarrior https://www.instagram.com/p/BS6hew8l8hd/","","","#bugman #anw #anw9 #americanninjawarrior","853299357482921984","https://twitter.com/Derek_Bugman/status/853299357482921984"
"DaveBrz","2017-04-14 21:37","0","0","I'm at Massachusetts/Connecticut Border I91 in Longmeadow, MA https://www.swarmapp.com/c/37bJyAqfppi","","","","852999378176495616","https://twitter.com/DaveBrz/status/852999378176495616"
"georgeson1992","2017-04-13 18:23","0","0","Immigration math and rally for Education NOT Deportation! #CSCUSpeaks (@Connecticut State Capitol in Hartford, CT) https://www.swarmapp.com/c/3FaHwzGm7mW","","@Connecticut","#CSCUSpeaks","852588157778485248","https://twitter.com/georgeson1992/status/852588157778485248"
"alvinrobertson0","2017-04-13 17:21","0","0","South east side Curtin wall almost complete, its called working your self out of a job @New https://www.instagram.com/p/BS1W-rLBhEJ/","","@New","","852572570767335425","https://twitter.com/alvinrobertson0/status/852572570767335425"
"ThomasMachColor","2017-04-13 09:53","0","0","A stunning wall using Weatherwood Stains. #weatherwood #weatherwoodstains #reclaimedwood https://www.instagram.com/p/BS0jpAygvl0/","","","#weatherwood #weatherwoodstains #reclaimedwood","852459673307553792","https://twitter.com/ThomasMachColor/status/852459673307553792"
"OneHunitt","2017-04-12 18:55","2","2","EVERYBODY STOP WHAT YOU DOIN AND GO FOLLOW GANG NEW PAGE  https://www.instagram.com/p/BSy85tljFKY8of9UE2gvLPNSLh7DH-crE-dhpE0/ ","","","","852233750197002240","https://twitter.com/OneHunitt/status/852233750197002240"
"Lynch68","2017-04-10 17:15","0","0","#openingday #nyy #homeopener #naples #chilidog #tradition #yankees #yale @Wall Street Pizza & https://www.instagram.com/p/BStn0NYFXcW/","","@Wall","#openingday #nyy #homeopener #naples #chilidog #tradition #yankees #yale","851483702832111617","https://twitter.com/Lynch68/status/851483702832111617"
"phillip_beatty","2017-04-10 14:32","1","2","A little bit of Mexico in Hartford. I love this place! Come check it out , great food to hold https://www.instagram.com/p/BStVNKrFn46/","","","","851442774788407296","https://twitter.com/phillip_beatty/status/851442774788407296"
"mohamedahmed754","2017-04-09 17:38","0","0","I got shooters in the streets #paintballing #gang @Hogan's Alley https://www.instagram.com/p/BSrFrgVhypLMMyU9gr-WO3NoGm6bhznN3H0nPU0/ ","","@Hogan","#paintballing #gang","851127156432281600","https://twitter.com/mohamedahmed754/status/851127156432281600"
"VitoBonannoArt","2017-04-07 03:35","0","0","#Throwback --> 2014 in my old studio making an awesome gallery wall of my work. I recently moved https://www.instagram.com/p/BSkbrHnhAri/","","","#Throwback","850190357706850304","https://twitter.com/VitoBonannoArt/status/850190357706850304"
"vca_art","2017-04-07 02:00","0","0","The making of the Great Wall - part 2! #bam #amazing #artforthesoul #villagecenterarts @ https://www.instagram.com/p/BSkQt-jD5Oi/","","@","#bam #amazing #artforthesoul #villagecenterarts","850166263934484481","https://twitter.com/vca_art/status/850166263934484481"
"vca_art","2017-04-06 21:35","0","0","The making of the Great Wall of China! Only at VCA!!! #homeworkiscoolnow #newmilford https://www.instagram.com/p/BSjyc2cDdwH/","","","#homeworkiscoolnow #newmilford","850099704541175809","https://twitter.com/vca_art/status/850099704541175809"
"georgeson1992","2017-04-05 00:17","0","0","Student led panel on immigration detention #NoBanNoWall #HeretoStay (@University of Connecticut School of Law) https://www.swarmapp.com/c/fm2X9ZXF4r6","","@University","#NoBanNoWall #HeretoStay","849415574123945985","https://twitter.com/georgeson1992/status/849415574123945985"
"alvinrobertson0","2017-04-03 17:24","0","0","North wall finished @New Haven Towers Connecticut https://www.instagram.com/p/BSbnVEyhK0Z/","","@New","","848949350965288960","https://twitter.com/alvinrobertson0/status/848949350965288960"
"MountainDairy","2017-04-03 01:05","0","0","New woodchuck hole right in the base of a wall, bugger! @Mountain Dairy https://www.instagram.com/p/BSZ3SoDltxG/","","@Mountain","","848702978676666368","https://twitter.com/MountainDairy/status/848702978676666368"
"FABallentineJr","2017-04-02 15:11","0","0","Finally made it up here @Great Wall Restaurant https://www.instagram.com/p/BSYzVdZjmIX/","","@Great","","848553539731324928","https://twitter.com/FABallentineJr/status/848553539731324928"
"vca_art","2017-04-02 00:33","0","0","Yup! We have a splat wall ONLY at VCA! I LOVE the look on the kids faces when I tell them they https://www.instagram.com/p/BSXOzt8jr5K/","","","","848332479626964992","https://twitter.com/vca_art/status/848332479626964992"
"rolynn123","2017-04-01 22:39","0","0","Back with the gang. (@Max a Mia - @maxrestgroup in Avon, CT) https://www.swarmapp.com/c/iA19uYY7Jo9","","@Max @maxrestgroup","","848303761491718144","https://twitter.com/rolynn123/status/848303761491718144"
"Lilycornielle","2017-03-30 16:44","0","1","Gratitude wall at school! What are you thankful for? https://www.instagram.com/p/BSRPkndBo0m1YLM8ypCdab5WbSw1-QBLtcPAFA0/ ","","","","847489732653101056","https://twitter.com/Lilycornielle/status/847489732653101056"
"StefYapping","2017-03-29 23:36","0","0","Just got a haircut. :) Saw this on the wall #beautiful #quote @Home Salon and Spa https://www.instagram.com/p/BSPZ98WBWBw/","","@Home","#beautiful #quote","847231116176011264","https://twitter.com/StefYapping/status/847231116176011264"
"georgeson1992","2017-03-29 22:09","0","0","Governor Malloy immigration reform press conference with Mayor Bronin and New Haven... https://www.swarmapp.com/c/hfDGMgUcWwo pic.twitter.com/C9cG34R9MU","","","","847209064056705025","https://twitter.com/georgeson1992/status/847209064056705025"
"marlenebonita","2017-03-29 19:06","0","0","Lunch time! @On The Border Mexican Grill & Cantina https://www.instagram.com/p/BSO7A6MDBLI/","","@On","","847163053640728576","https://twitter.com/marlenebonita/status/847163053640728576"
"georgeson1992","2017-03-29 16:06","0","0","Immigration reform press conference with Governor Malloy, Mayor Bronin and New Haven Mayor Toni Harp #HeretoStay https://www.swarmapp.com/c/3nVT0vpnZTD","","","#HeretoStay","847117847998447616","https://twitter.com/georgeson1992/status/847117847998447616"
"georgeson1992","2017-03-29 01:59","0","0","Learned at the immigration panel today that the Trump administration is actually deporting Puerto Ricans to... https://www.swarmapp.com/c/keoFWrqnaVI","","","","846904555979755520","https://twitter.com/georgeson1992/status/846904555979755520"
"georgeson1992","2017-03-28 22:18","0","1","Real Impact of immigration reform panel discussion #LoveTrumpsHate (@University of Connecticut School of Law) https://www.swarmapp.com/c/09Mz6qTyYjL","","@University","#LoveTrumpsHate","846849004935806977","https://twitter.com/georgeson1992/status/846849004935806977"
"jayoung1892","2017-03-28 22:13","0","0","Dreaming in today's America. The REAL impact of immigration reform panel discussion https://www.instagram.com/p/BSMrqDqhYl-/","","","","846847805654155264","https://twitter.com/jayoung1892/status/846847805654155264"
"georgeson1992","2017-03-28 22:11","0","0","CT Students for a Dream panel discussion. The real impact of immigration reform.... https://www.swarmapp.com/c/k5jxdaGZ1J2 pic.twitter.com/cnf0C5lM8p","","","","846847117104697344","https://twitter.com/georgeson1992/status/846847117104697344"
"georgeson1992","2017-03-28 22:09","0","0","Dreaming in today's America. Real Impact of immigration reform panel discussion (at @uconnlaw in Hartford, CT) https://www.swarmapp.com/c/h6iPR2rOKIR","","@uconnlaw","","846846770487476226","https://twitter.com/georgeson1992/status/846846770487476226"
"_YoungMelz","2017-03-27 19:29","0","1","I'm on that type of time Get ya Gun and Get ya Gang #wate #700 #gfl #lilbibby #showcase @Camps https://www.instagram.com/p/BSJ0EMlBlUl/","","@Camps","#wate #700 #gfl #lilbibby #showcase","846444088228429824","https://twitter.com/_YoungMelz/status/846444088228429824"
"SeaTeaImprov","2017-03-25 23:40","0","0","The Be Who You Are Gang! @Sea Tea Comedy Theater https://www.instagram.com/p/BSFHP-GhBZo/","","@Sea","","845782580012056577","https://twitter.com/SeaTeaImprov/status/845782580012056577"
"SeaTeaImprov","2017-03-25 23:40","0","0","The Be Who You Are Gang! @Sea Tea Comedy Theater https://www.instagram.com/p/BSFHP9DhPEj/","","@Sea","","845782578678267904","https://twitter.com/SeaTeaImprov/status/845782578678267904"
"the_posh_pear","2017-03-25 15:23","0","2","Simple ironstone lid just hanging on the wall. Hang a few together and it makes a beautiful https://www.instagram.com/p/BSEOT2nh-DS/","","","","845657369677709314","https://twitter.com/the_posh_pear/status/845657369677709314"
"brookiebabbling","2017-03-24 19:29","0","0","single double triple creep #hotf #historyofthefuture #onthesubjectofcookies @Hole in the Wall https://www.instagram.com/p/BSCFueVAEc8/","","@Hole","#hotf #historyofthefuture #onthesubjectofcookies","845357022602235904","https://twitter.com/brookiebabbling/status/845357022602235904"
"Derek_Bugman","2017-03-24 17:53","0","0","Two of my favorite obstacles. Warped wall and the rings! Jumped past the wall and grabbed the https://www.instagram.com/p/BSB6u-7hGWv/","","","","845332847355310080","https://twitter.com/Derek_Bugman/status/845332847355310080"
"rolynn123","2017-03-22 13:43","0","0","Brrrrr. Back to last month!! When does this end ?? Do we build a wall along the Canadian border?? https://www.swarmapp.com/c/0sbzGpXw0GT","","","","844545060175794178","https://twitter.com/rolynn123/status/844545060175794178"
"chrisgross73","2017-03-18 12:51","0","0","Found on the ""art wall"" at my old high school. I think this generation is doing just fine. #art https://www.instagram.com/p/BRx7WqOgNrV/","","","#art","843082406517202944","https://twitter.com/chrisgross73/status/843082406517202944"
"LegiScanCT","2017-03-16 07:16","0","0","SB01039 [NEW] An Act Concerning Criminal Liability In The Case Of Drug Overdose Deaths, Increasing The Penalty Fo... http://bitly.com/XdOe4M","","","","842273399196012544","https://twitter.com/LegiScanCT/status/842273399196012544"
"LegiScanCT","2017-03-16 02:06","0","0","HB07292 [NEW] An Act Concerning The Classification Of Drugs And Creating Drug Dealer Civil Liability. http://bitly.com/2m2gnjy","","","","842195282305654784","https://twitter.com/LegiScanCT/status/842195282305654784"
"dsabrams15","2017-03-15 21:13","0","0","I need a cross-stitch for my wall that says ""Hone is where your cats creepily watch you use the https://www.instagram.com/p/BRrGYMqBuBG/","","","","842121487641276416","https://twitter.com/dsabrams15/status/842121487641276416"
"LegiScanCT","2017-03-14 16:36","0","0","SB01022 [NEW] An Act Establishing A Pilot Program To Provide Enhanced Community Services To Those In The Criminal... http://bitly.com/ZEqZj9","","","","841689616528883712","https://twitter.com/LegiScanCT/status/841689616528883712"
"Shannlong","2017-03-14 15:00","0","0","Ok, Internet, help us pick a bedroom wall color! They look different in every light and it's https://www.instagram.com/p/BRn2525jg4j/","","","","841665249522679808","https://twitter.com/Shannlong/status/841665249522679808"
"LegiScanCT","2017-03-14 12:46","0","0","SB01024 [NEW] An Act Establishing A Task Force To Evaluate Criminal Statutes Of Limitations. http://bitly.com/XcZkHg","","","","841631510302203904","https://twitter.com/LegiScanCT/status/841631510302203904"
"Vhenny1","2017-03-12 21:13","0","0","H being silly ""Make America great!"" @New Haven, Connecticut https://www.instagram.com/p/BRjYBRYhRPp/","","@New","","841034387168796672","https://twitter.com/Vhenny1/status/841034387168796672"
"CTTrailers","2017-03-12 15:22","0","0","Last day of the Frank Maratta Auto and Race A Rama show! Find our booth on the back wall - you https://www.instagram.com/p/BRiv1xUBlR0/","","","","840946027754536961","https://twitter.com/CTTrailers/status/840946027754536961"
"jay_heath33","2017-03-11 22:08","0","2","Standing in front of a Kevin Durant wall poster testing my height. Damn I'm short lol. https://www.instagram.com/p/BRg5k2tAK5K/","","","","840685959662432256","https://twitter.com/jay_heath33/status/840685959662432256"
"CyrilMay1","2017-03-10 03:42","0","0","WALL OF WIZARDS Magician Bryan Lizotte lines the wall of his Shelton, CT restaurant, The Magic https://www.instagram.com/p/BRcWNnYgyvk/","","","","840045246302060545","https://twitter.com/CyrilMay1/status/840045246302060545"
"vitruvianwelln1","2017-03-09 23:22","0","0","Finished building our new desks and privacy wall today!! #sograteful https://www.instagram.com/p/BRb4cUzj91o/","","","#sograteful","839979789511450624","https://twitter.com/vitruvianwelln1/status/839979789511450624"
"LegiScanCT","2017-03-09 03:06","0","0","SB01003 [NEW] An Act Concerning Revisions To Various Statutes Concerning The Criminal Justice System. http://bitly.com/X9ALex","","","","839673700068753408","https://twitter.com/LegiScanCT/status/839673700068753408"
"LegiScanCT","2017-03-09 02:26","0","0","HB07256 [NEW] An Act Concerning Revisions To Certain Criminal Justice Statutes And The Reporting Of The Death Of... http://bitly.com/2mDtSVJ","","","","839663600272826371","https://twitter.com/LegiScanCT/status/839663600272826371"
"HebronRT_CSP","2017-03-07 23:12","0","0","Future home of a drug drop off site for prescription medication that https://www.instagram.com/p/BRWtq8Rj5ZwvBwSJWcBdoB4YQ3F5szBQTqU8fg0/ ","","","","839252404994473984","https://twitter.com/HebronRT_CSP/status/839252404994473984"
"amarettosaurus","2017-03-06 22:10","0","0","The gang playing Cards Against Humanity #masseffect #femshep #garrusvakarian #thanekrios https://www.instagram.com/p/BRUB1dzhwPq/","","","#masseffect #femshep #garrusvakarian #thanekrios","838874536632164352","https://twitter.com/amarettosaurus/status/838874536632164352"
"seanrude","2017-03-05 17:42","0","0","Drinking a Julius by @treehousebrewco @Sea wall  http://untp.beer/s/c424778051 #photo","","@treehousebrewco @Sea","#photo","838444729809448961","https://twitter.com/seanrude/status/838444729809448961"
"AliceAPatriot","2017-03-02 20:04","0","1","RT @mikeroweworks: If you really want to make America great again, you gotta make work cool again."" @farland524 pic.twitter.com/3mVHM6f5uN""","","@mikeroweworks @farland524","","837393228034945024","https://twitter.com/AliceAPatriot/status/837393228034945024"
"georgeson1992","2017-03-02 17:31","0","0","Immigration panel! It's so packed it had to be moved to a different room https://www.swarmapp.com/c/hyUt5YIUk4r pic.twitter.com/IVsGJMhn6V","","","","837354786794131456","https://twitter.com/georgeson1992/status/837354786794131456"
"georgeson1992","2017-03-02 17:31","0","0","Immigration panel! It's so packed it had to be moved to a different room https://www.swarmapp.com/c/hyUt5YIUk4r pic.twitter.com/kn5G8kFeeF","","","","837354779730919424","https://twitter.com/georgeson1992/status/837354779730919424"
"GetBackInc","2017-03-02 15:51","0","0","Vintage Burton Adjustable Telescopic Ribbed Glass Wall Light Lamp #burtonlight #burtonlamp https://www.instagram.com/p/BRJDMWbFAea/","","","#burtonlight #burtonlamp","837329422000795648","https://twitter.com/GetBackInc/status/837329422000795648"
"georgeson1992","2017-03-01 23:35","0","0","Immigration panel! (@Central Connecticut State University in New Britain, CT) https://www.swarmapp.com/c/44HPjOqoSvg","","@Central","","837083841986760704","https://twitter.com/georgeson1992/status/837083841986760704"
"Cadmus301","2017-03-01 19:11","0","0","Immigration Attorney Dana Bucin speaks during MCC's Let's Talk series right now in the Fireside Comons. pic.twitter.com/WlrCSVYEyX  at Fireside Commons","","","","837017448457113606","https://twitter.com/Cadmus301/status/837017448457113606"
"twenty2walls","2017-02-28 22:43","0","0","Working on a custom border detail on a taupe grasscloth for a dining room. @Bantam, Connecticut https://www.instagram.com/p/BREoy7Mhion/","","@Bantam","","836708410598936576","https://twitter.com/twenty2walls/status/836708410598936576"
"marlenebonita","2017-02-28 18:51","0","0","Lunch time gracias mi amor! @vixivita @On The Border Mexican Grill & Cantina https://www.instagram.com/p/BREOPRSF5Il/","","@vixivita @On","","836650025027530755","https://twitter.com/marlenebonita/status/836650025027530755"
"lbella72","2017-02-27 23:26","0","0","The gang @Texas Roadhouse - Springfield, MA https://www.instagram.com/p/BRCI_IuArwmr-MKQNvO81rpSnEL4YCprH4hPQs0/ ","","@Texas","","836356985394167810","https://twitter.com/lbella72/status/836356985394167810"
"our1chance","2017-02-27 20:03","0","0","My Mom's Facebook wall. How many likes does she have? (The app I use to send her postcards from https://www.instagram.com/p/BRBxsxlFNPQ/","","","","836305788142505984","https://twitter.com/our1chance/status/836305788142505984"
"antoinehall1","2017-02-26 23:41","0","0","GANG @Dave & Buster's https://www.instagram.com/p/BQ_l15YBfDwimM1-RX_Gtl--TVB0r57Xao0sTE0/ ","","@Dave","","835998231385366528","https://twitter.com/antoinehall1/status/835998231385366528"
"Kayslat3r","2017-02-26 20:39","0","0","Sundays @On The Border Mexican Grill & Cantina https://www.instagram.com/p/BQ_L22gFqJxqhtjUForggMGV5Bybbmr34EqUE40/ ","","@On","","835952508598104065","https://twitter.com/Kayslat3r/status/835952508598104065"
"Klokwize","2017-02-26 16:48","0","1","Wall-to-wall last night at @russianladyhtfd love you guys!!! So cool having @DayyMusic on https://www.instagram.com/p/BQ-2kX2Dcre/","","@russianladyhtfd @DayyMusic","","835894414358757376","https://twitter.com/Klokwize/status/835894414358757376"
"librarian_kate","2017-02-26 00:11","0","0","MOST GLORIOUS WALL OF FUNKOS! @Mogehan Sun Casino Resort https://www.instagram.com/p/BQ9Ef7QF3oF/","","@Mogehan","","835643436032208897","https://twitter.com/librarian_kate/status/835643436032208897"
"billyswagger","2017-02-25 23:53","0","0","Rich shit #Squad #Gang #swaggnation @billyswagger @Club Vandome https://www.instagram.com/p/BQ9CdxjBI0O/","","@billyswagger @Club","#Squad #Gang #swaggnation","835638959820558336","https://twitter.com/billyswagger/status/835638959820558336"
"_skyesthelimit_","2017-02-25 21:54","0","0","Head Rush Gang McGee #wheresthechapstick #looking7yearsold #braids https://www.instagram.com/p/BQ8PZ-Il62lSsm3oXY9y8e9o_cV-OUr2VvMZbg0/ ","","","#wheresthechapstick #looking7yearsold #braids","835609060691042305","https://twitter.com/_skyesthelimit_/status/835609060691042305"
"LegiScanCT","2017-02-24 18:36","0","0","SB00869 [NEW] An Act Requiring Criminal Background Checks For Door-to-door Salespersons. http://bitly.com/WxT0Kl","","","","835196682145050624","https://twitter.com/LegiScanCT/status/835196682145050624"
"Derek_Bugman","2017-02-24 02:58","0","1","Trying new things on the warped wall! #bugman #anw #anw9 #americanninjawarrior https://www.instagram.com/p/BQ4N_vpB-5O/","","","#bugman #anw #anw9 #americanninjawarrior","834960628037079041","https://twitter.com/Derek_Bugman/status/834960628037079041"
"LegiScanCT","2017-02-23 18:16","0","0","HB07146 [NEW] An Act Requiring A Criminal Conviction For Certain Offenses Before Assets Seized In A Lawful Arres... http://bitly.com/2mbWUwy","","","","834829371168919554","https://twitter.com/LegiScanCT/status/834829371168919554"
"BigD2033","2017-02-22 18:47","0","0","Do you have legal questions? Call me. I'll have answers. #law #attorney #attorneyatlaw #criminal https://www.instagram.com/p/BQ0xDCnlD9c/","","","#law #attorney #attorneyatlaw #criminal","834474768162230272","https://twitter.com/BigD2033/status/834474768162230272"
"LegiScanCT","2017-02-22 13:16","0","0","HB07123 [NEW] An Act Limiting Changes To Health Insurers' Prescription Drug Formularies. http://bitly.com/2m7JNMX","","","","834391302062166018","https://twitter.com/LegiScanCT/status/834391302062166018"
"TreyWhit","2017-02-22 02:06","0","0","Luckily, Karen's 150 wall balls came with complimentary sweat removal. #crossfit #wallballs https://www.instagram.com/p/BQy-cw5FFCj/","","","#crossfit #wallballs","834222765112713216","https://twitter.com/TreyWhit/status/834222765112713216"
"wolf2657","2017-02-22 00:44","0","0","Great wall (@Starplex Cinemas Southington 12 in Southington, CT) https://www.swarmapp.com/c/lSO7cgMBzwd","","@Starplex","","834202244300075008","https://twitter.com/wolf2657/status/834202244300075008"
"vca_art","2017-02-20 04:41","0","0","This is our splat wall! Anytime you use our paints you get to splat it on the wall when you're https://www.instagram.com/p/BQuGpUOjnqa/","","","","833537089044094980","https://twitter.com/vca_art/status/833537089044094980"
"JSaint226","2017-02-19 23:52","0","1","The gang is all here... #50sdiner #elvispresley #elvisisinthebuilding #familydinner #familytime https://www.instagram.com/p/BQtljctBD72/","","","#50sdiner #elvispresley #elvisisinthebuilding #familydinner #familytime","833464327151591424","https://twitter.com/JSaint226/status/833464327151591424"
"edavis","2017-02-19 19:02","0","0","Watching The Great Wall with Nathan. (@Apple Cinemas Barkhamsted in Barkhamsted, CT) https://www.swarmapp.com/c/6qYdddbojyC","","@Apple","","833391319749885952","https://twitter.com/edavis/status/833391319749885952"
"bathgreat","2017-02-19 16:19","0","0","The gang's all here. #365project #project365 #instagramaday #toddlerlife #day50 @New Haven, https://www.instagram.com/p/BQsxuF0gfYd/","","@New","#365project #project365 #instagramaday #toddlerlife #day50","833350335011966976","https://twitter.com/bathgreat/status/833350335011966976"
"ahynes1","2017-02-19 00:26","0","0","Travesties (@Hole In The Wall Theater in New Britain, CT) https://www.swarmapp.com/c/la0vP7lgojC","","@Hole","","833110521121488896","https://twitter.com/ahynes1/status/833110521121488896"
"aeonuncertain","2017-02-18 22:18","0","1","Hey world, i get it, i look like the criminal minds guy. Shut the fuck up","","","","833078312733917184","https://twitter.com/aeonuncertain/status/833078312733917184"
"LegiScanCT","2017-02-18 16:06","0","0","HB07094 [NEW] An Act Concerning Fingerprinting Services For Criminal History Records Checks. http://bitly.com/2lu4tNU","","","","832984604298592256","https://twitter.com/LegiScanCT/status/832984604298592256"
"sunsets798","2017-02-17 20:44","0","0","I'm at Niantic Cinema for The Great Wall (@Niantic Cinema in Niantic, CT) https://www.swarmapp.com/c/5bLDci4SBXN","","@Niantic","","832692327890223104","https://twitter.com/sunsets798/status/832692327890223104"
"Spectrum_CT","2017-02-17 15:42","0","0","#trendingfridays #trendingnow Wall pockets of brass and steel by Beverly Waters. Trending art at https://www.instagram.com/p/BQnj377g6oY/","","","#trendingfridays #trendingnow","832616202077876224","https://twitter.com/Spectrum_CT/status/832616202077876224"
"PeteyRock11","2017-02-16 20:23","0","0","#king #drinksandmexican @On The Border Mexican Grill & Cantina https://www.instagram.com/p/BQlfMo5jDF0/","","@On","#king #drinksandmexican","832324446090301440","https://twitter.com/PeteyRock11/status/832324446090301440"
"LegiScanCT","2017-02-16 05:27","0","0","SB00828 [NEW] An Act Concerning Drug Wholesalers, Manufacturers And Distributors. http://bitly.com/WnYtTN","","","","832099038694608896","https://twitter.com/LegiScanCT/status/832099038694608896"
"stillwritingpgs","2017-02-16 00:36","0","1","#enchiladas #food #mexicanfood #sodelicious @On The Border https://www.instagram.com/p/BQjXYPjlFWd/","","@On","#enchiladas #food #mexicanfood #sodelicious","832025878553120768","https://twitter.com/stillwritingpgs/status/832025878553120768"
"stillwritingpgs","2017-02-16 00:36","0","1","#enchiladas #food #mexicanfood @On The Border https://www.instagram.com/p/BQjXYPjlFWd/","","@On","#enchiladas #food #mexicanfood","832025780758536193","https://twitter.com/stillwritingpgs/status/832025780758536193"
"stillwritingpgs","2017-02-16 00:14","0","1","No class = Girls' Night @On The Border https://www.instagram.com/p/BQjUlnyl2cf/","","@On","","832020217060552705","https://twitter.com/stillwritingpgs/status/832020217060552705"
"TheHoppyRunner","2017-02-15 22:29","0","0","Fuck your snow wall! @Starbucks https://www.instagram.com/p/BQjI6TtFBub/","","@Starbucks","","831993964131676160","https://twitter.com/TheHoppyRunner/status/831993964131676160"
"CharDurham","2017-02-14 21:27","0","0","Posted on a museum wall #love @New Britain Museum of American Art https://www.instagram.com/p/BQgdBswFmxF/","","@New","#love","831615985601884160","https://twitter.com/CharDurham/status/831615985601884160"
"TrifectaEco","2017-02-12 21:46","0","0","Still a wall of white outside but inside it's all green @Arc of Meriden-Wallingford, Inc https://www.instagram.com/p/BQbVma0Bie_/","","@Arc","","830895959882149888","https://twitter.com/TrifectaEco/status/830895959882149888"
"LegiScanCT","2017-02-11 09:36","0","0","SB00295 [NEW] An Act Concerning Criminal Liability In The Case Of A Drug Overdose. http://bitly.com/XWQmvT","","","","830349741120688128","https://twitter.com/LegiScanCT/status/830349741120688128"
"LegiScanCT","2017-02-11 06:16","0","0","SB00429 [NEW] An Act Concerning An Evaluation By The Sentencing Commission Of The Adequacy Of Criminal Sentencing... http://bitly.com/W1BMEJ","","","","830299337917923328","https://twitter.com/LegiScanCT/status/830299337917923328"
"LegiScanCT","2017-02-11 04:16","0","0","SB00407 [NEW] An Act Eliminating The Criminal History Records Check For Certain Applicants For Teaching Positions. http://bitly.com/W3Ip9u","","","","830269352347836416","https://twitter.com/LegiScanCT/status/830269352347836416"
"LegiScanCT","2017-02-11 04:06","0","0","SB00331 [NEW] An Act Requiring Persons Who Test Positive For An Opioid Antagonist To Enter A Drug Rehabilitation ... http://bitly.com/W08gzk","","","","830266621159698433","https://twitter.com/LegiScanCT/status/830266621159698433"
"LegiScanCT","2017-02-10 22:46","0","0","SB00332 [NEW] An Act Concerning Confinement Of Drug Overdose Victims In A Hospital For Psychiatric Disabilities. http://bitly.com/XZ2FHR","","","","830186096491372544","https://twitter.com/LegiScanCT/status/830186096491372544"
"BENJ1OFFICIAL","2017-02-09 19:51","0","0","Green gang @Hamden, Connecticut https://www.instagram.com/p/BQTaBE8B1Z-/","","@Hamden","","829779773329059840","https://twitter.com/BENJ1OFFICIAL/status/829779773329059840"
"LegiScanCT","2017-02-08 15:56","0","0","HB06014 [NEW] An Act Establishing An Opioid Drug Testing Pilot Program. http://bitly.com/Y5HPqh","","","","829358172364271616","https://twitter.com/LegiScanCT/status/829358172364271616"
"LegiScanCT","2017-02-07 13:16","0","0","HB06003 [NEW] An Act Concerning Drug Dealer Criminal Liability. http://bitly.com/W5o5ES","","","","828955664097673217","https://twitter.com/LegiScanCT/status/828955664097673217"
"LegiScanCT","2017-02-07 08:26","0","0","HB05996 [NEW] An Act Concerning Drug Dealer Liability. http://bitly.com/W4XOGT","","","","828882519269449728","https://twitter.com/LegiScanCT/status/828882519269449728"
"LegiScanCT","2017-02-06 11:56","0","0","HB05991 [NEW] An Act Concerning Drug Distributor Civil Liability. http://bitly.com/Y51fMb","","","","828573031920500737","https://twitter.com/LegiScanCT/status/828573031920500737"
"LegiScanCT","2017-02-06 09:16","0","0","HB06018 [NEW] An Act Increasing Oversight Of The Prescription Drug Monitoring Program. http://bitly.com/Y4o5DE","","","","828532694095114240","https://twitter.com/LegiScanCT/status/828532694095114240"
"joshesto_","2017-02-05 19:12","0","0","Couldn't officially turn 19 w/o gettin down with my gang https://www.instagram.com/p/BQJCW6dhU3HZJDj_CDbaVcK59MNc6XoC7ey5Ls0/ ","","","","828320374731403264","https://twitter.com/joshesto_/status/828320374731403264"
"jJesus_VG","2017-02-05 13:40","0","0","I'm at Hole in the Wall in Niantic, CT https://www.swarmapp.com/c/55nBPlIQDer","","","","828236752917774336","https://twitter.com/jJesus_VG/status/828236752917774336"
"JaySupraSmiles","2017-02-04 15:11","0","0","Got a few shooters behind me #killemall video dropping On Super Bowl Sunday . #gang #love&drugs https://www.instagram.com/p/BQGCCtWjZgz/","","","#killemall #gang #love","827897478187978754","https://twitter.com/JaySupraSmiles/status/827897478187978754"
"Craftivate","2017-02-02 19:00","0","0","Yay for the first fundraiser to benefit A Hole In the Wall Camp at the new @Craftivate studio https://www.instagram.com/p/BQBSkwlBl7O/","","@Craftivate","","827230131659759617","https://twitter.com/Craftivate/status/827230131659759617"
"LegiScanCT","2017-02-02 18:46","0","0","HB06072 [NEW] An Act Concerning Post-traumatic Stress Disorder Issues Impacting Veterans Involved In The Criminal... http://bitly.com/W75Jn4","","","","827226700090052614","https://twitter.com/LegiScanCT/status/827226700090052614"
"LegiScanCT","2017-02-01 21:57","0","0","HB06275 [NEW] An Act Requiring A Criminal History Records Check For Transportation Network Company Drivers. http://bitly.com/YdhhU7","","","","826912383054573573","https://twitter.com/LegiScanCT/status/826912383054573573"
"LegiScanCT","2017-02-01 02:37","0","0","HB06999 [NEW] An Act Concerning The Use Of Therapy Dogs To Comfort Children Testifying In Certain Criminal Prose... http://bitly.com/1Fg8f0d","","","","826620398368329728","https://twitter.com/LegiScanCT/status/826620398368329728"
"AliceAPatriot","2017-01-31 14:55","0","0","Trump to #BigPharma Streamline drug approval, it shouldn't take ten years.","","","#BigPharma","826443738490740736","https://twitter.com/AliceAPatriot/status/826443738490740736"
"LegiScanCT","2017-01-30 16:56","0","0","HB05994 [NEW] An Act Concerning Prescription Drug Abuse. http://bitly.com/W60cx2","","","","826111744158281728","https://twitter.com/LegiScanCT/status/826111744158281728"
"LegiScanCT","2017-01-30 09:26","0","0","SB00382 [NEW] An Act Requiring A Criminal History Records Check Of Employees And Subcontractors Of Home Health Ca... http://bitly.com/W1HMgL","","","","825998495928692736","https://twitter.com/LegiScanCT/status/825998495928692736"
"nakajaim_","2017-01-30 02:36","0","0","mirror mirror on the wall, who's the baddest of them all? @Post University https://www.instagram.com/p/BP3zlkqgQmh/","","@Post","","825895360266661888","https://twitter.com/nakajaim_/status/825895360266661888"
"LegiScanCT","2017-01-30 02:06","0","0","HB06622 [NEW] An Act Limiting Changes To Health Insurers' Prescription Drug Formularies. http://bitly.com/XY0TIY","","","","825887785689214977","https://twitter.com/LegiScanCT/status/825887785689214977"
"LegiScanCT","2017-01-30 00:26","0","0","HB06510 [NEW] An Act Using Funds From The Drug Assets Forfeiture Revolving Account For Drug Treatment Beds. http://bitly.com/X9Ho0h","","","","825862672956657669","https://twitter.com/LegiScanCT/status/825862672956657669"
"Chantyshine","2017-01-29 03:31","0","0","I wonder what Steve Harvey has to say about the man who is was he said wanted to make America https://www.instagram.com/p/BP1VGPjBxsH/","","","","825546835381018624","https://twitter.com/Chantyshine/status/825546835381018624"
"LegiScanCT","2017-01-29 00:46","0","0","HB06657 [NEW] An Act Concerning Criminal Liability In The Case Of A Death Caused By An Opiate Substance. http://bitly.com/ZDIhv5","","","","825505262765223936","https://twitter.com/LegiScanCT/status/825505262765223936"
"gettinviggy","2017-01-28 23:57","0","0","Spotted on the wall at the submarine capital of the world #commanderinchief #pentagon #navy #DOD https://www.instagram.com/p/BP08l2oFtBf/","","","#commanderinchief #pentagon #navy #DOD","825492950520045571","https://twitter.com/gettinviggy/status/825492950520045571"
"LegiScanCT","2017-01-28 10:56","0","0","HB06652 [NEW] An Act Establishing A Criminal Identity Theft Registry. http://bitly.com/ZBo6h9","","","","825296547378245632","https://twitter.com/LegiScanCT/status/825296547378245632"
"LegiScanCT","2017-01-28 09:56","0","0","HB06113 [NEW] An Act Concerning The Time Period Of Criminal History Records Checks For Prospective Teachers. http://bitly.com/W4vMv6","","","","825281340874620928","https://twitter.com/LegiScanCT/status/825281340874620928"
"LegiScanCT","2017-01-27 20:56","0","0","SB00713 [NEW] An Act Concerning Criminal History Records Checks To Be Conducted By Regional Educational Service C... http://bitly.com/W8oMgO","","","","825085054661566464","https://twitter.com/LegiScanCT/status/825085054661566464"
"georgeson1992","2017-01-27 18:36","0","0","Immigration rally outside the LOB! (@Legislative Office Building in Hartford, CT) https://www.swarmapp.com/c/fXbSEqwPOa8","","@Legislative","","825049976149536768","https://twitter.com/georgeson1992/status/825049976149536768"
"LegiScanCT","2017-01-27 18:36","0","0","HB06694 [NEW] An Act Requiring A Criminal History Records Check For Persons Who Enroll In A Class For Certificat... http://bitly.com/17fZYYr","","","","825049781345124360","https://twitter.com/LegiScanCT/status/825049781345124360"
"georgeson1992","2017-01-27 18:25","0","0","U.S. Senator Richard Blumenthal press conference on immigration and the Dream Act (@Legislative Office Building) https://www.swarmapp.com/c/6Y9TikcBKLS","","@Legislative","","825047113004412929","https://twitter.com/georgeson1992/status/825047113004412929"
"LegiScanCT","2017-01-27 11:06","0","0","HB06596 [NEW] An Act Prohibiting Inquiries About Criminal History On Certain Applications For Housing. http://bitly.com/103FNYX","","","","824936538370891777","https://twitter.com/LegiScanCT/status/824936538370891777"
"BishopJSelders","2017-01-26 16:35","0","1","+JS at CT Capitol doing my civic part...our in support of Higher Education and Immigration http://ln.is/www.instagram.com/p/P06ew ","","","","824657048512106496","https://twitter.com/BishopJSelders/status/824657048512106496"
"LegiScanCT","2017-01-26 12:46","0","0","SB00722 [NEW] An Act Concerning The Criminal History Records Check Requirement For Certain Contractors. http://bitly.com/W7kUwv","","","","824599367801835520","https://twitter.com/LegiScanCT/status/824599367801835520"
"LegiScanCT","2017-01-26 04:06","0","0","SB00737 [NEW] An Act Concerning Prescription Drug Cost Transparency. http://bitly.com/W70O5m","","","","824468591936499712","https://twitter.com/LegiScanCT/status/824468591936499712"
"pastortaralam","2017-01-26 02:05","0","0","Wall of light #pastorlife @Holy Family Passionist Retreat Center https://www.instagram.com/p/BPtc2eTAO_N/","","@Holy","#pastorlife","824437981926817793","https://twitter.com/pastortaralam/status/824437981926817793"
"rcisneros2009","2017-01-25 02:02","0","0","Just trying to get better #barbershopconnect #thebarbershopig #sharpfade #barber_gang https://www.instagram.com/p/BPq3yYfAIU4/","","","#barbershopconnect #thebarbershopig #sharpfade #barber_gang","824075023065432065","https://twitter.com/rcisneros2009/status/824075023065432065"
"LegiScanCT","2017-01-24 21:26","0","0","SB00545 [NEW] An Act Concerning A Study Of Requests By Health Care Providers To Override Step Therapy Drug Regime... http://bitly.com/W5oZ4d","","","","824005440031911938","https://twitter.com/LegiScanCT/status/824005440031911938"
"LegiScanCT","2017-01-24 10:36","0","0","HB06641 [NEW] An Act Concerning The Misbranding Of Synthetic Drug Products. http://bitly.com/ZvuBSJ","","","","823841855557304320","https://twitter.com/LegiScanCT/status/823841855557304320"
"LegiScanCT","2017-01-24 05:16","0","0","HB06697 [NEW] An Act Requiring A Pharmacist To Review A Patient's Records In The Electronic Prescription Drug Mon... http://bitly.com/XiKiQ0","","","","823761345564774401","https://twitter.com/LegiScanCT/status/823761345564774401"
"NevillesFashion","2017-01-24 04:19","0","0","#Repost laurensprague with @repostapp  favorite wall in the shop #fiveyears ago #wow https://www.instagram.com/p/BPoinUtgUet/","","@repostapp","#Repost #fiveyears #wow","823746969222922242","https://twitter.com/NevillesFashion/status/823746969222922242"
"PRGoddess1","2017-01-24 00:21","0","0","My gent saw this up on the wall at my doctor's office and thought I should have it. So, I'm https://www.instagram.com/p/BPoHb9uhjkC/","","","","823687207823101952","https://twitter.com/PRGoddess1/status/823687207823101952"
"LegiScanCT","2017-01-23 21:16","0","0","HB06398 [NEW] An Act Concerning Occupational Licensing And Persons With Criminal Histories. http://bitly.com/YZohV6","","","","823640514989846532","https://twitter.com/LegiScanCT/status/823640514989846532"
"AtOffice305","2017-01-23 01:43","0","0","An inexplicable surge in ""Forest Floor""wall coverings, Middletown. 2017 #bandw #doubleexposure https://www.instagram.com/p/BPlsBbegPuX/","","","#bandw #doubleexposure","823345454306000897","https://twitter.com/AtOffice305/status/823345454306000897"
"Tim_Bouchard5","2017-01-22 23:32","0","1","I'm just grinding with my gang until we all make it, chasing all this money got my heart racing https://www.instagram.com/p/BPldBjPjs9G/","","","","823312468357316609","https://twitter.com/Tim_Bouchard5/status/823312468357316609"
"jaymota831","2017-01-22 23:27","0","2","Late but, some of the All-Conference Gang @Northwest Catholic High School https://www.instagram.com/p/BPlceekA-Mm/","","@Northwest","","823311259277856769","https://twitter.com/jaymota831/status/823311259277856769"
"IammsGigi","2017-01-22 08:48","0","0","Almost working on the #border #crochet #custommade #crochethooklover #crafts #watermelon https://www.instagram.com/p/BPj3zRpD-68/","","","#border #crochet #custommade #crochethooklover #crafts #watermelon","823089873888440320","https://twitter.com/IammsGigi/status/823089873888440320"
"RealDjKg","2017-01-22 06:06","0","0","Wall to wall in here!!! #dabird #Freespirit @realdjkg in the building!!!! #chokinem @The Dirty https://www.instagram.com/p/BPjlPDkAcDM/","","@realdjkg @The","#dabird #Freespirit #chokinem","823049076728066048","https://twitter.com/RealDjKg/status/823049076728066048"
"trin_kurobuta","2017-01-21 14:01","0","0","""Everyone has the right to make their wall, and behind their weaknesses and pretend likely https://www.instagram.com/p/BPh2510BdF9/","","","","822806425961234433","https://twitter.com/trin_kurobuta/status/822806425961234433"
"rcisneros2009","2017-01-20 12:26","0","0","Just trying to get better #barbershopconnect #thebarbershopig #sharpfade #barber_gang https://www.instagram.com/p/BPfHN9TgD1Q/","","","#barbershopconnect #thebarbershopig #sharpfade #barber_gang","822420107305566208","https://twitter.com/rcisneros2009/status/822420107305566208"
