"username","date","retweets","favorites","text","geo","mentions","hashtags","id","permalink"
"RoxanneKnight","2017-04-19 15:10","0","0","Exploration #graffiti #creativityeveryday #photographer #stlouis @Graffiti Wall https://www.instagram.com/p/BTEkuTYAwZO/","","@Graffiti","#graffiti #creativityeveryday #photographer #stlouis","854713858111549441","https://twitter.com/RoxanneKnight/status/854713858111549441"
"Abu_Montana","2017-04-19 05:57","0","0","White boys in the gang, call him Andy Milonakis, he won't hesitate https://www.instagram.com/p/BTDlYK9l5-3xBP-sam985Rgu0cIsm2Y-XUGhdY0/ ","","","","854574568505212929","https://twitter.com/Abu_Montana/status/854574568505212929"
"IllinoisPress","2017-04-18 18:02","3","1","How are Mexican Americans affected by border control in @BreakingBad & @Weeds? Read Camilla Fojass new book: http://ow.ly/uE4f309YQ2P pic.twitter.com/JxtGDHjOeG","","@BreakingBad @Weeds","","854394601234468864","https://twitter.com/IllinoisPress/status/854394601234468864"
"Bobby_Brown__","2017-04-18 16:48","0","0","Yes thats an Elantra...manual transmission and turbo charged gang @ https://www.instagram.com/p/BTCLLCWFzRHXEm0HlocNgiQdginIz1bZDywHKk0/ ","","@","","854376202001416192","https://twitter.com/Bobby_Brown__/status/854376202001416192"
"Bobby_Brown__","2017-04-18 16:14","0","0","need a new ?? my deals are radioactive gang!! inbox me and lets https://www.instagram.com/p/BTCHQ-9FGGwWE8Hydo89azilwnPpli6p-Fz4fY0/ ","","","","854367606656163840","https://twitter.com/Bobby_Brown__/status/854367606656163840"
"Doreen_Warfield","2017-04-18 01:59","0","0","Monday night Active Fit group did wonderful!! Way to go gang! #reformedfitness #grouptraining https://www.instagram.com/p/BTAlYIzltYp/","","","#reformedfitness #grouptraining","854152348377264132","https://twitter.com/Doreen_Warfield/status/854152348377264132"
"TotalTrafficSTL","2017-04-17 20:21","0","0","Accident, right lane blocked in #St.ClairCo on I 64 EB before St Clair--Clinton Cnty Border, stop and go traffic back to Rte 161 #STLtraffic","","","#St #STLtraffic","854067228681150465","https://twitter.com/TotalTrafficSTL/status/854067228681150465"
"TotalTrafficSTL","2017-04-17 20:20","0","0","Accident, right lane blocked in #St.ClairCo on I 64 EB before St Clair--Clinton Cnty Border and Clinton, stop and go traffic back to Rte 161","","","#St","854067063954042880","https://twitter.com/TotalTrafficSTL/status/854067063954042880"
"thefinley","2017-04-17 17:56","0","0","Why is the table plugged into the wall?","","","","854030783765512197","https://twitter.com/thefinley/status/854030783765512197"
"TheGaunce","2017-04-16 21:35","0","0","#TURNstl #Turneats the wall of records at the and chef Dave. dakstl getting ready for his https://www.instagram.com/p/BS9iYzVBVgw/","","","#TURNstl #Turneats","853723559566336000","https://twitter.com/TheGaunce/status/853723559566336000"
"nick_zel","2017-04-16 19:24","0","0","Our childhood was more lit than yours :) #GANG @Frankfort https://www.instagram.com/p/BS9TbpXB8Ww3OvI797p4vZv_uWyaENyd2ivS2c0/ ","","@Frankfort","#GANG","853690688969494529","https://twitter.com/nick_zel/status/853690688969494529"
"Griffdog2017","2017-04-16 18:01","0","1","Drinking an Urban Gang by @urbanchestnut at @urbanchestnut  http://untp.beer/s/c441293457","","@urbanchestnut @urbanchestnut","","853669645072691200","https://twitter.com/Griffdog2017/status/853669645072691200"
"Fans4Sixxam","2017-04-16 17:38","0","2","Happy Easter to my fellow James Gang & my SixxAMFamily Hope you all have a great day with family https://www.instagram.com/p/BS9HR3GlOmf/","","","","853663957151875072","https://twitter.com/Fans4Sixxam/status/853663957151875072"
"QT904","2017-04-16 06:05","0","0","regrann from @doughhunter - With @QT904 & the gang! #HowItHappened - #regrann @Ft. https://www.instagram.com/p/BS73_NgFrRZ/","","@doughhunter @QT904 @Ft","#HowItHappened #regrann","853489591004909568","https://twitter.com/QT904/status/853489591004909568"
"DanSTL77","2017-04-15 19:27","0","0","Graffiti #downtownstl #STL @Graffiti Wall https://www.instagram.com/p/BS6u6_pjTR3/","","@Graffiti","#downtownstl #STL","853328937749032961","https://twitter.com/DanSTL77/status/853328937749032961"
"DanSTL77","2017-04-15 19:05","0","0","Graffiti #STL #downtownstl @Graffiti Wall https://www.instagram.com/p/BS6sagkDYNL/","","@Graffiti","#STL #downtownstl","853323395689328643","https://twitter.com/DanSTL77/status/853323395689328643"
"DanSTL77","2017-04-15 19:04","0","0","Graffiti #downtownstl #STL @Graffiti Wall https://www.instagram.com/p/BS6sUL_DPbk/","","@Graffiti","#downtownstl #STL","853323173743480833","https://twitter.com/DanSTL77/status/853323173743480833"
"TelSecure","2017-04-14 23:31","0","0","Need your TV wall mounted today? Call SecureTel LLC (636)327-3003 or stop by our showroom: 111 https://www.instagram.com/p/BS4mEgBgZc2/","","","","853027965936037888","https://twitter.com/TelSecure/status/853027965936037888"
"utopiaentertain","2017-04-14 20:59","0","0","Tv screens on the wall. Whose coming tonight to the GLOW mixer? Tag your friends! We're getting https://www.instagram.com/p/BS4UoF_B-ce/","","","","852989621625421824","https://twitter.com/utopiaentertain/status/852989621625421824"
"iw3zay3","2017-04-14 18:23","0","0","Williams Gang #squad @Ballpark Village St. Louis https://www.instagram.com/p/BS4C0c_DSwhWGNOPGu3rbY-sEXUrq8EOe7tr2o0/ ","","@Ballpark","#squad","852950454187302912","https://twitter.com/iw3zay3/status/852950454187302912"
"Agent_Roxanne","2017-04-14 00:27","0","0","It's in the name, chaps #whatsinaname @Wang Gang Asian Eats https://www.instagram.com/p/BS2HvNMjgxX/","","@Wang","#whatsinaname","852679790716964865","https://twitter.com/Agent_Roxanne/status/852679790716964865"
"FellerSheep","2017-04-13 13:09","0","0","Pearl the Border Leicester. One of her twins in the background. She still thinks I'm her mother. https://www.instagram.com/p/BS06H_MgKoN/","","","","852509118871072769","https://twitter.com/FellerSheep/status/852509118871072769"
"thebecker","2017-04-12 18:06","0","1","Carne asada from authentic hole-in-the-wall Mexican joints is the best! #ketology https://www.instagram.com/p/BSy3VXzhs-B/","","","#ketology","852221506473959424","https://twitter.com/thebecker/status/852221506473959424"
"dworakt","2017-04-12 16:55","0","0","I'm at Little Mexico in Mattoon, IL https://www.swarmapp.com/c/e8bGxVEthef","","","","852203642316881922","https://twitter.com/dworakt/status/852203642316881922"
"Bobby_Brown__","2017-04-11 17:15","0","0","2017 Ioniq Hybrid has arrived gang 55 MPG for $25,000?? cant beat https://www.instagram.com/p/BSwMp8uFINGE2PvRHYxwrDmyNxJnng2RR8Mo4I0/ ","","","","851846186046803970","https://twitter.com/Bobby_Brown__/status/851846186046803970"
"TelSecure","2017-04-11 17:08","0","0","Need your TV wall mounted today? Call SecureTel LLC (636)327-3003 or stop by our showroom: 111 https://www.instagram.com/p/BSwL1QxgA1h/","","","","851844369422352384","https://twitter.com/TelSecure/status/851844369422352384"
"mariecarnes","2017-04-11 15:02","0","0","they should have criminal trials on airplanes so defendants can be forced to testify against themselves.","","","","851812789349908480","https://twitter.com/mariecarnes/status/851812789349908480"
"economyofstyle","2017-04-10 22:00","0","0","Brick wall + red stripes = photographic magic #economyofstyle @St. Louis https://www.instagram.com/p/BSuIb-bDoie/","","@St","#economyofstyle","851555431411568640","https://twitter.com/economyofstyle/status/851555431411568640"
"indyrunner9","2017-04-10 21:45","0","0","Had a great time at formal this weekend with this gang here. Great way to spend my Saturday https://www.instagram.com/p/BSuGvjuFxc8/","","","","851551719788097536","https://twitter.com/indyrunner9/status/851551719788097536"
"keyonharrold","2017-04-10 17:33","0","3","I love my Mom! (Proud Mom wall) home for her B-day @St. Louis https://www.instagram.com/p/BStp9Z-lx0H/","","@St","","851488413484290048","https://twitter.com/keyonharrold/status/851488413484290048"
"ffsprad","2017-04-10 02:23","0","0","Off the wall! @Busch Stadium https://www.instagram.com/p/BSsB0TIDho_iNmoqUQkgbJetkWzCakMgt583y00/ ","","@Busch","","851259417257443329","https://twitter.com/ffsprad/status/851259417257443329"
"stenSOUL","2017-04-10 01:43","0","0","Eye dropped a lil peat wee on the paintlouis wall today. I can smell https://www.instagram.com/p/BSr9LtNDj9AvWFXkyjcXMcVxXFxRLHB9auh05Y0/ ","","","","851249206681522176","https://twitter.com/stenSOUL/status/851249206681522176"
"NeenaWill","2017-04-08 16:05","0","1","Caffeine is a wonderful thing! #Starbucks #coffee #GANG @Downtown St. Louis https://www.instagram.com/p/BSoWQn5lNyv/","","@Downtown","#Starbucks #coffee #GANG","850741409686704128","https://twitter.com/NeenaWill/status/850741409686704128"
"DarinSlyman","2017-04-08 02:35","0","1","So excited for my friends to be home from Mexico! #dsly #lifestyle #media #stl @Brennan's https://www.instagram.com/p/BSm5l9AFwgC/","","@Brennan","#dsly #lifestyle #media #stl","850537636037054465","https://twitter.com/DarinSlyman/status/850537636037054465"
"Doreen_Warfield","2017-04-07 15:49","0","0","Hey gang, it's here! Tomorrow is your chance to try out our Active Fit and Built Fit class for https://www.instagram.com/p/BSlvov3FnqA/","","","","850374996560052224","https://twitter.com/Doreen_Warfield/status/850374996560052224"
"DirtRunnerIL","2017-04-06 14:09","0","0","Obstacle: Olympus Slip Wall Conquer the Midwest Mayhem on May 27th and 28th! The 2017 special https://www.instagram.com/p/BSi_amWBqFJ/","","","","849987478631071744","https://twitter.com/DirtRunnerIL/status/849987478631071744"
"Neita","2017-04-05 21:52","0","0","Adding to the wall in Umma's hospital room. #poststroke #rehabpoststroke #dontquit https://www.instagram.com/p/BShPmnrDDOn/","","","#poststroke #rehabpoststroke #dontquit","849741600733503488","https://twitter.com/Neita/status/849741600733503488"
"spotternetwork","2017-04-05 20:58","0","3","Spotr 3 miles ENE of CLAREMONT, IL @20:57 UTC Not Rotating Wall Cloud>-Rotating wall cloud","","@20","","849727944201306119","https://twitter.com/spotternetwork/status/849727944201306119"
"rob_blue","2017-04-05 16:35","0","1","Nobody builds walls better than me believe me. Yes, Nacho, we do believe you, regardless of the definition of wall.","","","","849661805437833216","https://twitter.com/rob_blue/status/849661805437833216"
"PurdueScience","2017-04-04 19:21","0","1","One of the most historic buildings at Purdue, the Physics Building's new wall wraps give it a https://www.instagram.com/p/BSeZgNmDqh8/","","","","849341159130451968","https://twitter.com/PurdueScience/status/849341159130451968"
"AdmissionDeanWU","2017-04-04 18:55","0","1","Congrats to all of our admitted students from Utah, New Mexico, Oklahoma, Arizona, Colorado, and https://www.instagram.com/p/BSeWg0kDBf-/","","","","849334585062301701","https://twitter.com/AdmissionDeanWU/status/849334585062301701"
"livifriedrich","2017-04-04 01:31","0","1","EVERYTHING is cooooool in Pittsburgh @Graffiti Wall https://www.instagram.com/p/BScYwFxgrjf/","","@Graffiti","","849071939503235073","https://twitter.com/livifriedrich/status/849071939503235073"
"ninjaswat","2017-04-04 00:31","0","0","@realDonaldTrump you want to "" Make America great again"" help low income families and stop taking your stupid vacations, you're heartless!","","@realDonaldTrump","","849056742659018752","https://twitter.com/ninjaswat/status/849056742659018752"
"VegasSmokeJoint","2017-04-02 11:42","0","1","#openingday #mlb #legendary #roster from a 1961 #yankees gang! I love #baseball & hope those https://www.instagram.com/p/BSYbbhpDAOx/","","","#openingday #mlb #legendary #roster #yankees #baseball","848500971902775296","https://twitter.com/VegasSmokeJoint/status/848500971902775296"
"MotoHoseUSA","2017-04-01 18:51","0","0","Musquin landed on top of tough blocks and slid into the wall like he was sliding into 1st base @ https://www.instagram.com/p/BSWnqCQDfQY/","","@","","848246381580103680","https://twitter.com/MotoHoseUSA/status/848246381580103680"
"RichardShoaf","2017-03-31 16:00","0","0","Just added to our wall for a little girl @Lake Saint Louis, Missouri https://www.instagram.com/p/BSTvThhh7Fo/","","@Lake","","847840990014586881","https://twitter.com/RichardShoaf/status/847840990014586881"
"hooliganoutlaws","2017-03-31 00:06","3","4","Been all over this country and Mexico with this man ... A true good https://www.instagram.com/p/BSSCKj8FTtGWquiuXfBnkRW3D3ntElyZbpoODU0/ ","","","","847600991788613634","https://twitter.com/hooliganoutlaws/status/847600991788613634"
"ArduinoMatthew","2017-03-30 01:22","0","0","Dinner with Gang from the Lab @Mission Taco Joint - Soulard https://www.instagram.com/p/BSPlgeLgCSv/","","@Mission","","847257662194556928","https://twitter.com/ArduinoMatthew/status/847257662194556928"
"stopbeefinradio","2017-03-29 14:57","0","0","#TerreHaute #ISU it's going #Gringo Gringo Gang - Gringo Season Tour Hosted by: @DeejaySlu https://www.instagram.com/p/BSOekuBD8Xw/","","@DeejaySlu","#TerreHaute #ISU #Gringo","847100512541528064","https://twitter.com/stopbeefinradio/status/847100512541528064"
"DirtRunnerIL","2017-03-29 04:44","0","0","Olympus, a 20ft slip wall, will challenge you big time. Note for all open/recreational https://www.instagram.com/p/BSNYSk2BrM4/","","","","846946059616227328","https://twitter.com/DirtRunnerIL/status/846946059616227328"
"TotalTrafficSTL","2017-03-29 01:37","0","0","Accident in #SaintPeters on Mexico Rd west of Belleau Crk Rd #STLtraffic http://bit.ly/17hxde2","","","#SaintPeters #STLtraffic","846899165594509312","https://twitter.com/TotalTrafficSTL/status/846899165594509312"
"RealSparkMarley","2017-03-28 22:20","0","3","MY #GanGBro bankshed700 SINGLE""GANG"" OUT NOW!!! #SOUNDCLOUD #youtube #Datpiff!!! https://www.instagram.com/p/BSMsYwYBCww/","","","#GanGBro #SOUNDCLOUD #youtube #Datpiff","846849406687096833","https://twitter.com/RealSparkMarley/status/846849406687096833"
"RealSparkMarley","2017-03-28 22:19","0","3","MY #GanGBro bankshed700 SINGLE""GANG"" OUT NOW!!! #SOUNDCLOUD #youtube #Datpiff!!! https://www.instagram.com/p/BSMsV6xBm7G/","","","#GanGBro #SOUNDCLOUD #youtube #Datpiff","846849312113909764","https://twitter.com/RealSparkMarley/status/846849312113909764"
"RealSparkMarley","2017-03-28 22:18","0","3","MY #GanGMember bankshed700 SINGLE""GANG"" OUT NOW!!! #SOUNDCLOUD #youtube #Datpiff!!! https://www.instagram.com/p/BSMsPWxB1Di/","","","#GanGMember #SOUNDCLOUD #youtube #Datpiff","846849086137425921","https://twitter.com/RealSparkMarley/status/846849086137425921"
"johncruz","2017-03-28 04:04","0","0","A sticker on the wall of a restroom stall door in Bloomington, IL @Pilot Travel Center https://www.instagram.com/p/BSKu_VngvoT/","","@Pilot","","846573658059485184","https://twitter.com/johncruz/status/846573658059485184"
"PauILy","2017-03-28 01:57","1","0","It's nice to be on the other side of the brown wall. #Clubseats #117Beersinarow. @Scottrade Center https://www.instagram.com/p/BSKgdjaDZ95/","","@Scottrade","#Clubseats #117Beersinarow","846541712268951552","https://twitter.com/PauILy/status/846541712268951552"
"leahck55","2017-03-27 22:25","0","5","99 bottles of beer on the wall... @Scottrade Center https://www.instagram.com/p/BSKIOGeBZZ9/","","@Scottrade","","846488404455936000","https://twitter.com/leahck55/status/846488404455936000"
"mariecarnes","2017-03-27 19:21","0","0","The engineer in me wants to know how the water and sewer works. That shower looks like it's on an outside wall. https://twitter.com/cabinporn/statuses/846383839010144256 ","","","","846442194403835904","https://twitter.com/mariecarnes/status/846442194403835904"
"stlmixtapeking","2017-03-27 13:16","0","0","regrann from westsidecain - (link in bio) Trap Money Gang Ent. #PRESSPLAY: ""take money https://www.instagram.com/p/BSJJbHEDQVU/","","","#PRESSPLAY","846350331470602240","https://twitter.com/stlmixtapeking/status/846350331470602240"
"CarissaFiggins","2017-03-26 16:08","0","0","Prayer wall at @harvestercc #takeoneleaveone #needprayer? http://HarvesterChristian.org/prayer-wall @ https://www.instagram.com/p/BSG4P3Ghd2L/","","@harvestercc @","#takeoneleaveone #needprayer","846031066922024960","https://twitter.com/CarissaFiggins/status/846031066922024960"
"CariRincker","2017-03-26 11:55","0","0","Gang's all here! So my cat, Felicity, after living in #nyc for the last 7 years, is jealous of https://www.instagram.com/p/BSGbW8EBENL/","","","#nyc","845967535807782912","https://twitter.com/CariRincker/status/845967535807782912"
"TelSecure","2017-03-25 23:52","0","0","Need your TV wall mounted today? Call SecureTel LLC (636)327-3003 or stop by our showroom: 111 https://www.instagram.com/p/BSFIihRgK61/","","","","845785414061436928","https://twitter.com/TelSecure/status/845785414061436928"
"old_sin","2017-03-25 19:59","0","0","Its a gas gang thing @Ferguson, Missouri https://www.instagram.com/p/BSEt2tkAcRGaiEkiL18JIoaCpR7zmhwSRDUStY0/ ","","@Ferguson","","845726733840142337","https://twitter.com/old_sin/status/845726733840142337"
"Yung_fendi","2017-03-25 18:57","0","1","These niggas said bankroll the rap game John wall","","","","845711371828412419","https://twitter.com/Yung_fendi/status/845711371828412419"
"darciebakes","2017-03-24 23:42","0","0","I probably looked like a creeper/criminal casing this house, but I always love admiring their https://www.instagram.com/p/BSCilIEAnt-/","","","","845420477636120576","https://twitter.com/darciebakes/status/845420477636120576"
"mrs_munsell","2017-03-24 22:43","0","1","Great #quote on the wall at @brennansstl #bar #centralwestendstl @Brennan's https://www.instagram.com/p/BSCb54Hl3gY/","","@brennansstl @Brennan","#quote #bar #centralwestendstl","845405796041216005","https://twitter.com/mrs_munsell/status/845405796041216005"
"TelSecure","2017-03-24 22:27","0","0","Need your TV wall mounted today? Call SecureTel LLC (636)327-3003 or stop by our showroom: 111 https://www.instagram.com/p/BSCaD9IgqO5/","","","","845401739717214208","https://twitter.com/TelSecure/status/845401739717214208"
"dwward","2017-03-24 12:50","0","0","THIS! backs against the wall, they will finds votes today. https://twitter.com/jonathanweisman/status/845223104427253760 ","","","","845256381854896128","https://twitter.com/dwward/status/845256381854896128"
"Go_Dj_Lante","2017-03-24 05:21","0","0","Gang turnt with @djtab314 #GetInTune #SlipAction @MOOD Ultra Lounge https://www.instagram.com/p/BSAkoJmB4Ht/","","@djtab314 @MOOD","#GetInTune #SlipAction","845143492569444352","https://twitter.com/Go_Dj_Lante/status/845143492569444352"
"KateMcMillin27","2017-03-24 02:14","0","1","Lucy checking out all of the other ""Lucy's"" on her wall. #lucy #letsgoblues #toddler @St. Louis https://www.instagram.com/p/BSAPPK7BSKM/","","@St","#lucy #letsgoblues #toddler","845096458894266368","https://twitter.com/KateMcMillin27/status/845096458894266368"
"jsimmo21","2017-03-24 01:04","0","0","MS-13 gang member deported 4 times stabbed 2 women, abused child, cops say http://www.foxnews.com/us/2017/03/23/ms-13-gang-member-deported-4-times-stabbed-2-women-abused-child-cops-say.html  via the @FoxNews Android app","","@FoxNews","","845078925852266497","https://twitter.com/jsimmo21/status/845078925852266497"
"ahable","2017-03-23 22:27","0","0","From the land of astronauts and from our rival engineers across the border. Thanks #Purdue for a https://www.instagram.com/p/BR_1M0zFbx4/","","","#Purdue","845039208188297218","https://twitter.com/ahable/status/845039208188297218"
"LDI_Interiors","2017-03-23 15:00","0","0","When you want to be manly but you support PETA Loved the wall art at https://www.instagram.com/p/BR_CD2JBT1W/","","","","844926743584526337","https://twitter.com/LDI_Interiors/status/844926743584526337"
"COMMISSION2013","2017-03-23 01:09","0","0","In the gym with the Gang what gang. #bangbanggang bigmike615 @Gold's Gym https://www.instagram.com/p/BR9jBfRgnxK/","","@Gold","#bangbanggang","844717757476278272","https://twitter.com/COMMISSION2013/status/844717757476278272"
"BriKronenberger","2017-03-22 02:04","0","0","If #dban doesn't fix my issues I am gonna throw the damn thing against the wall. @Belleville, https://www.instagram.com/p/BR7EdDVjA4f/","","@Belleville","#dban","844369058200010753","https://twitter.com/BriKronenberger/status/844369058200010753"
"thebecker","2017-03-21 19:24","0","0","Exploring my new neighborhood today and found a hole in the wall taqueria within walking https://www.instagram.com/p/BR6WvFghu6s/","","","","844268522934943744","https://twitter.com/thebecker/status/844268522934943744"
"AmazingTRAPier","2017-03-21 15:56","0","0","Creation - _unfocused_photography_ @Graffiti Wall https://www.instagram.com/p/BR5-46oBlev/","","@Graffiti","","844216091790327808","https://twitter.com/AmazingTRAPier/status/844216091790327808"
"AyoMissDarkSkin","2017-03-21 00:15","0","0","Trey Songz really think somebody about to pay $221 to see him at The Pageant. Cocaine is one helluva drug.","","","","843979336415875073","https://twitter.com/AyoMissDarkSkin/status/843979336415875073"
"SofiedeSade","2017-03-20 14:21","0","4","Feelin' good after having some nice Jamison, and an AMAZING St. Patty's show with girl gang https://www.instagram.com/p/BR3PPG9BxFJ/","","","","843829816985960449","https://twitter.com/SofiedeSade/status/843829816985960449"
"FellerSheep","2017-03-19 22:19","0","1","Three of our four quads, Border Leicesters - Blue Faced Leicester lambs. #sheepfarm https://www.instagram.com/p/BR1hKBSADvp/","","","#sheepfarm","843587750171414529","https://twitter.com/FellerSheep/status/843587750171414529"
"Bandz_Margera","2017-03-19 22:10","0","0","@cigarsbackwoods Should Sponsor Us... : @Freak_Gang #MACLife #FrEPVol3 @St. Louis https://www.instagram.com/p/BR1gI8ogr6U/","","@cigarsbackwoods @Freak_Gang @St","#MACLife #FrEPVol3","843585515416903680","https://twitter.com/Bandz_Margera/status/843585515416903680"
"Bandz_Margera","2017-03-19 14:50","0","0","Blessed to See 22.. Got My Dawgs wit Me its Nothing I Can't Do #MACLife : @Freak_Gang @St. https://www.instagram.com/p/BR0txqWgRpg/","","@Freak_Gang @St","#MACLife","843474762668105728","https://twitter.com/Bandz_Margera/status/843474762668105728"
"srdavis96","2017-03-19 14:41","0","0","thanks for singing 90's music at hole in the wall bars with me, ily lots @Dog Prairie Tavern https://www.instagram.com/p/BR0swfXgVn5/","","@Dog","","843472524688216065","https://twitter.com/srdavis96/status/843472524688216065"
"Bandz_Margera","2017-03-18 19:54","0","0","GANG @Richmond Heights, Missouri https://www.instagram.com/p/BRyr1EuAGEw/","","@Richmond","","843189006460424193","https://twitter.com/Bandz_Margera/status/843189006460424193"
"EmmaFernDude","2017-03-18 18:53","0","0","lime gang @Monmouth College https://www.instagram.com/p/BRykxaxB0Pe/","","@Monmouth","","843173489477472256","https://twitter.com/EmmaFernDude/status/843173489477472256"
"CarusosDeli","2017-03-18 17:40","0","0","Our snack wall is fully stocked with your favorite candies and snack mixes! #snackwall https://www.instagram.com/p/BRycdF0hmzb/","","","#snackwall","843155197585047556","https://twitter.com/CarusosDeli/status/843155197585047556"
"riptalkinsports","2017-03-18 13:56","0","1","Have a super Saturday, twitter gang!","","","","843098713484615680","https://twitter.com/riptalkinsports/status/843098713484615680"
"TelSecure","2017-03-18 13:15","0","0","Need your TV wall mounted today? Call SecureTel LLC (636)327-3003 or stop by our showroom: 111 https://www.instagram.com/p/BRx-Eo1AMaX/","","","","843088386915287040","https://twitter.com/TelSecure/status/843088386915287040"
"DjAntBomb101","2017-03-18 07:32","0","0","Back Wall In The New Recording Studio Opening Soon.. @Ghood https://www.instagram.com/p/BRxW169BNvhqWy0THCdyrbA6zjh-_sZoS_uaTI0/ ","","@Ghood","","843002120726966272","https://twitter.com/DjAntBomb101/status/843002120726966272"
"stephaniebair_","2017-03-18 01:03","0","1","yes I only took this picture because the wall is purple, but Happy St. Patrick's Day @ https://www.instagram.com/p/BRwqXwMgjmE/","","@","","842904323659124737","https://twitter.com/stephaniebair_/status/842904323659124737"
"christystudios","2017-03-17 20:48","0","0","Wall of minis!! #coffee #miniart #glowindark #watercolor #birdart @Christy! Studios - artwork https://www.instagram.com/p/BRwNLE0jJ_C/","","@Christy","#coffee #miniart #glowindark #watercolor #birdart","842840132512366592","https://twitter.com/christystudios/status/842840132512366592"
"DashDeCosta","2017-03-17 14:42","0","0","Cholesterol-Slashing Drug Can Protect High-Risk Heart Patients, Study Finds - The New York Times https://www.nytimes.com/2017/03/17/health/cholesterol-drugs-repatha-amgen-pcsk9-inhibitors.html?emc=edit_ta_20170317&nl=top-stories&nlid=47129861&ref=cta ","","","","842747911071064068","https://twitter.com/DashDeCosta/status/842747911071064068"
"brussell53","2017-03-17 00:03","0","0","Samantha Bee's group keeping running tab on wall budget! SMH pic.twitter.com/68vhB4OHR5","","","","842526659295297536","https://twitter.com/brussell53/status/842526659295297536"
"rob_blue","2017-03-16 01:37","0","1","I would too. Ive been five foot inside of it once. Really liked New Mexico though. Need more AZ time.","","","","842187927622942720","https://twitter.com/rob_blue/status/842187927622942720"
"i__pooteD","2017-03-15 20:48","0","0","People be randomly coming up to me asking the weirdest shit. Do I really still look like a drug dealer?","","","","842115242247237632","https://twitter.com/i__pooteD/status/842115242247237632"
"BorroGlass","2017-03-15 15:49","0","0","""Bloodshot"" - Pomegranate over Star White 1lb 8.6 ounces Outer D. 68mm Inner D. 46mm Wall https://www.instagram.com/p/BRqhW3iD73u/","","","","842040081896595456","https://twitter.com/BorroGlass/status/842040081896595456"
"LstMbrs","2017-03-14 19:44","1","1","#happy314 From your favorite gang @St. Louis https://www.instagram.com/p/BRoXZ5CjqGa/","","@St","#happy314","841736733146378243","https://twitter.com/LstMbrs/status/841736733146378243"
"Bandz_Margera","2017-03-13 02:25","3","0","P-Rocc Live in Concert March 23rd at Cicero's in The Delmar Loop ! Come Jam with The Gang ! @ https://www.instagram.com/p/BRj7yKjgb_X/","","@","","841113030381428741","https://twitter.com/Bandz_Margera/status/841113030381428741"
"BreakoutFitSTL","2017-03-12 22:16","0","0","Had a great time with this crew at the Creve Coeur Lake 7k today! Great job gang! @Creve Coeur https://www.instagram.com/p/BRjfOnBgLy8/","","@Creve","","841050244787912704","https://twitter.com/BreakoutFitSTL/status/841050244787912704"
"zacharyjbabcock","2017-03-12 18:01","0","0","I went from drug addiction & spending 5 years in #prison to #familyman and #entrepreneur. 5 steps to #success https://www.amazon.com/gp/aw/d/0692795251/ref=mp_s_a_1_1?ie=UTF8&qid=1476975610&sr=8-1&pi=SY200_QL40&keywords=prison+to+promised+land&dpPl=1&dpID=51p-olR6NxL&ref=plSrch ","","","#prison #familyman #entrepreneur #success","840986051476934657","https://twitter.com/zacharyjbabcock/status/840986051476934657"
"AyoMissDarkSkin","2017-03-12 09:51","0","0","My fat ass walking in the dark eating chips and walked into a wall","","","","840862785160515584","https://twitter.com/AyoMissDarkSkin/status/840862785160515584"
"mariecarnes","2017-03-12 04:52","0","2","Old Stone Wall pic.twitter.com/CWVSaRfQJp","","","","840787551225036800","https://twitter.com/mariecarnes/status/840787551225036800"
"edtechmarcus","2017-03-11 23:32","0","2","Drinking a Smooth Criminal by @PeoplesBrew at @nineirishbros  http://untp.beer/s/c427068840","","@PeoplesBrew @nineirishbros","","840707123738771457","https://twitter.com/edtechmarcus/status/840707123738771457"
"mrkick316","2017-03-11 20:51","1","1","Some kind of way your ghost from the past seem to follow you the Bible calls drug use sorcery. https://www.instagram.com/p/BRgwsLIBnFO/","","","","840666422019678209","https://twitter.com/mrkick316/status/840666422019678209"
"zacharyjbabcock","2017-03-11 19:01","0","0","I went from drug addiction & spending 5 years in #prison to #familyman and #entrepreneur. 5 steps to #success https://www.amazon.com/gp/aw/d/0692795251/ref=mp_s_a_1_1?ie=UTF8&qid=1476975610&sr=8-1&pi=SY200_QL40&keywords=prison+to+promised+land&dpPl=1&dpID=51p-olR6NxL&ref=plSrch ","","","#prison #familyman #entrepreneur #success","840638781002809344","https://twitter.com/zacharyjbabcock/status/840638781002809344"
"Xtineala","2017-03-11 18:34","0","0","As foretold by both the ancient prophecy, and this primitive wall painting, the return of the https://www.instagram.com/p/BRghEE5ABEu/","","","","840632060570157057","https://twitter.com/Xtineala/status/840632060570157057"
"TelSecure","2017-03-11 18:25","0","0","Need your TV wall mounted today? Call SecureTel LLC (636)327-3003 or stop by our showroom: 111 https://www.instagram.com/p/BRgf-nbAd1f/","","","","840629670517309440","https://twitter.com/TelSecure/status/840629670517309440"
"chetpiotrowski","2017-03-11 02:16","0","1","A sign celebrating the St. Anthony Class 1A semifinal win hangs on the wall during a community https://www.instagram.com/p/BRexKf_BgvX/","","","","840385988492906496","https://twitter.com/chetpiotrowski/status/840385988492906496"
"zacharyjbabcock","2017-03-10 19:01","0","1","I went from drug addiction & spending 5 years in #prison to #familyman and #entrepreneur. 5 steps to #success https://www.amazon.com/gp/aw/d/0692795251/ref=mp_s_a_1_1?ie=UTF8&qid=1476975610&sr=8-1&pi=SY200_QL40&keywords=prison+to+promised+land&dpPl=1&dpID=51p-olR6NxL&ref=plSrch ","","","#prison #familyman #entrepreneur #success","840276511043276802","https://twitter.com/zacharyjbabcock/status/840276511043276802"
"DashDeCosta","2017-03-09 22:25","0","0","This company is making millions from Americas broken immigration system - The Washington Post https://www.washingtonpost.com/local/this-company-is-making-millions-from-americas-broken-immigration-system/2017/03/08/43abce9e-f881-11e6-be05-1a3817ac21a5_story.html?utm_term=.0439f3626fe5&wpisrc=nl_evening&wpmm=1 ","","","","839965337529511937","https://twitter.com/DashDeCosta/status/839965337529511937"
"autoburroughs","2017-03-09 19:36","0","0","In Mexico the gimmick is to find a local junky with a government script whereby they are allowed a certain quantity every month.","","","","839922748583313408","https://twitter.com/autoburroughs/status/839922748583313408"
"zacharyjbabcock","2017-03-09 19:01","0","0","I went from drug addiction & spending 5 years in #prison to #familyman and #entrepreneur. 5 steps to #success https://www.amazon.com/gp/aw/d/0692795251/ref=mp_s_a_1_1?ie=UTF8&qid=1476975610&sr=8-1&pi=SY200_QL40&keywords=prison+to+promised+land&dpPl=1&dpID=51p-olR6NxL&ref=plSrch ","","","#prison #familyman #entrepreneur #success","839914116215095299","https://twitter.com/zacharyjbabcock/status/839914116215095299"
"KenMoire","2017-03-09 18:20","0","0","Somebody is getting drug tested. @Quest Diagnostics https://www.instagram.com/p/BRbV05LALv24WV1UHMf-6Ktfc690whsz2f_kBA0/ ","","@Quest","","839903669625700356","https://twitter.com/KenMoire/status/839903669625700356"
"censoredtroll","2017-03-09 00:17","1","1","@loafystopit @nana_gang_ #youngmucho @Art Hill, Forest Park https://www.instagram.com/p/BRZZ2fXjFW_/","","@loafystopit @nana_gang_ @Art","#youngmucho","839631065539100673","https://twitter.com/censoredtroll/status/839631065539100673"
"censoredtroll","2017-03-09 00:15","1","1","@loafystopit @nana_gang_ Lol should I tag @grantcardone for his video shout out @Art Hill, https://www.instagram.com/p/BRZZog2jY_E/","","@loafystopit @nana_gang_ @grantcardone @Art","","839630626835824641","https://twitter.com/censoredtroll/status/839630626835824641"
"censoredtroll","2017-03-09 00:10","1","1","@nana_gang_ @loafystopit @Art Hill, Forest Park https://www.instagram.com/p/BRZZHZTDZqd/","","@nana_gang_ @loafystopit @Art","","839629454469173248","https://twitter.com/censoredtroll/status/839629454469173248"
"plsleet","2017-03-08 20:36","0","0","#graffitiart #stlouis @Graffiti Wall https://www.instagram.com/p/BRZApJFBSmG/","","@Graffiti","#graffitiart #stlouis","839575608807976961","https://twitter.com/plsleet/status/839575608807976961"
"censoredtroll","2017-03-08 20:00","1","1","@loafystopit @nana_gang_ @Art Hill, Forest Park https://www.instagram.com/p/BRY8iAWjhVv/","","@loafystopit @nana_gang_ @Art","","839566590924492803","https://twitter.com/censoredtroll/status/839566590924492803"
"zacharyjbabcock","2017-03-08 19:01","0","0","I went from drug addiction & spending 5 years in #prison to #familyman and #entrepreneur. 5 steps to #success https://www.amazon.com/gp/aw/d/0692795251/ref=mp_s_a_1_1?ie=UTF8&qid=1476975610&sr=8-1&pi=SY200_QL40&keywords=prison+to+promised+land&dpPl=1&dpID=51p-olR6NxL&ref=plSrch ","","","#prison #familyman #entrepreneur #success","839551743671304193","https://twitter.com/zacharyjbabcock/status/839551743671304193"
"AlexJohnmeyer","2017-03-08 06:46","0","0","Thank you to everyone who came out to support @artscopestl at Wall Ball 2017! #stlouisartist https://www.instagram.com/p/BRXhntrA3EK/","","@artscopestl","#stlouisartist","839366644174630912","https://twitter.com/AlexJohnmeyer/status/839366644174630912"
"Fans4Sixxam","2017-03-08 01:57","0","5","I love these group shots of the whole gang! regrann from @nyr1023 - @djashba @ambervanbee https://www.instagram.com/p/BRXAhdzDOlv/","","@nyr1023 @djashba @ambervanbee","","839293865358147584","https://twitter.com/Fans4Sixxam/status/839293865358147584"
"ChristinaFigRD","2017-03-08 00:41","0","0","I think my wall calendar was giving me a sign (literally). After time away from the gym for https://www.instagram.com/p/BRW31zUhUM8/","","","","839274780217876480","https://twitter.com/ChristinaFigRD/status/839274780217876480"
"zacharyjbabcock","2017-03-07 19:01","0","0","I went from drug addiction & spending 5 years in #prison to #familyman and #entrepreneur. 5 steps to #success https://www.amazon.com/gp/aw/d/0692795251/ref=mp_s_a_1_1?ie=UTF8&qid=1476975610&sr=8-1&pi=SY200_QL40&keywords=prison+to+promised+land&dpPl=1&dpID=51p-olR6NxL&ref=plSrch ","","","#prison #familyman #entrepreneur #success","839189313447473152","https://twitter.com/zacharyjbabcock/status/839189313447473152"
"DIVERSIFYdsgns","2017-03-07 05:37","0","0","At #peoria #shoppingmall #installing a 58ft wall #vinyl we #printed for round1usa https://www.instagram.com/p/BRU05wUhKGh/","","","#peoria #shoppingmall #installing #vinyl #printed","838986837699878912","https://twitter.com/DIVERSIFYdsgns/status/838986837699878912"
"uxb2001","2017-03-06 22:43","0","0","Gilhuly glass on lobby wall @Holiday Inn & Suites East Peoria Illinois https://www.instagram.com/p/BRUFi-Bjl2C/","","@Holiday","","838882697154031616","https://twitter.com/uxb2001/status/838882697154031616"
"dwward","2017-03-06 22:36","0","0","Sure but @realDonaldTrump concern is not the past; he's worried about criminal prosecutions and impeachment. We'll see https://twitter.com/redsteeze/status/838796853894385664 ","","@realDonaldTrump","","838881108393668608","https://twitter.com/dwward/status/838881108393668608"
"CritesOne","2017-03-06 20:28","0","1","Trying to reach the wall. #HSW @Crossfit Adversis https://www.instagram.com/p/BRT2K0fBjHj3x96wBSfe14JT8snn0cOorGz7jk0/ ","","@Crossfit","#HSW","838848884117889024","https://twitter.com/CritesOne/status/838848884117889024"
"zacharyjbabcock","2017-03-06 19:01","0","2","I went from drug addiction & spending 5 years in #prison to #familyman and #entrepreneur. 5 steps to #success https://www.amazon.com/gp/aw/d/0692795251/ref=mp_s_a_1_1?ie=UTF8&qid=1476975610&sr=8-1&pi=SY200_QL40&keywords=prison+to+promised+land&dpPl=1&dpID=51p-olR6NxL&ref=plSrch ","","","#prison #familyman #entrepreneur #success","838826935996272641","https://twitter.com/zacharyjbabcock/status/838826935996272641"
"JoeyDaClown","2017-03-06 15:51","0","0","Checkin' out Donald Trump's punk ass wall! #donaldtrump #trumpswall #fuckdonaldtrump https://www.instagram.com/p/BRTWaoagaC8/","","","#donaldtrump #trumpswall #fuckdonaldtrump","838779058854985728","https://twitter.com/JoeyDaClown/status/838779058854985728"
"zacharyjbabcock","2017-03-05 21:01","0","0","I went from drug addiction & spending 5 years in #prison to #familyman and #entrepreneur. 5 steps to #success https://www.amazon.com/gp/aw/d/0692795251/ref=mp_s_a_1_1?ie=UTF8&qid=1476975610&sr=8-1&pi=SY200_QL40&keywords=prison+to+promised+land&dpPl=1&dpID=51p-olR6NxL&ref=plSrch ","","","#prison #familyman #entrepreneur #success","838494641985040384","https://twitter.com/zacharyjbabcock/status/838494641985040384"
"dwward","2017-03-05 20:40","1","1","With a new injunction to follow since it is still a violation of the Immigration & Naturalization Act to discriminate on national origin. https://twitter.com/brianklaas/status/838459517964795905 ","","","","838489514339348485","https://twitter.com/dwward/status/838489514339348485"
"javabachelor","2017-03-05 03:11","0","0","Me and the gang at the Bayern Stube! Love me some German food! And love me some Gibson City! https://www.instagram.com/p/BRPaooOANts/","","","","838225384944582656","https://twitter.com/javabachelor/status/838225384944582656"
"FellerSheep","2017-03-05 02:57","0","1","Last night we helped this Border Leicester out and pulled her lambs. Notice the ewe behind her https://www.instagram.com/p/BRPZACMgNpz/","","","","838221788593127424","https://twitter.com/FellerSheep/status/838221788593127424"
"LootRockGang","2017-03-05 02:22","0","0","Two National resonators spy each other across the stage... Loot Rock Gang and John Till at Fat https://www.instagram.com/p/BRPVGkcjYcp/","","","","838213218409541632","https://twitter.com/LootRockGang/status/838213218409541632"
"kississippiPHL","2017-03-05 01:25","0","0","almost crashed into a wall in the parking lot of a gyro restaurant yesterday because our brake https://www.instagram.com/p/BRPOd_nAV7f/","","","","838198629273899008","https://twitter.com/kississippiPHL/status/838198629273899008"
"AlexJohnmeyer","2017-03-05 00:33","0","1","Wall Ball!!!! @Majorette https://www.instagram.com/p/BRPIjO1gwBJ/","","@Majorette","","838185619461386240","https://twitter.com/AlexJohnmeyer/status/838185619461386240"
"erinshelby5","2017-03-04 21:31","0","0","free & wild @Graffiti Wall https://www.instagram.com/p/BROzvmVj2d4xUcQ-wLQ9KZ627Iw0hIDGNWZ7j00/ ","","@Graffiti","","838139866345050117","https://twitter.com/erinshelby5/status/838139866345050117"
"zacharyjbabcock","2017-03-04 21:00","0","1","I went from drug addiction & spending 5 years in #prison to #familyman and #entrepreneur. 5 steps to #success https://www.amazon.com/gp/aw/d/0692795251/ref=mp_s_a_1_1?ie=UTF8&qid=1476975610&sr=8-1&pi=SY200_QL40&keywords=prison+to+promised+land&dpPl=1&dpID=51p-olR6NxL&ref=plSrch ","","","#prison #familyman #entrepreneur #success","838132186503122947","https://twitter.com/zacharyjbabcock/status/838132186503122947"
"DarinSlyman","2017-03-04 18:54","0","0","Bringing the Mexico to STL. #dsly #lifestyle #newmedia #stl @Demun Oyster Bar https://www.instagram.com/p/BROh0QPlNIi/","","@Demun","#dsly #lifestyle #newmedia #stl","838100448276021248","https://twitter.com/DarinSlyman/status/838100448276021248"
"Vedransaldo","2017-03-04 13:49","0","0","Woke up and saw these shadows of plants in my living room on the wall and it just looked https://www.instagram.com/p/BRN-3p2hCrk/","","","","838023592126234624","https://twitter.com/Vedransaldo/status/838023592126234624"
"ColePratt_","2017-03-04 04:26","0","4","Gang @Monticello Middle School https://www.instagram.com/p/BRM-c-eg3gK/","","@Monticello","","837881945593892869","https://twitter.com/ColePratt_/status/837881945593892869"
"paulwandtke","2017-03-04 02:57","0","2","Playing a show tonite at @castletheatre and whoa! Ray from the Doors signed the wall!!! I need https://www.instagram.com/p/BRM0OlZFGpD/","","@castletheatre","","837859462702641152","https://twitter.com/paulwandtke/status/837859462702641152"
"afieldsphoto","2017-03-04 02:30","0","0","The gang (@Buffalo Wild Wings - @bwwings in Vincennes, IN) https://www.swarmapp.com/c/28kllWbZSFf","","@Buffalo @bwwings","","837852805989806082","https://twitter.com/afieldsphoto/status/837852805989806082"
"Mari_eWatson","2017-03-04 01:45","0","1","Thank You, Center Creative Arts (COCA) Recently I was inducted on COCA's Alumni Wall. https://www.instagram.com/p/BRMsArADPU-/","","","","837841384279269376","https://twitter.com/Mari_eWatson/status/837841384279269376"
"Bobby_Brown__","2017-03-04 01:07","0","0","Fresh trade alert gang, 2014 Mercedes ML350, 30k miles price is in https://www.instagram.com/p/BRMnm-MFKhUVaaLqNoyP7ln3oyTsED_BHU7mJc0/ ","","","","837831709550837761","https://twitter.com/Bobby_Brown__/status/837831709550837761"
"TelSecure","2017-03-04 00:25","0","0","Need your TV wall mounted today? Call SecureTel LLC (636)327-3003. Or stop by our showroom: 111 https://www.instagram.com/p/BRMi3a5AQRa/","","","","837821271790452738","https://twitter.com/TelSecure/status/837821271790452738"
"sheldonstl","2017-03-03 23:42","1","1","Washington Park Cemetery memory wall. #firstfridaysgc @Sheldon Concert Hall and Art Galleries https://www.instagram.com/p/BRMd7r-j0G4/","","@Sheldon","#firstfridaysgc","837810424326270976","https://twitter.com/sheldonstl/status/837810424326270976"
"zacharyjbabcock","2017-03-03 21:01","0","1","I went from drug addiction & spending 5 years in #prison to #familyman and #entrepreneur. 5 steps to #success https://www.amazon.com/gp/aw/d/0692795251/ref=mp_s_a_1_1?ie=UTF8&qid=1476975610&sr=8-1&pi=SY200_QL40&keywords=prison+to+promised+land&dpPl=1&dpID=51p-olR6NxL&ref=plSrch ","","","#prison #familyman #entrepreneur #success","837769936659415040","https://twitter.com/zacharyjbabcock/status/837769936659415040"
"Bandz_Margera","2017-03-03 19:39","0","0","Of Course I'm Going on First .... But Come Jam with Me & The Gang Tomorrow Evening at The https://www.instagram.com/p/BRMCHh6gG8M/","","","","837749257117581312","https://twitter.com/Bandz_Margera/status/837749257117581312"
"MakeJorgan","2017-03-03 16:29","0","0","I have to give a huge shout out to Heather Leveque for creating this awesome wall art for the https://www.instagram.com/p/BRLsYBGhGTM/","","","","837701452462108673","https://twitter.com/MakeJorgan/status/837701452462108673"
"jsimmo21","2017-03-03 15:13","0","0","Tsunami of sewage spills at Mexican border deliberate, says California mayor http://www.foxnews.com/politics/2017/03/03/tsunami-sewage-spills-at-mexican-border-deliberate-says-california-mayor.html  via the @FoxNews Android app","","@FoxNews","","837682249076203520","https://twitter.com/jsimmo21/status/837682249076203520"
"Bobby_Brown__","2017-03-03 14:28","0","0","Fresh trade alert gang!!! 2016 Lexus RX350, 16k miles..only $42,800 https://www.instagram.com/p/BRLekMOF0mbYLKzdtpOK9xazchw8HAqjBToY0Y0/ ","","","","837671083813789696","https://twitter.com/Bobby_Brown__/status/837671083813789696"
"daniel_bugz","2017-03-03 01:13","0","0","Paint Louis @Graffiti Wall https://www.instagram.com/p/BRKDheHhJwP/","","@Graffiti","","837470879726514176","https://twitter.com/daniel_bugz/status/837470879726514176"
"zacharyjbabcock","2017-03-02 21:01","0","1","I went from drug addiction & spending 5 years in #prison to #familyman and #entrepreneur. 5 steps to #success https://www.amazon.com/gp/aw/d/0692795251/ref=mp_s_a_1_1?ie=UTF8&qid=1476975610&sr=8-1&pi=SY200_QL40&keywords=prison+to+promised+land&dpPl=1&dpID=51p-olR6NxL&ref=plSrch ","","","#prison #familyman #entrepreneur #success","837407635565608960","https://twitter.com/zacharyjbabcock/status/837407635565608960"
"LaMarr_22","2017-03-02 04:58","1","2","BENTLEY GANG #BentleyRecords #TwentyTwo #TAC #supportlocalmusic #AlmightyJ #madmax @St. Louis https://www.instagram.com/p/BRH4dowlw1q/","","@St","#BentleyRecords #TwentyTwo #TAC #supportlocalmusic #AlmightyJ #madmax","837165094018646016","https://twitter.com/LaMarr_22/status/837165094018646016"
"justmikeplease","2017-03-02 03:07","1","0","Is @ConanOBrien going for highest hair of the week tonight or does the air in Mexico effect it's height?","","@ConanOBrien","","837137232410591232","https://twitter.com/justmikeplease/status/837137232410591232"
"zacharyjbabcock","2017-03-01 21:01","0","0","I went from drug addiction & spending 5 years in #prison to #familyman and #entrepreneur. 5 steps to #success https://www.amazon.com/gp/aw/d/0692795251/ref=mp_s_a_1_1?ie=UTF8&qid=1476975610&sr=8-1&pi=SY200_QL40&keywords=prison+to+promised+land&dpPl=1&dpID=51p-olR6NxL&ref=plSrch ","","","#prison #familyman #entrepreneur #success","837045194092605442","https://twitter.com/zacharyjbabcock/status/837045194092605442"
"spotternetwork","2017-03-01 09:10","0","0","Spotr 4 miles ESE of WHEELER, IL @09:08 UTC Not Rotating Wall Cloud>-Delayed report, possible duplicate, I think there was error. %0A%0AW","","@09","","836866131931594752","https://twitter.com/spotternetwork/status/836866131931594752"
"spotternetwork","2017-03-01 08:50","0","0","Spotr 3 miles WNW of NEWTON, IL @08:48 UTC Not Rotating Wall Cloud>-Can't tell if rotating. Using very slow shutter speed photos. It look","","@08","","836861079972167680","https://twitter.com/spotternetwork/status/836861079972167680"
"shinobifitness","2017-03-01 06:36","0","0","After 5 months, Jeff beat that wall! #ShinobiFitness, #futureninjawarrior, https://www.instagram.com/p/BRFe7AtjvuJ/","","","#ShinobiFitness #futureninjawarrior","836827437895909376","https://twitter.com/shinobifitness/status/836827437895909376"
"zacharyjbabcock","2017-02-28 21:01","1","1","I went from drug addiction & spending 5 years in #prison to #familyman and #entrepreneur. 5 steps to #success https://www.amazon.com/gp/aw/d/0692795251/ref=mp_s_a_1_1?ie=UTF8&qid=1476975610&sr=8-1&pi=SY200_QL40&keywords=prison+to+promised+land&dpPl=1&dpID=51p-olR6NxL&ref=plSrch ","","","#prison #familyman #entrepreneur #success","836682839534014464","https://twitter.com/zacharyjbabcock/status/836682839534014464"
"imabrick_WALL","2017-02-27 21:58","0","3","Can't wait to be on the court with these freaks again @ https://www.instagram.com/p/BRB-4VcF0klfOajscSvjUf-u8ma1JfHznUdakc0/ ","","@","","836334802441764864","https://twitter.com/imabrick_WALL/status/836334802441764864"
"zacharyjbabcock","2017-02-27 21:01","0","0","I went from drug addiction & spending 5 years in #prison to #familyman and #entrepreneur. 5 steps to #success https://www.amazon.com/gp/aw/d/0692795251/ref=mp_s_a_1_1?ie=UTF8&qid=1476975610&sr=8-1&pi=SY200_QL40&keywords=prison+to+promised+land&dpPl=1&dpID=51p-olR6NxL&ref=plSrch ","","","#prison #familyman #entrepreneur #success","836320352666005505","https://twitter.com/zacharyjbabcock/status/836320352666005505"
"Kruse_Missile","2017-02-26 23:58","0","0","Pictured here the troublemakers gang by the name of ""The Three Amigos"". I will leave it up to https://www.instagram.com/p/BQ_nwlRFxQb/","","","","836002450448482305","https://twitter.com/Kruse_Missile/status/836002450448482305"
"heyyitsjp","2017-02-26 16:30","0","1","You know you're a criminal justice when you are way too excited https://www.instagram.com/p/BQ-0iJlBjRVpIFV-NVHKbSLxxgaXO2ZWCEYjys0/ ","","","","835889800733315072","https://twitter.com/heyyitsjp/status/835889800733315072"
"JustaWiseMan","2017-02-25 18:30","0","0","Bead gang bang bang! Who else down here? @Soulard Market St. Louis https://www.instagram.com/p/BQ8dflaDy69/","","@Soulard","","835557722292641792","https://twitter.com/JustaWiseMan/status/835557722292641792"
"3143152531y","2017-02-25 11:40","0","0","No one is against legal immigration. All they need is an application. This is so difficult to understand?","","","","835454543316021248","https://twitter.com/3143152531y/status/835454543316021248"
"Kingyella","2017-02-24 18:17","0","0","@OfficialWebbie signing my wall. He said he luv #StLouis n can't wait to hit the stage tonight https://www.instagram.com/p/BQ53H5el-BX/","","@OfficialWebbie","#StLouis","835191901313716226","https://twitter.com/Kingyella/status/835191901313716226"
"tharealjuice12","2017-02-23 16:18","0","1","#tbt Some of O'Fallon finest. Congrats Stew on the OTHS Wall of Fame. Lots and lots of laughter https://www.instagram.com/p/BQ3Eumujog_/","","","#tbt","834799510392025088","https://twitter.com/tharealjuice12/status/834799510392025088"
"RhymesWithLost","2017-02-23 03:19","0","0","I'm at Little Mexico in Alton, IL https://www.swarmapp.com/c/9mMHsua8DCP","","","","834603494703251456","https://twitter.com/RhymesWithLost/status/834603494703251456"
"YungLuchieATL","2017-02-22 16:15","1","0","Meet My Fam @joeleighrattray and the gang ""February 24! St. Louis get ready ! Meet & Greet https://www.instagram.com/p/BQ0fnKvA3C_/","","@joeleighrattray","","834436416994213888","https://twitter.com/YungLuchieATL/status/834436416994213888"
"BRiTTANYNiC0lED","2017-02-22 04:45","0","0","His first time there so he was a little scared sitting on the wall. #arthill #forestpark #nephew https://www.instagram.com/p/BQzQRX4jPF-/","","","#arthill #forestpark #nephew","834262834645184514","https://twitter.com/BRiTTANYNiC0lED/status/834262834645184514"
"Fans4Sixxam","2017-02-21 21:52","0","2","regrann from @jmjamesgang - #Repost @elisa_p_v  Music is the only drug I need! Tribute to https://www.instagram.com/p/BQyhWCZj5jt/","","@jmjamesgang @elisa_p_v","#Repost","834158755998814208","https://twitter.com/Fans4Sixxam/status/834158755998814208"
"FellerSheep","2017-02-21 19:36","0","0","I think Border Leicester lambs just might be the cutest lambs in the barn. This one has https://www.instagram.com/p/BQyRzF6AcVZ/","","","","834124564166737921","https://twitter.com/FellerSheep/status/834124564166737921"
"FORMULA4HEALTH","2017-02-21 01:19","0","0","Wall sits aren't so bad when it's 75 degrees in the #STL ! #mondaymotivation #holiday https://www.instagram.com/p/BQwUWBXAl4X/","","","#STL #mondaymotivation #holiday","833848685666697216","https://twitter.com/FORMULA4HEALTH/status/833848685666697216"
"FellerSheep","2017-02-20 18:42","0","1","The newest arrival and the first Border Leicester born this year! New mother, a friend of https://www.instagram.com/p/BQvm2yIAWlT/","","","","833748657690255360","https://twitter.com/FellerSheep/status/833748657690255360"
"pord_33","2017-02-20 17:50","0","1","Interesting painting on the wall! @University City, Missouri https://www.instagram.com/p/BQvg5HzAnn2mT54yvKc681sb0HuNiKSM5-Cjvo0/ ","","@University","","833735545494892547","https://twitter.com/pord_33/status/833735545494892547"
"BigIrishHuevos","2017-02-19 19:29","0","0","Arm Longer Than Yo Selfie Stick #Gang #LadyKillers https://www.instagram.com/p/BQtHd54FVyJBndVlQdWo8KHn68wv-NxQWgEjBs0/ ","","","#Gang #LadyKillers","833398168024973314","https://twitter.com/BigIrishHuevos/status/833398168024973314"
"Vedransaldo","2017-02-19 16:00","0","0","Infrared vinyl getting displayed on my wall along side all your other merch and autographs love https://www.instagram.com/p/BQsviSDh558/","","","","833345534135906304","https://twitter.com/Vedransaldo/status/833345534135906304"
"rob_blue","2017-02-19 15:12","1","0","How are we gonna build a wall to keep us safe from Sweden!? #swedenincident","","","#swedenincident","833333382339821568","https://twitter.com/rob_blue/status/833333382339821568"
"daniel_bugz","2017-02-19 01:05","0","0","Paint Louis @Graffiti Wall https://www.instagram.com/p/BQrJFkOBOlH/","","@Graffiti","","833120246772883458","https://twitter.com/daniel_bugz/status/833120246772883458"
"bbbrian74","2017-02-18 18:51","0","1","SOON THE NBA AND NFL WILL ONLY BE ALLOWED TO B PLAYED IN MEXICO OR CANADA LOL SNOWFLAKES EVERYWHERE","","","","833026172992811008","https://twitter.com/bbbrian74/status/833026172992811008"
"JessicaBadgley","2017-02-17 15:54","0","0","Wall of Justice #fieldtrip #tour @Illinois State Capitol https://www.instagram.com/p/BQnlTIyh_an/","","@Illinois","#fieldtrip #tour","832619334593765379","https://twitter.com/JessicaBadgley/status/832619334593765379"
"ninamariarec","2017-02-17 04:11","1","1","I'll b in tha studio tonight with my brain and no drug... Wassup @Dreams2Legends","","@Dreams2Legends","","832442200302686208","https://twitter.com/ninamariarec/status/832442200302686208"
"rob_blue","2017-02-17 00:35","0","0","Shes right. By FAR a better option is to just nuzzle up in Putins bosom and suck down that White Russian. Make America Scared Again https://twitter.com/MAKETHEPLEDGE16/status/832387474634764288 ","","","","832388066744664064","https://twitter.com/rob_blue/status/832388066744664064"
"riptalkinsports","2017-02-16 18:05","0","1","ILLEGAL immigration is the problem, dumb asses! Comprende? #Spanish101","","","#Spanish101","832289838376316930","https://twitter.com/riptalkinsports/status/832289838376316930"
"vetbiz","2017-02-15 22:09","0","0","One reason we like working at the VBRC office downtowntrex. This wall. Some days you just need a https://www.instagram.com/p/BQjGne6B_Nd/","","","","831988913573023745","https://twitter.com/vetbiz/status/831988913573023745"
"Nacho171717","2017-02-15 19:17","0","2","Oh I love how my fam in Mexico can't come visit me when the genuinely miss me bf Frump won't let them in #thanksamerica","","","#thanksamerica","831945619455541251","https://twitter.com/Nacho171717/status/831945619455541251"
"CTFrazee","2017-02-15 15:59","0","0","ayeee happy birthday jenny thanks for being super dope enjoy your wild weekend lmao gang @ https://www.instagram.com/p/BQicPniFP_h/","","@","","831895744726581249","https://twitter.com/CTFrazee/status/831895744726581249"
"Bobby_Brown__","2017-02-14 22:45","0","0","Thanks Cawby family!!! Nice Lincoln gang!!! @Bob Rohrman https://www.instagram.com/p/BQgl4ypFkSGmiAgGtpuqIFq94dfIypPgjvtOmE0/ ","","@Bob","","831635473017794560","https://twitter.com/Bobby_Brown__/status/831635473017794560"
"mapesmd","2017-02-14 21:30","0","2","I walked into my classroom after study hall this morning and found this hanging on the wall... https://www.instagram.com/p/BQgdWTvgS0X/","","","","831616687552204800","https://twitter.com/mapesmd/status/831616687552204800"
"Bobby_Brown__","2017-02-13 16:03","0","0","Just a reminder gang!! I got you! I will take care of you https://www.instagram.com/p/BQdTEfTlX-09b4YunnwS3eHG9KOzRGC_m4vVa80/ ","","","","831171879134179328","https://twitter.com/Bobby_Brown__/status/831171879134179328"
"Bobby_Brown__","2017-02-13 15:38","0","0","Thanks again gang!! Awesome Genesis Coupe Vic!! :) be careful with https://www.instagram.com/p/BQdQNFtldjSrx_UuZqaWzWXAbHeCoOsgeP_lI80/ ","","","","831165583966269440","https://twitter.com/Bobby_Brown__/status/831165583966269440"
"rob_blue","2017-02-13 03:41","1","1","if we can come up with 21 billion or even TEN billion for that lame wall, it ought to be spent on our crumbling infrastructure","","","","830985223785607168","https://twitter.com/rob_blue/status/830985223785607168"
"Maudes_Market","2017-02-13 03:28","0","0","He didn't quite know how to get off the wall. @Butterfly House Faust Park https://www.instagram.com/p/BQb8ub3jJK6/","","@Butterfly","","830982067206905859","https://twitter.com/Maudes_Market/status/830982067206905859"
"rob_blue","2017-02-13 03:25","4","12","So maybe instead of a wall, we can work to prevent future #OrovilleDam disasters. Just a thought.","","","#OrovilleDam","830981175300743169","https://twitter.com/rob_blue/status/830981175300743169"
"bbbrian74","2017-02-13 00:44","1","9","why don't u use that sanctuary city money for it idiot. Stop funding this cities who support illegal immigration period. #MAGA","","","#MAGA","830940785726070786","https://twitter.com/bbbrian74/status/830940785726070786"
"CTFrazee","2017-02-12 18:41","0","0","donut gang @Dunkin Donuts https://www.instagram.com/p/BQbAY6jlma2/","","@Dunkin","","830849330118586368","https://twitter.com/CTFrazee/status/830849330118586368"
"mariecarnes","2017-02-12 18:37","0","1","I look at my phone and wonder if a border guard reading it would think my Trump critical tweets are anti America. https://twitter.com/swanksalot/statuses/830843667455864833 ","","","","830848422609551360","https://twitter.com/mariecarnes/status/830848422609551360"
"dbecker725","2017-02-11 22:57","0","0","Part of my Monday muffin crew! Love this gang! @Decatur Family YMCA https://www.instagram.com/p/BQY44Zwgu9D/","","@Decatur","","830551338782162944","https://twitter.com/dbecker725/status/830551338782162944"
"BreakoutFitSTL","2017-02-11 19:46","1","2","Another fun Fight For Air Stairclimb boot camp in the books!! Great job this morning gang!! @ https://www.instagram.com/p/BQYi_n8hGhr/","","@","","830503207172349952","https://twitter.com/BreakoutFitSTL/status/830503207172349952"
"DanLatham128","2017-02-11 17:12","0","0","Here's another boomerang from that trip to Matthiessen State Park with the gang from @Art_of_Chi https://www.instagram.com/p/BQYRdKNhCCx/","","@Art_of_Chi","","830464634142339072","https://twitter.com/DanLatham128/status/830464634142339072"
"Kathetowers","2017-02-11 06:28","0","0","Just a wall like this one #Love #Usa #Mexico @Bucktown, https://www.instagram.com/p/BQXHv9KlH6lgMa5Uf1NDBuPXW6yR-f0WEobbqY0/ ","","@Bucktown","#Love #Usa #Mexico","830302557918658561","https://twitter.com/Kathetowers/status/830302557918658561"
"ayeejuliaaa","2017-02-10 23:45","0","0","@Graffiti Wall https://www.instagram.com/p/BQWWnrMAXUSTH8z5Zn-rSM1n5H5io4THhQsG4I0/ ","","@Graffiti","","830201155649146880","https://twitter.com/ayeejuliaaa/status/830201155649146880"
"pdub78","2017-02-10 01:10","0","0","Coach Dan making lightwork of wall balls today! #crossfit #testyourmettle #merica #fun https://www.instagram.com/p/BQT-i2EhBPY/","","","#crossfit #testyourmettle #merica #fun","829860097933221888","https://twitter.com/pdub78/status/829860097933221888"
"AmazingTRAPier","2017-02-09 23:45","0","0","Everyday I'm creating something new for the youth #bless @Graffiti Wall https://www.instagram.com/p/BQT0yZVARiI/","","@Graffiti","#bless","829838648162000896","https://twitter.com/AmazingTRAPier/status/829838648162000896"
"Kruse_Missile","2017-02-09 23:24","0","0","Saw this on the wall while at Joshua's Parent Teacher Conference tonight with Mrs. Engwall. @ https://www.instagram.com/p/BQTyYTMgZWZ/","","@","","829833348587601921","https://twitter.com/Kruse_Missile/status/829833348587601921"
"3143152531y","2017-02-09 22:37","0","0","Build toll booties on the border of Mexico. Let's make money from the illegals crossing. It will pay for our healthcare.","","","","829821640812949504","https://twitter.com/3143152531y/status/829821640812949504"
"AmazingTRAPier","2017-02-07 20:28","0","1","Moves _unfocused_photography_ @Graffiti Wall https://www.instagram.com/p/BQOUoLTgUAB/","","@Graffiti","","829064240585666564","https://twitter.com/AmazingTRAPier/status/829064240585666564"
"YakBoyFresh","2017-02-07 04:52","1","4","The feeling of the Holy Spirit is better then any drug , any buzz, any high I've ever https://www.instagram.com/p/BQMpkwbgym3/","","","","828828824263655424","https://twitter.com/YakBoyFresh/status/828828824263655424"
"shinobifitness","2017-02-06 19:11","0","2","A little precision wall jump. #shinobifitness, #boxjump, #precision, #americanninjawarrior, https://www.instagram.com/p/BQLnCU5lQUn/","","","#shinobifitness #boxjump #precision #americanninjawarrior","828682512054501376","https://twitter.com/shinobifitness/status/828682512054501376"
"TotalTrafficSTL","2017-02-06 08:12","0","0","Accident in #Wentzville on Mexico Rd east of State Hwy P #STLtraffic http://bit.ly/17hxde2","","","#Wentzville #STLtraffic","828516808122589184","https://twitter.com/TotalTrafficSTL/status/828516808122589184"
"DTTRLLC","2017-02-06 05:46","0","0","@dttrllc put in some #custom work today and helped out @whoiskevinhu with his new wall https://www.instagram.com/p/BQKK-gxl5Oz/","","@dttrllc @whoiskevinhu","#custom","828480070281023489","https://twitter.com/DTTRLLC/status/828480070281023489"
"greenheadfever","2017-02-06 01:47","0","0","Whole gang out for a hike! Beautiful day. #hiking #naturerocks @Cuivre River State Park https://www.instagram.com/p/BQJvmAig3H_/","","@Cuivre","#hiking #naturerocks","828419848778690560","https://twitter.com/greenheadfever/status/828419848778690560"
"havennnnn","2017-02-06 01:21","0","1","I have been waiting over a year to get a picture in front of this wall and the time finally came https://www.instagram.com/p/BQJspSyBSNH/","","","","828413372865536000","https://twitter.com/havennnnn/status/828413372865536000"
"HartsyThaiFood","2017-02-05 03:51","0","0","2017 Curling Gang. @Waltham Curling Club https://www.instagram.com/p/BQHY_juF_1P/","","@Waltham","","828088689532223489","https://twitter.com/HartsyThaiFood/status/828088689532223489"
"laurrrrsnaps","2017-02-04 23:21","0","0","Guess who stars on the new Orange Krush Lobby wall? You guessed it! https://www.instagram.com/p/BQG6GvqDixmX8gdEPoOQMULgKb2pdSoor20OEQ0/ ","","","","828020752729403393","https://twitter.com/laurrrrsnaps/status/828020752729403393"
"ModestDweeb","2017-02-04 21:14","0","0","March to the Arch for immigration and refugees. #nomuslimban https://www.instagram.com/p/BQGrdJhAA7JNiV2Qs1rA-cBN20IqcS_sr_g-rw0/ ","","","#nomuslimban","827988680744828929","https://twitter.com/ModestDweeb/status/827988680744828929"
"BrianLegate","2017-02-04 20:32","0","0","#STL Protest Against Muslim Ban and Immigration Orders #CAIR #lovethyneighbor @Thomas F. https://www.instagram.com/p/BQGmtqplUFs/","","@Thomas","#STL #CAIR #lovethyneighbor","827978114114453509","https://twitter.com/BrianLegate/status/827978114114453509"
"OutlawFitness","2017-02-04 14:11","0","1","These Tribers crushed it! Rowing, wall balls and planking team workout! @Iron Tribe Fitness https://www.instagram.com/p/BQF7ItpgUBm/","","@Iron","","827882287714938881","https://twitter.com/OutlawFitness/status/827882287714938881"
"TheBoeingCenter","2017-02-03 20:50","0","0","The gang's all here @the #MOCC awards ceremony  #supplychain #innovation #monsanto #college https://www.instagram.com/p/BQED9pbDWLU/","","@the","#MOCC #supplychain #innovation #monsanto #college","827620218134478848","https://twitter.com/TheBoeingCenter/status/827620218134478848"
"Charyl78","2017-02-02 16:04","0","0","My wall of love. @Wells Fargo Home Mortgage https://www.instagram.com/p/BQA-eLjAxaL/","","@Wells","","827185927592239105","https://twitter.com/Charyl78/status/827185927592239105"
"mkcroal","2017-02-02 15:17","0","1","The wall outside of the student activities office sure does look a lot better! @Bradley https://www.instagram.com/p/BQA5G89jfld/","","@Bradley","","827174136044724224","https://twitter.com/mkcroal/status/827174136044724224"
"shinobifitness","2017-02-01 19:05","0","0","When your daughter wants to video tape you running the warped wall, even though your right https://www.instagram.com/p/BP-uWoGFM6e/","","","","826869044015935489","https://twitter.com/shinobifitness/status/826869044015935489"
"MusicRecordShop","2017-01-31 21:26","0","1","Love having these wall racks back! @Dotzack- .ZACK https://www.instagram.com/p/BP8ZxW4AKp7/","","@Dotzack","","826542285651320832","https://twitter.com/MusicRecordShop/status/826542285651320832"
"Bobby_Brown__","2017-01-31 21:11","0","0","Look who came by gang!! Thanks Blake!! Nice Mustang my friend!! @ https://www.instagram.com/p/BP8YAyNF01I8eOvdq17CyTa0AM67N6jqKlILAA0/ ","","@","","826538408784830464","https://twitter.com/Bobby_Brown__/status/826538408784830464"
"shinobifitness","2017-01-31 06:18","0","0","4 year old Ella, showing the safe/proper way to come down a 10' warped wall, if you can't make https://www.instagram.com/p/BP6x3FxliBU/","","","","826313783958179840","https://twitter.com/shinobifitness/status/826313783958179840"
"itsaulbeer","2017-01-31 02:58","0","0","Drinking an Urban Gang by @urbanchestnut at @urbanchestnut  http://untp.beer/s/c412022121","","@urbanchestnut @urbanchestnut","","826263257098883073","https://twitter.com/itsaulbeer/status/826263257098883073"
"mgruver","2017-01-30 02:18","2","5","This GRRRL Gang did something pretty powerful yesterday and over 500 https://www.instagram.com/p/BP3xVo7gaikxI-3MrnCg861zXbI-1CJ51BlXj00/ ","","","","825890966859046912","https://twitter.com/mgruver/status/825890966859046912"
"CTFrazee","2017-01-29 23:59","0","0","gang @Doudna Fine Arts Center https://www.instagram.com/p/BP3hmRjlHiM/","","@Doudna","","825855807799644161","https://twitter.com/CTFrazee/status/825855807799644161"
"GoodmanImage","2017-01-29 20:08","0","1","Protest at Lambert International Airport on immigration @Lambert-St. Louis International https://www.instagram.com/p/BP3HK3Pj8Pw/","","@Lambert","","825797681536708609","https://twitter.com/GoodmanImage/status/825797681536708609"
"GoodmanImage","2017-01-29 20:05","0","0","Protest on immigration at Lambert Saint Louis International Airport @Lambert-St. Louis https://www.instagram.com/p/BP3G5IpjDsj/","","@Lambert","","825797092950032384","https://twitter.com/GoodmanImage/status/825797092950032384"
"Peinado_Liz","2017-01-29 19:28","1","3","No ban. No wall. America is home to all! @Lambert-St. Louis International Airport (Official) https://www.instagram.com/p/BP3Csl1htsa/","","@Lambert","","825787845000384513","https://twitter.com/Peinado_Liz/status/825787845000384513"
"OhJuliaAnn","2017-01-28 23:38","0","0","Mirror mirror on the wall, who loves selfies most of all? @Saint Louis Galleria https://www.instagram.com/p/BP06chRgogu/","","@Saint","","825488238278242304","https://twitter.com/OhJuliaAnn/status/825488238278242304"
"MayaValdez1","2017-01-28 04:14","0","0","Make America Drink Again @Bradley University AEPi https://www.instagram.com/p/BPy1OrFBAUPxAgTWau0mj6zSp-SU6cfQFymJkg0/ ","","@Bradley","","825195279628455936","https://twitter.com/MayaValdez1/status/825195279628455936"
"voice_outside","2017-01-28 00:06","0","0","It's about time!!! #criminal #leftisforpassing @voice_outside @R:DIN STUDIO https://www.instagram.com/p/BPyY0q0AXqA/","","@voice_outside @R","#criminal #leftisforpassing","825132812730847232","https://twitter.com/voice_outside/status/825132812730847232"
"ashpilipovich","2017-01-27 20:59","0","0","""take my pic in front of this rustic wall"" - drunk ashlee @The Landing https://www.instagram.com/p/BPyDa7rg0PhKUlx7OznsOln3Ee7xtAYjTsYzjs0/ ","","@The","","825085749619982336","https://twitter.com/ashpilipovich/status/825085749619982336"
"hcurrierphotog","2017-01-27 13:05","0","0","Happy Friday, gang! I've noticed I have some new faces following along, so allow me to introduce https://www.instagram.com/p/BPxNLe7Dj7z/","","","","824966473726775296","https://twitter.com/hcurrierphotog/status/824966473726775296"
"TheRealYG17","2017-01-27 02:41","0","1","My pilot was British. He is clearly taking a job an American can do. We should build a 40,000 foot wall along the Atlantic coastline. #MAGA!","","","#MAGA","824809642299637761","https://twitter.com/TheRealYG17/status/824809642299637761"
"afieldsphoto","2017-01-26 18:45","0","0","Lunch with gang! (@Thainamite in Vincennes, IN) https://www.swarmapp.com/c/0AqtjvfD7Cl","","@Thainamite","","824689700300591104","https://twitter.com/afieldsphoto/status/824689700300591104"
"meethers_","2017-01-26 17:22","0","0","Today's guerrilla art project: ""Self-portrait on mommy & daddy's bedroom wall"" #kids #wallart https://www.instagram.com/p/BPvF3QzgycG/","","","#kids #wallart","824668907726340097","https://twitter.com/meethers_/status/824668907726340097"
"postingexpert","2017-01-26 02:25","0","0","So they blocked Obama's infrastructure spending for eight years just to end up building a wall? https://twitter.com/lisamascaro/status/824397986381832192 ","","","","824443191353049092","https://twitter.com/postingexpert/status/824443191353049092"
"Nacho171717","2017-01-25 17:59","0","0","Hahaha communications blackout for scientist, starting back up the pipeline, and separating a country with a wall... #goodchoiceamerica","","","#goodchoiceamerica","824315663875448833","https://twitter.com/Nacho171717/status/824315663875448833"
"gigi_eileen","2017-01-25 07:25","0","1","You and I are more than friends, we're like a really small gang @Collinsville, Illinois https://www.instagram.com/p/BPrcq3ljE6Q/","","@Collinsville","","824156112333238272","https://twitter.com/gigi_eileen/status/824156112333238272"
"ArchElements","2017-01-24 20:42","0","0","Wall to wall carpet  Designed and fabricated this 15' long run of display racking for carpet https://www.instagram.com/p/BPqTJtrBH3Q/","","","","823994441564200960","https://twitter.com/ArchElements/status/823994441564200960"
"aDDiCiTeD2HeR_","2017-01-24 19:14","0","0","Still the funniest shyt ive ever watched... "" @LoiterrSquad: DRUG BUST https://twitter.com/LoiterSquadVids/status/635921282312241152/video/1 ""","","@LoiterrSquad","","823972350232317952","https://twitter.com/aDDiCiTeD2HeR_/status/823972350232317952"
"jubeikibigami","2017-01-24 05:42","0","0","The Writing Is On The Wall.. #ReadTheSigns #YoureFuckingAwesome #ThisIsYourMoment https://www.instagram.com/p/BPosLJjFjHr/","","","#ReadTheSigns #YoureFuckingAwesome #ThisIsYourMoment","823767998175526915","https://twitter.com/jubeikibigami/status/823767998175526915"
"mariecarnes","2017-01-24 04:16","0","0","Other countries would hit us back if US hits them w/ border tax. Illinois exports billions in goods and commodities. https://www.illinois.gov/dceo/SmallBizAssistance/Export/Pages/State-of-Illinois-Trade-and-Investment-Statistics.aspx ","","","","823746256124203009","https://twitter.com/mariecarnes/status/823746256124203009"
"CandiceDoula","2017-01-24 03:56","0","0","This is the wall in my office. #nevergiveup #doula #staypositive @Candice Ullery - Childbirth https://www.instagram.com/p/BPof_hNAZV4/","","@Candice","#nevergiveup #doula #staypositive","823741201203527680","https://twitter.com/CandiceDoula/status/823741201203527680"
"SamXQuinn","2017-01-23 21:21","0","0","Make America Gay Again #protest #activism #WhyIMarch #WomensMarch #unity https://www.instagram.com/p/BPnyxvVgF_T/","","","#protest #activism #WhyIMarch #WomensMarch #unity","823641774845558784","https://twitter.com/SamXQuinn/status/823641774845558784"
"RichieTheHippie","2017-01-22 02:41","0","0","Gang Rule #1 Dont Tell @City of East Saint Louis https://www.instagram.com/p/BPi1E29lkaO/","","@City","#1","822997575804469249","https://twitter.com/RichieTheHippie/status/822997575804469249"
"silverdeity52","2017-01-21 21:09","0","0","It doesn't take a president to make America great. It takes people like the Griffin family. @ https://www.instagram.com/p/BPin01-A-eh/","","@","","822914033577824258","https://twitter.com/silverdeity52/status/822914033577824258"
"CB_on_the_run","2017-01-21 20:33","0","2","The illusive, wall climbing narwhal. Happy birthday Claire @ https://www.instagram.com/p/BPijtQ3DEwmjkFErmSrB6Jnrfz_dhdkMdYwo7c0/ ","","@","","822904949269000193","https://twitter.com/CB_on_the_run/status/822904949269000193"
"dwntownpiercing","2017-01-21 03:13","0","0","Weight gang @Iron Age Tattoo https://www.instagram.com/p/BPgsvRchA5F/","","@Iron","","822643347173019652","https://twitter.com/dwntownpiercing/status/822643347173019652"
"imabrick_WALL","2017-01-20 22:00","0","1","3 months with my fav @MacMurray College https://www.instagram.com/p/BPgI4xLhnRV3zaj0aso-Fp9UN523NpKu-vcyFU0/ ","","@MacMurray","","822564572800385024","https://twitter.com/imabrick_WALL/status/822564572800385024"
"Bobby_Brown__","2017-01-20 19:47","0","0","Another satisfied customer!!! Thanks gang!! Great Job Chris!! @ https://www.instagram.com/p/BPf5pVHFxO-7leoO2_vGYnxDhxRcNE1ZTwjesM0/ ","","@","","822530984100958208","https://twitter.com/Bobby_Brown__/status/822530984100958208"
"aaronlaxton","2017-01-20 13:10","0","0","On a day like today, you dress like you are going to a funeral. @Criminal Justice Ministry http://ln.is/www.instagram.com/p/3lmkj ","","@Criminal","","822431034092482560","https://twitter.com/aaronlaxton/status/822431034092482560"
