"username","date","retweets","favorites","text","geo","mentions","hashtags","id","permalink"
"spotternetwork","2017-04-19 23:44","2","1","Spotr 2 miles WNW of ELLSWORTH, KS @23:44 UTC Rotating Wall Cloud>-4 miles WNW of Ellsworth","","@23","","854843298552348672","https://twitter.com/spotternetwork/status/854843298552348672"
"j5uliana","2017-04-19 18:03","0","0","I'm at Little Mexico in Lindsborg, KS https://www.swarmapp.com/c/e8RuUt04Dox","","","","854757455586365442","https://twitter.com/j5uliana/status/854757455586365442"
"pauljeffersonks","2017-04-18 15:54","0","0","I'm at Rock Wall At Ambler Student Recreational Facility in Lawrence, KS https://www.swarmapp.com/c/lA0q5UGrrnN","","","","854362608304103424","https://twitter.com/pauljeffersonks/status/854362608304103424"
"dblakesmart","2017-04-17 22:49","0","4","NEVER BOOK THE LAST FLIGHT OUT OF A SMALL AIRPORT! #iknowbetter #drivehard @Kansas/Oklahoma Border https://www.instagram.com/p/BTAPrvMgKkD/","","@Kansas","#iknowbetter #drivehard","854104636671832065","https://twitter.com/dblakesmart/status/854104636671832065"
"Official_BMO","2017-04-17 18:54","0","1","Make America Hippy Again . . . . . #america #sunset #hippy #modernhippy #bmo https://www.instagram.com/p/BS_0ubujYA7/","","","#america #sunset #hippy #modernhippy #bmo","854045357248000001","https://twitter.com/Official_BMO/status/854045357248000001"
"pauljeffersonks","2017-04-17 15:28","0","0","I'm at Rock Wall At Ambler Student Recreational Facility in Lawrence, KS https://www.swarmapp.com/c/eA900WvqzML","","","","853993694977982464","https://twitter.com/pauljeffersonks/status/853993694977982464"
"spotternetwork","2017-04-16 03:42","0","0","Spotr 5 miles W of CENTERVIEW, KS @03:41 UTC Rotating Wall Cloud>-Wall cloud w/ visible funnel","","@03","","853453558624256000","https://twitter.com/spotternetwork/status/853453558624256000"
"spotternetwork","2017-04-16 03:41","0","0","Evnt 0 miles SW of KINSLEY, KS @03:41 UTC Funnel>-Wall cloud w/ visible funnel","","@03","","853453353866678273","https://twitter.com/spotternetwork/status/853453353866678273"
"spotternetwork","2017-04-16 03:27","0","1","Evnt 7 miles WNW of CENTERVIEW, KS @03:26 UTC Funnel>-Can see wall cloud w/ funnel in lightning flashes","","@03","","853449736329859072","https://twitter.com/spotternetwork/status/853449736329859072"
"spotternetwork","2017-04-16 00:53","2","2","Spotr 1 miles S of PROTECTION, KS @00:52 UTC Not Rotating Wall Cloud>-Wall cloud forming unable to tell if it is rotating.","","@00","","853410881891336192","https://twitter.com/spotternetwork/status/853410881891336192"
"spotternetwork","2017-04-16 00:31","6","0","Spotr 3 miles W of PROTECTION, KS @00:29 UTC Hail (1.00"")>-Wall cloud forming SSE of my location","","@00","","853405353324752896","https://twitter.com/spotternetwork/status/853405353324752896"
"j5uliana","2017-04-14 19:48","0","0","I'm at Little Mexico in Lindsborg, KS https://www.swarmapp.com/c/gObBWXWrYtG","","","","852971764363800576","https://twitter.com/j5uliana/status/852971764363800576"
"MastonSeth","2017-04-14 19:39","0","2","All custom like we on the border. #NightLite #bkirk @Alva, Oklahoma https://www.instagram.com/p/BS2wlibBGQdL4QvoDf_AQqFaq-0hdDsxPC3puE0/ ","","@Alva","#NightLite #bkirk","852969636329136129","https://twitter.com/MastonSeth/status/852969636329136129"
"cbd_wichita","2017-04-14 18:02","0","0","Its fun to change it up and walk over to the whiteboard wall to express our thoughts on https://www.instagram.com/p/BS4Aaw9ga7t/","","","","852945170412838912","https://twitter.com/cbd_wichita/status/852945170412838912"
"pauljeffersonks","2017-04-14 16:30","0","0","I'm at Rock Wall At Ambler Student Recreational Facility in Lawrence, KS https://www.swarmapp.com/c/53BCpgzW7ix","","","","852922026696298496","https://twitter.com/pauljeffersonks/status/852922026696298496"
"j5uliana","2017-04-13 21:29","0","0","I'm at Little Mexico in Lindsborg, KS https://www.swarmapp.com/c/i3VrdNNdKsN","","","","852634818500284417","https://twitter.com/j5uliana/status/852634818500284417"
"La_Brooke_Cerda","2017-04-13 16:02","0","0","... not only at United Airline. How about Wall Street and the others ? @Confronting Racism https://www.instagram.com/p/BS1N7wvAYz4/","","@Confronting","","852552680937574400","https://twitter.com/La_Brooke_Cerda/status/852552680937574400"
"locanbrand","2017-04-13 13:52","0","0","So cute. 25% off throw pillows, wall tapestries, & duvet covers. Use GOHOME25 today only IG https://www.instagram.com/p/BS0-_WMly4o/","","","","852519829995225088","https://twitter.com/locanbrand/status/852519829995225088"
"TheMustangBoard","2017-04-13 13:36","1","1","25% off throw pillows, wall tapestries, & duvet covers. Use GOHOME25 #shop #linkinbio https://www.instagram.com/p/BS09MxSF-GP/","","","#shop #linkinbio","852515890809667585","https://twitter.com/TheMustangBoard/status/852515890809667585"
"locanbrand","2017-04-13 13:02","0","0","25% off throw pillows, wall tapestries, & duvet covers. Use GOHOME25 today only IG #myRBthing https://www.instagram.com/p/BS05U-6l2ZX/","","","#myRBthing","852507375517007872","https://twitter.com/locanbrand/status/852507375517007872"
"locanbrand","2017-04-13 12:28","0","0","25% off throw pillows, wall tapestries, & duvet covers. Use GOHOME25 today only IG #myRBthing https://www.instagram.com/p/BS01akXlnX5/","","","#myRBthing","852498764359241728","https://twitter.com/locanbrand/status/852498764359241728"
"TheMustangBoard","2017-04-13 11:52","0","0","Choices of color on the frames of your clock. 25% off throw pillows, wall tapestries, & duvet https://www.instagram.com/p/BS0xRlmlNtE/","","","","852489663352897537","https://twitter.com/TheMustangBoard/status/852489663352897537"
"chubbyflyers","2017-04-13 01:31","0","1","#CD & #DVD COVERS @ChubbyFlyers <~ #datway! - #PRINT #PRINTING #Canada #Mexico #madeinamerica https://www.instagram.com/p/BSzqMJTlMjy/","","@ChubbyFlyers","#CD #DVD #datway #PRINT #PRINTING #Canada #Mexico #madeinamerica","852333353089073156","https://twitter.com/chubbyflyers/status/852333353089073156"
"christianyb","2017-04-11 18:13","0","0","heyheyhaase!! Chinese food, sugar rolls, and #horriblefortunes. #roadtrip @Great Wall https://www.instagram.com/p/BSwTQh0gAVU/","","@Great","#horriblefortunes #roadtrip","851860697910837249","https://twitter.com/christianyb/status/851860697910837249"
"98_Untouched","2017-04-09 18:15","3","10","There nothing like good people, and good fishing #BSRanch @Kansas/Oklahoma Border https://www.instagram.com/p/BSrJ-G8DqI2/","","@Kansas","#BSRanch","851136587878588416","https://twitter.com/98_Untouched/status/851136587878588416"
"j5uliana","2017-04-08 20:36","0","0","I'm at Little Mexico in Lindsborg, KS https://www.swarmapp.com/c/hbX369eFVDF","","","","850809630909485056","https://twitter.com/j5uliana/status/850809630909485056"
"lovetotravelKC","2017-04-08 01:37","0","0","The gang is together for one last Mom's weekend! #margaritas #tacolucha @Taco Lucha https://www.instagram.com/p/BSmy5yvluHB/","","@Taco","#margaritas #tacolucha","850522917775581184","https://twitter.com/lovetotravelKC/status/850522917775581184"
"DreilingLaw","2017-04-07 23:41","0","1","Party criminal defense attorney style (at @BluemontHotel in Manhattan, KS)https://www.swarmapp.com/c/a1Og52TEj9H","","@BluemontHotel","","850493733053358081","https://twitter.com/DreilingLaw/status/850493733053358081"
"paolovega","2017-04-06 23:31","0","0","April Boxing Action. Check your locals be ready! . . . . . . . . . #USA #UnitedStates #Mexico https://www.instagram.com/p/BSj_qoAhwo0/","","","#USA #UnitedStates #Mexico","850128765950738432","https://twitter.com/paolovega/status/850128765950738432"
"j5uliana","2017-04-05 19:26","0","0","I'm at Little Mexico in Lindsborg, KS https://www.swarmapp.com/c/2hqsZkJwtZk","","","","849704928285216768","https://twitter.com/j5uliana/status/849704928285216768"
"simpIy_sueee","2017-04-04 17:16","0","0","Apparently my sick babygirl wanted egg drop soup but changed her mind to s&s chicken.. (@Great Wall Chinese) https://www.swarmapp.com/c/i4EhnAOks7Q","","@Great","","849309776420929536","https://twitter.com/simpIy_sueee/status/849309776420929536"
"pauljeffersonks","2017-04-03 15:49","0","0","I'm at Rock Wall At Ambler Student Recreational Facility in Lawrence, KS https://www.swarmapp.com/c/eLPIFXzBAf2","","","","848925432653238273","https://twitter.com/pauljeffersonks/status/848925432653238273"
"lilgraceg","2017-04-02 18:38","0","0","#RESIST means to stand for the people who already make America great. -Aisha Dew @Ladybird Diner https://www.instagram.com/p/BSZK8vBhXkm/","","@Ladybird","#RESIST","848605465294512128","https://twitter.com/lilgraceg/status/848605465294512128"
"AllyJWilkinson","2017-04-02 15:50","0","1","Rocking in the states with the gang a while back. #drums #shura #live #3piece #gig #show https://www.instagram.com/p/BSY3zTClS_V/","","","#drums #shura #live #3piece #gig #show","848563364947267584","https://twitter.com/AllyJWilkinson/status/848563364947267584"
"j5uliana","2017-03-31 18:21","0","0","I'm at Little Mexico in Lindsborg, KS https://www.swarmapp.com/c/bTLSGJ4ULc9","","","","847876456608878593","https://twitter.com/j5uliana/status/847876456608878593"
"froufroujewelry","2017-03-30 16:56","0","0","Bright colorful perfect for Mexico! or that perfect summer white dress! Oh the possibilities https://www.instagram.com/p/BSRQ6R3Anh-/","","","","847492674416394240","https://twitter.com/froufroujewelry/status/847492674416394240"
"suaevents","2017-03-29 01:23","0","1","Students making wall art hangings! Thanks to the @yarnbarnks for their help tonight. @KU https://www.instagram.com/p/BSNBYvUFdWW/","","@yarnbarnks @KU","","846895590130659329","https://twitter.com/suaevents/status/846895590130659329"
"nonmatingpanda","2017-03-28 09:21","0","0","a reflection on a wall @Manhattan, Kansas https://www.instagram.com/p/BSLTTSEgUGY/","","@Manhattan","","846653503166664704","https://twitter.com/nonmatingpanda/status/846653503166664704"
"Bigtrashday","2017-03-27 00:23","0","0","Album cover? Bad ass gang? Yes and yes! @The Garden Oasis https://www.instagram.com/p/BSHw5Bgj245xrj1MR-sRIj5TdKPBydDLTGvfzo0/ ","","@The","","846155628791943168","https://twitter.com/Bigtrashday/status/846155628791943168"
"spotternetwork","2017-03-26 23:46","2","2","Spotr 3 miles SSW of FREEPORT, KS @23:44 UTC TOR>-TORNADO ON GROUND MOVING EAST. HAS NOW LIFTED. STILL ROTATING WALL CLOUD.","","@23","","846146275494035456","https://twitter.com/spotternetwork/status/846146275494035456"
"LegiScanKS","2017-03-25 03:36","0","1","SB23 [Engross] Consolidating criminal prosecutions for fraud and abuse under the jurisdiction of the attorney gen... http://bitly.com/XC7ua5","","","","845479383469101057","https://twitter.com/LegiScanKS/status/845479383469101057"
"j5uliana","2017-03-24 18:11","0","0","I'm at Little Mexico in Lindsborg, KS https://www.swarmapp.com/c/1ksfsQBGQbh","","","","845337302608089088","https://twitter.com/j5uliana/status/845337302608089088"
"j5uliana","2017-03-22 18:23","0","0","I'm at Little Mexico in Lindsborg, KS https://www.swarmapp.com/c/9xCHuil4Qni","","","","844615629525204992","https://twitter.com/j5uliana/status/844615629525204992"
"boredintellect","2017-03-21 21:09","0","1","Noodle, the Italian wall lizard @Poehler Loft Apartments https://www.instagram.com/p/BR6ivQkBrDq/","","@Poehler","","844294917438373888","https://twitter.com/boredintellect/status/844294917438373888"
"froufroujewelry","2017-03-20 14:40","0","0","Represent where you are from with one of our home state wall plaques.  #fashion #style https://www.instagram.com/p/BR3Rc6BAaRV/","","","#fashion #style","843834689068716033","https://twitter.com/froufroujewelry/status/843834689068716033"
"SadieAlexius2","2017-03-19 03:39","0","0","the gang is finally together...just missin one more, AKA Nia @ https://www.instagram.com/p/BRzg9VmhskoWQpz07kVOdDSrbCo7-UW-q1-dno0/ ","","@","","843305842032091136","https://twitter.com/SadieAlexius2/status/843305842032091136"
"j5uliana","2017-03-16 20:07","0","0","I'm at Little Mexico in Lindsborg, KS https://www.swarmapp.com/c/kzBOhdFJPZP","","","","842467431557804034","https://twitter.com/j5uliana/status/842467431557804034"
"jeanieforever","2017-03-16 17:34","0","0","MAKE AMERICA FUCKED AGAIN @United States https://www.instagram.com/p/BRtSMPWgaK-/","","@United","","842428941134663680","https://twitter.com/jeanieforever/status/842428941134663680"
"JonathanJohn92","2017-03-15 05:01","0","0","Blessed 21st birthday Joshua. Glad we got to know you and welcome to the gang ! #familia https://www.instagram.com/p/BRpXIWUFLTz/","","","#familia","841876901849403392","https://twitter.com/JonathanJohn92/status/841876901849403392"
"majimafia","2017-03-14 22:12","0","0","This is the end of America. Mexico on the other side. #theend #borders #usa #mexico @Wall's https://www.instagram.com/p/BRooWklgB3o/","","@Wall","#theend #borders #usa #mexico","841773985314574336","https://twitter.com/majimafia/status/841773985314574336"
"ElizabethHarris","2017-03-14 12:11","0","0","New wall sculpture. 2017. Day 1 of 10 Day Art Challenge. @United States https://www.instagram.com/p/BRnjjZXA3uW/","","@United","","841622693111816192","https://twitter.com/ElizabethHarris/status/841622693111816192"
"mmgama_","2017-03-14 01:49","0","0","Rallied like we were back in Mexico #fpd @Kansas State University https://www.instagram.com/p/BRmcaBMDL2coBPltbBz5E11ZewT2w8KKZqHJpU0/ ","","@Kansas","#fpd","841466250425487360","https://twitter.com/mmgama_/status/841466250425487360"
"voicebymatt","2017-03-14 01:09","0","1","Chain Gang #vob2017 @Winfield High https://www.instagram.com/p/BRmXzyoBKAU/","","@Winfield","#vob2017","841456133567000577","https://twitter.com/voicebymatt/status/841456133567000577"
"BryceBarrientos","2017-03-12 15:02","0","0","In this picture I spy a Mexican being molested mid-picture and a common criminal. 2 different https://www.instagram.com/p/BRitmRWjaSz/","","","","840941106573520896","https://twitter.com/BryceBarrientos/status/840941106573520896"
"sean_lismore","2017-03-12 15:01","0","0","Gang @Where's My Beer https://www.instagram.com/p/BRiteLgheKTt5hG9LG-i3pkDLCSEBEploDAbxE0/ ","","@Where","","840940827941650432","https://twitter.com/sean_lismore/status/840940827941650432"
"RookWorx","2017-03-11 00:20","0","0","G34 Gen 4: Carbide Grip Package/ Recessed Border/ Trigger Guard Profiled Cerakote by Red Letter https://www.instagram.com/p/BRej3CXlBRR/","","","","840356740822622208","https://twitter.com/RookWorx/status/840356740822622208"
"msbeautiful521","2017-03-10 21:40","0","0","I Love My Grandma. She has both her Husband and HER EX Man on the same wall...... https://www.instagram.com/p/BReRfZPFiMq/","","","","840316382550077440","https://twitter.com/msbeautiful521/status/840316382550077440"
"tamarawellons","2017-03-08 15:29","0","0","Tonight! Underground WGN ... can't wait to tune in. ""It is criminal to teach a man not to https://www.instagram.com/p/BRYdfZlhpmg/","","","","839498302882197504","https://twitter.com/tamarawellons/status/839498302882197504"
"CodyMRoss","2017-03-06 20:51","0","3","~Music is my drug~ @United States https://www.instagram.com/p/BRT4znFguU3/","","@United","","838854684400041985","https://twitter.com/CodyMRoss/status/838854684400041985"
"mark_makela","2017-03-06 20:07","0","0","cracked patriotism (with some to surely cite that registered slogan: Make America Great Again) https://www.instagram.com/p/BRTzv_OBk8B/","","","","838843562364035072","https://twitter.com/mark_makela/status/838843562364035072"
"j5uliana","2017-03-06 19:51","0","1","I'm at Little Mexico in Lindsborg, KS https://www.swarmapp.com/c/jSsk911fSO8","","","","838839570192031748","https://twitter.com/j5uliana/status/838839570192031748"
"mommydaddykm","2017-03-03 22:36","0","0","I look high buh tweek gang @_asia_boo_ @United States https://www.instagram.com/p/BRMWV1hgIWD/","","@_asia_boo_ @United","","837793736570597376","https://twitter.com/mommydaddykm/status/837793736570597376"
"j5uliana","2017-03-03 19:39","0","0","I'm at Little Mexico in Lindsborg, KS https://www.swarmapp.com/c/aAMQbU5Xodx","","","","837749183843086337","https://twitter.com/j5uliana/status/837749183843086337"
"j5uliana","2017-03-01 00:47","0","0","I'm at Little Mexico in Lindsborg, KS https://www.swarmapp.com/c/l8IWNkK6L1C","","","","836739711280500737","https://twitter.com/j5uliana/status/836739711280500737"
"AubreyNicole07","2017-02-28 19:54","0","0","You're the only one I'd cross the Missouri-Kansas border for @ https://www.instagram.com/p/BREVTLmD5Yo5yFiqX8mV9ocaKwl6Rgi0Y8xfis0/ ","","@","","836665806020816901","https://twitter.com/AubreyNicole07/status/836665806020816901"
"aemp251","2017-02-28 06:22","0","0","#rp from @DGBastard - Hustle Gang's @1dopeboyra drops the visual to ""LAWD"" Out now #DGB @ https://www.instagram.com/p/BRC4ewADjoR/","","@DGBastard @1dopeboyra @","#rp #DGB","836461435819556865","https://twitter.com/aemp251/status/836461435819556865"
"PiergNunez","2017-02-28 04:40","0","0","#unitedstates #texas #goodvibes This place is increble... But nothing like my Mexico. https://www.instagram.com/p/BRCs2GrDSE2/","","","#unitedstates #texas #goodvibes","836435841966813184","https://twitter.com/PiergNunez/status/836435841966813184"
"geezy_febreezy","2017-02-27 01:37","0","0","Glo up from the Flo up [to the top of the wall] #NightClimb @KSU Recreational Center https://www.instagram.com/p/BQ_zFpfljWr/","","@KSU","#NightClimb","836027365360828418","https://twitter.com/geezy_febreezy/status/836027365360828418"
"WildWayno","2017-02-26 00:25","0","0","Dinner with Janice. Been awhile. (@Jose Pepper's Border Grill and Cantina in Wichita, KS) https://www.swarmapp.com/c/kaJw2kxkYIq","","@Jose","","835646956789723137","https://twitter.com/WildWayno/status/835646956789723137"
"LoonyBinWichita","2017-02-25 03:21","0","0","The artsy is on the wall. The fartsy starts at midnight. Don't miss Tim Maggard's Final Friday https://www.instagram.com/p/BQ61bn0Dkbj/","","","","835328823881236480","https://twitter.com/LoonyBinWichita/status/835328823881236480"
"j5uliana","2017-02-24 20:42","0","0","I'm at Little Mexico in Lindsborg, KS https://www.swarmapp.com/c/hJntKmNCYNg","","","","835228480472240132","https://twitter.com/j5uliana/status/835228480472240132"
"LegiScanKS","2017-02-24 04:16","0","0","SB149 [Engross] Enacting rules for briefs in a criminal matter or postconviction case in the supreme court or cou... http://bitly.com/WvAIcD","","","","834980183572635648","https://twitter.com/LegiScanKS/status/834980183572635648"
"matt_mcfarren","2017-02-24 02:40","0","2","Our Ishmaelite biker gang for Joseph's Amazing Technicolor https://www.instagram.com/p/BQ4L9StBq5b5fD3opChAxAaMUMWqNiz6lW9-EI0/ ","","","","834956147010351105","https://twitter.com/matt_mcfarren/status/834956147010351105"
"syed32701","2017-02-24 01:38","0","0","Ck this #trumps #immigration @syed32701 @United States https://www.instagram.com/p/BQ4E5XflmSU/","","@syed32701 @United","#trumps #immigration","834940623362863104","https://twitter.com/syed32701/status/834940623362863104"
"LegiScanKS","2017-02-23 23:46","0","0","SB112 [Engross] Reducing the penalty for unlawful possession of drug paraphernalia and making burglary of a dwell... http://bitly.com/YyKU2v","","","","834912345004642308","https://twitter.com/LegiScanKS/status/834912345004642308"
"LegiScanKS","2017-02-23 23:16","0","0","SB42 [Engross] Clarifying criminal sentencing for certain persons subject to a mandatory minimum term of imprison... http://bitly.com/XI2dxN","","","","834904899729166336","https://twitter.com/LegiScanKS/status/834904899729166336"
"KIngramMCC","2017-02-22 22:05","0","0","East wall done...north wall's begun! #mccks #nextgeneration @ https://www.instagram.com/p/BQ1HoqHBMMcc8x8yFZEKUiXlu1rEYKHwkF2bUs0/ ","","@","#mccks #nextgeneration","834524428679589888","https://twitter.com/KIngramMCC/status/834524428679589888"
"nonmatingpanda","2017-02-22 21:33","0","0","a counter-wall fill fabrication you could eat off of. @Manhattan, Kansas https://www.instagram.com/p/BQ1D-hCAMZP/","","@Manhattan","","834516385250304003","https://twitter.com/nonmatingpanda/status/834516385250304003"
"j5uliana","2017-02-22 19:18","0","0","I'm at Little Mexico in Lindsborg, KS https://www.swarmapp.com/c/e3eJZrxbDR7","","","","834482572692508672","https://twitter.com/j5uliana/status/834482572692508672"
"KIngramMCC","2017-02-21 18:10","1","5","South wall...done! Exciting progress each week on our new activity https://www.instagram.com/p/BQyIAwvBsApkSZCZELUUbCgU9GrTRAqhE1nSp80/ ","","","","834103045398990848","https://twitter.com/KIngramMCC/status/834103045398990848"
"ThreadTees","2017-02-21 02:33","0","2","It's almost here, gang... join us this Saturday, Feb. 25 as we kick off the start of the green https://www.instagram.com/p/BQwcu0ElDVT/","","","","833867136208666625","https://twitter.com/ThreadTees/status/833867136208666625"
"misheleneous","2017-02-20 09:30","0","0","REPOST! Cute doesnt come any cuter! regrann from the cutest sierra.the.border.terrier - I love https://www.instagram.com/p/BQunsH7D_Do/","","","","833609786323263488","https://twitter.com/misheleneous/status/833609786323263488"
"fierygremlin","2017-02-18 19:06","0","0","Being a fatty today! Fajita nachos! @On The Border Mexican Grill & Cantina https://www.instagram.com/p/BQqgASsjqjm/","","@On","","833029907844300802","https://twitter.com/fierygremlin/status/833029907844300802"
"fierygremlin","2017-02-18 19:02","0","0","Day drinkin! @CJArtman32 @On The Border Mexican Grill & Cantina https://www.instagram.com/p/BQqfjrTDupY/","","@CJArtman32 @On","","833028922103234560","https://twitter.com/fierygremlin/status/833028922103234560"
"LegiScanKS","2017-02-17 06:16","0","0","SB200 [NEW] Open records act; criminal investigation records; missing persons. http://bitly.com/WLLAmH","","","","832473721059160065","https://twitter.com/LegiScanKS/status/832473721059160065"
"HelloKimMarie","2017-02-17 02:59","0","0","""You know, and it gets into this whole issue of border security, you know, who's gonna say that https://www.instagram.com/p/BQmMiekDk09/","","","","832424151008829442","https://twitter.com/HelloKimMarie/status/832424151008829442"
"nellysrant","2017-02-16 03:56","0","1","There's no easy solution or a simple answer to our immigration issue. I truly want the https://www.instagram.com/p/BQjuRPml105/","","","","832076116995219456","https://twitter.com/nellysrant/status/832076116995219456"
"vickimarie44","2017-02-13 23:37","0","0","Lies are the super power of this regime, and 45's gang of liars churns them out with escalating https://www.instagram.com/p/BQeHCsKj2i2/","","","","831286165143744513","https://twitter.com/vickimarie44/status/831286165143744513"
"vickimarie44","2017-02-13 23:32","0","0","Lies are the super power of this regime, and 45's gang of liars churns them out with escalating https://www.instagram.com/p/BQeGeqyDYFB/","","","","831284925722685440","https://twitter.com/vickimarie44/status/831284925722685440"
"syed32701","2017-02-13 20:13","0","0","#1 ""Don't be a ass Kisser"" The United States Department Of Immigration Has Deported The Hispanic https://www.instagram.com/p/BQdvrdDA_er/","","","#1","831234786077323264","https://twitter.com/syed32701/status/831234786077323264"
"amit1chahal","2017-02-13 18:41","0","0","US Immigration #usa #states #immigration #smartboys #jokes #funnyshit #funny #funnyclips https://www.instagram.com/p/BQdlKU0gIST/","","","#usa #states #immigration #smartboys #jokes #funnyshit #funny #funnyclips","831211655904247810","https://twitter.com/amit1chahal/status/831211655904247810"
"larrylanski","2017-02-13 01:23","0","0","The Gang's ALL HERE!!!!...So Good to see this group of #BEAUTIFUL PEOPLE TODAY...Not sure if you https://www.instagram.com/p/BQbuYyCgRP0/","","","#BEAUTIFUL","830950469828767745","https://twitter.com/larrylanski/status/830950469828767745"
"stateofemotions","2017-02-12 01:19","1","0","Fear. Kids of immigrants are clearly traumatized by what's going on by immigration changes. https://www.instagram.com/p/BQZJMQUgrZo/","","","","830587199116759048","https://twitter.com/stateofemotions/status/830587199116759048"
"nonmatingpanda","2017-02-10 20:35","0","0","needs to move. #reclaimed Southpaw George wall art. $50 o.b.o. cash in-hand. will deliver. @ https://www.instagram.com/p/BQWD2lvgyRt/","","@","#reclaimed","830153247826538496","https://twitter.com/nonmatingpanda/status/830153247826538496"
"LegiScanKS","2017-02-10 03:36","0","0","HB2339 [NEW] Exemption from criminal possession of a silencer. http://bitly.com/Z1faDn","","","","829896773330202625","https://twitter.com/LegiScanKS/status/829896773330202625"
"LegiScanKS","2017-02-09 04:16","0","0","HB2093 [Engross] Allowing certain juvenile adjudications to decay from criminal history. http://bitly.com/W3Fuhk","","","","829544600943607808","https://twitter.com/LegiScanKS/status/829544600943607808"
"LegiScanKS","2017-02-09 04:07","0","0","HB2035 [Engross] Clarifying the subject matter of criminal post-trial motions for correction of sentence. http://bitly.com/XJVrrg","","","","829542281581559808","https://twitter.com/LegiScanKS/status/829542281581559808"
"LoonyBinWichita","2017-02-08 22:32","0","0","We're doing it again... come see jokesaretim and his gang of misfits this Final Friday. Local https://www.instagram.com/p/BQRHo6gAu--/","","","","829457890046009350","https://twitter.com/LoonyBinWichita/status/829457890046009350"
"LegiScanKS","2017-02-07 03:17","0","0","SB157 [NEW] Kansas highway patrol; immigration agreement. http://bitly.com/Wz93aO","","","","828804792747167745","https://twitter.com/LegiScanKS/status/828804792747167745"
"LegiScanKS","2017-02-06 17:26","0","0","HB2049 [Engross] Increasing criminal penalties for crimes committed against a law enforcement officer; the law en... http://bitly.com/W1Ejif","","","","828656174052446208","https://twitter.com/LegiScanKS/status/828656174052446208"
"rach_bos","2017-02-05 21:42","0","0","You and I are more than friends. We're like a really small gang.   (Yes, I'm reposting this https://www.instagram.com/p/BQJTjPqhdwh/","","","","828358180358942720","https://twitter.com/rach_bos/status/828358180358942720"
"liznaf","2017-02-05 16:20","0","0","Trump campaigned against Wall Street and attacked Hillary for being in their pockets. We see https://www.instagram.com/p/BQIuQ59D_ft/","","","","828277096199909379","https://twitter.com/liznaf/status/828277096199909379"
"SheldonPegram","2017-02-05 02:21","0","0","Just posted a photo @On The Border Mexican Grill & Cantina https://www.instagram.com/p/BQHOqR5lQF9/","","@On","","828065957536989184","https://twitter.com/SheldonPegram/status/828065957536989184"
"Bigtrashday","2017-02-04 20:16","0","0","We are a very small gang @The Garden Oasis https://www.instagram.com/p/BQGk4OCALtWsXCk7rQRsxNI-Xmodb0hqCsidEk0/ ","","@The","","827974075947610112","https://twitter.com/Bigtrashday/status/827974075947610112"
"LegiScanKS","2017-02-03 23:27","0","0","HB2271 [NEW] Clarifying the criminal sentencing statute for a person with intellectual disability who is convicte... http://bitly.com/YKyVPp","","","","827659682013642752","https://twitter.com/LegiScanKS/status/827659682013642752"
"LegiScanKS","2017-02-03 18:36","0","0","SB149 [NEW] Enacting rules for briefs in a criminal matter or postconviction case in the supreme court or court o... http://bitly.com/WvAIcD","","","","827586498379780096","https://twitter.com/LegiScanKS/status/827586498379780096"
"LegiScanKS","2017-02-03 18:16","0","0","SB151 [NEW] Eliminating criminal and professional penalties for non-intoxicating cannabinoid medicines. http://bitly.com/YK57SV","","","","827581594667991041","https://twitter.com/LegiScanKS/status/827581594667991041"
"LegiScanKS","2017-02-02 07:26","1","0","SB122 [NEW] Increasing the penalty for certain violations of criminal discharge of a firearm. http://bitly.com/YBmk0N","","","","827055515322707969","https://twitter.com/LegiScanKS/status/827055515322707969"
"LegiScanKS","2017-02-02 03:56","0","0","SB128 [NEW] Increasing criminal penalties for hate crimes and establishing reporting requirements for law enforce... http://bitly.com/WsMJ2g","","","","827002760310693888","https://twitter.com/LegiScanKS/status/827002760310693888"
"_MikeSeeArt","2017-02-01 15:36","0","0","""Trumpty Dumpty and his Great Wall"" completed and framed in the very best gold frame from https://www.instagram.com/p/BP-WgVfh_g9/","","","","826816566201184256","https://twitter.com/_MikeSeeArt/status/826816566201184256"
"LegiScanKS","2017-02-01 12:26","0","0","HB2216 [NEW] Removing sodomy between consenting members of the same sex from criminal sodomy. http://bitly.com/YBvYR9","","","","826768611364716544","https://twitter.com/LegiScanKS/status/826768611364716544"
"TheRareGrooves","2017-02-01 06:11","0","0","A #wall not only keeps #people out .... it works both ways #staywoke @United States https://www.instagram.com/p/BP9V0vPgQ0E/","","@United","#wall #people #staywoke","826674331149336576","https://twitter.com/TheRareGrooves/status/826674331149336576"
"LegiScanKS","2017-02-01 01:16","0","0","SB112 [NEW] Reducing the penalty for unlawful possession of drug paraphernalia. http://bitly.com/YyKU2v","","","","826600136079966208","https://twitter.com/LegiScanKS/status/826600136079966208"
"J0NATHANJ0NES","2017-01-30 21:10","0","0","#LetThemIn #BarackObama launched a stinging rebuke of #DonaldTrump's #immigration orders and https://www.instagram.com/p/BP5zGghhyHb/","","","#LetThemIn #BarackObama #DonaldTrump #immigration","826175763237916672","https://twitter.com/J0NATHANJ0NES/status/826175763237916672"
"FHSUAlphaGams","2017-01-30 19:48","1","1","If it's on the wall in the UAB it must be cool! Come see us for a super fun week Tuesday the https://www.instagram.com/p/BP5pxo5gjVk/","","","","826155256849502213","https://twitter.com/FHSUAlphaGams/status/826155256849502213"
"MaicBro","2017-01-30 14:28","0","0","#donaldtrump #mexico #speedygonzales #wall #america #fear @United States https://www.instagram.com/p/BP5FE12B7uW/","","@United","#donaldtrump #mexico #speedygonzales #wall #america #fear","826074552513880065","https://twitter.com/MaicBro/status/826074552513880065"
"derekslack","2017-01-30 04:04","0","1","It would not be Sunday without this groovy gang. #rccinhisgrip #rccyouth #youthgroup @Rossville https://www.instagram.com/p/BP39tpRAk56/","","@Rossville","#rccinhisgrip #rccyouth #youthgroup","825917623246475271","https://twitter.com/derekslack/status/825917623246475271"
"JuliaisFong","2017-01-29 22:52","0","0","Again, I ask: REALLY?! . . . #what #really #america #dobetter #protest #outrage #immigration https://www.instagram.com/p/BP3aCrUjsRd/","","","#what #really #america #dobetter #protest #outrage #immigration","825839180353789953","https://twitter.com/JuliaisFong/status/825839180353789953"
"Tall_But_Small","2017-01-29 20:14","0","0","#meme Truthful ! #immigration #america #trump #trumpmemes #native #nationality #politics @ https://www.instagram.com/p/BP3H7EZlSph/","","@","#meme #immigration #america #trump #trumpmemes #native #nationality #politics","825799360030048256","https://twitter.com/Tall_But_Small/status/825799360030048256"
"GusHinostroza","2017-01-29 18:24","0","0","Hey @realdonaldtrump I'd like to submit my design plan for your wall. Wudaya think? https://www.instagram.com/p/BP27UbjlAw4/","","@realdonaldtrump","","825771640063664128","https://twitter.com/GusHinostroza/status/825771640063664128"
"mrgeemoney","2017-01-29 12:19","0","0","#realtalk #fucktrump #immigration @United States https://www.instagram.com/p/BP2RiBsBJpB/","","@United","#realtalk #fucktrump #immigration","825679727511826434","https://twitter.com/mrgeemoney/status/825679727511826434"
"kids_josette","2017-01-28 19:03","0","0","this #wall would b #cheaper. #justsaying @United States https://www.instagram.com/p/BP0a8UmDlGy/","","@United","#wall #cheaper #justsaying","825418951345713152","https://twitter.com/kids_josette/status/825418951345713152"
"ke6cct","2017-01-28 17:41","0","0","thanks for shutting of immigration flow to keep terror potential low.","","","","825398498715512832","https://twitter.com/ke6cct/status/825398498715512832"
"j5uliana","2017-01-27 19:50","0","0","I'm at Little Mexico in Lindsborg, KS https://www.swarmapp.com/c/4cF7FG9rFvL","","","","825068529292566528","https://twitter.com/j5uliana/status/825068529292566528"
"simpIy_sueee","2017-01-26 22:04","0","0","Hungerssss.. (@Great Wall Chinese in Derby, KS) https://www.swarmapp.com/c/8vCBDkSZBWS","","@Great","","824739738229800960","https://twitter.com/simpIy_sueee/status/824739738229800960"
"aguamielerogpz","2017-01-25 21:04","0","0","@JerryMoran Senator do not allow a useless and expensive wall be erected. The money could be used in our state in a more beneficial way.","","@JerryMoran","","824362281366601729","https://twitter.com/aguamielerogpz/status/824362281366601729"
"aguamielerogpz","2017-01-25 21:01","0","0","@SenPatRoberts Senator do not allow a useless and expensive wall be erected that money could be used in something more useful in our state.","","@SenPatRoberts","","824361649326931969","https://twitter.com/aguamielerogpz/status/824361649326931969"
"MidnightRyder","2017-01-24 01:21","0","3","#selfie a day #23: Where I teach #gamedev at has some really cool wall art for those of us who https://www.instagram.com/p/BPoOSjxgV86/","","","#selfie #23 #gamedev","823702276422434817","https://twitter.com/MidnightRyder/status/823702276422434817"
"LegiScanKS","2017-01-23 06:37","0","0","SB42 [NEW] Clarifying criminal sentencing for certain persons subject to a mandatory minimum term of imprisonment. http://bitly.com/XI2dxN","","","","823419391161286656","https://twitter.com/LegiScanKS/status/823419391161286656"
"rach_bos","2017-01-23 04:22","0","0","You and I are more than friends. We're like a really small gang.    : p40warhawkqaed @ https://www.instagram.com/p/BPl-KXCAaLN/","","@","","823385337074421764","https://twitter.com/rach_bos/status/823385337074421764"
"SneakerGirl","2017-01-22 02:15","0","0","Hey, we should take a picture.... I know...let's do a wall sit. https://www.instagram.com/p/BPjK398Dz7NmyqOx7W62NO1Sd6g3wcKdT-nnxU0/ ","","","","822991082447368193","https://twitter.com/SneakerGirl/status/822991082447368193"
"HarrisonThaylen","2017-01-20 18:46","0","4","It's officially time to make America great again! Hand crafted by yours truly #TrumpTrain https://www.instagram.com/p/BPfysKSg9mr/","","","#TrumpTrain","822515681732292608","https://twitter.com/HarrisonThaylen/status/822515681732292608"
"Beamin_285","2017-01-20 18:46","0","0","Make America Great! #StandTogether @United States https://www.instagram.com/p/BPfyr2nAMNlhKD_jKz0Urjr1q3_2eSxJ8tBLYU0/ ","","@United","#StandTogether","822515671712071680","https://twitter.com/Beamin_285/status/822515671712071680"
"_mamabeer_","2017-01-20 17:18","0","0","Kane is ready To MAKE AMERICA GREAT AGAIN!! jlbeer That's our boy! #babyknowsbest https://www.instagram.com/p/BPfole5gPCb/","","","#babyknowsbest","822493466898944000","https://twitter.com/_mamabeer_/status/822493466898944000"
"Tyler_Oakes73","2017-01-20 17:06","0","0","The wait is finally over, it's Time to Make America Great Again! https://www.instagram.com/p/BPfnQo3BvmqXbKeJi3W2stWPaHeBxtiO_vAtqA0/ ","","","","822490545930977280","https://twitter.com/Tyler_Oakes73/status/822490545930977280"
"allen_barranco","2017-01-20 16:56","0","0","Chicken Sopes and Verde Gordita's for lunch. So glad they are back from Mexico... #chickensopes https://www.instagram.com/p/BPfmDwkAet9/","","","#chickensopes","822487904652062721","https://twitter.com/allen_barranco/status/822487904652062721"
