"username","date","retweets","favorites","text","geo","mentions","hashtags","id","permalink"
"KydTheGreat","2017-04-19 21:29","1","1","Your Favorite Gang Back Saturday #LevelNightLife Girls Want To https://www.instagram.com/p/BTFQC84jl7CKNaAvJzDXh4MjIVYFtwYeDYJu6E0/ ","","","#LevelNightLife","854809168691200001","https://twitter.com/KydTheGreat/status/854809168691200001"
"KydTheGreat","2017-04-19 21:09","0","0","Gang Gang #GWTHF3 Saturday #LevelNightLife @Clifton, Cincinnati https://www.instagram.com/p/BTFNyb8DEkgKeuNx3FNxCNTkepvaDU80p4AEfo0/ ","","@Clifton","#GWTHF3 #LevelNightLife","854804160277090304","https://twitter.com/KydTheGreat/status/854804160277090304"
"CirqueLouisCo","2017-04-19 20:17","0","2","The whole gang backstage @The Kentucky Center for the Performing Arts https://www.instagram.com/p/BTFHyFaAO4x/","","@The","","854790957618933762","https://twitter.com/CirqueLouisCo/status/854790957618933762"
"foururockey","2017-04-19 18:18","0","0","-The trade mark breakfast of ""the traveling sisco""- #mexico #yummy https://www.instagram.com/p/BTE6RUaFXfw1FzEa4CA33m4nbya43mYirWjTAs0/ ","","","#mexico #yummy","854761247002284032","https://twitter.com/foururockey/status/854761247002284032"
"JerichoWoods","2017-04-19 03:50","0","0","Good time gang! #meetingoftheminds #jerichowoods #kentucky #woodshed @Kentucky https://www.instagram.com/p/BTDW3iMFunW/","","@Kentucky","#meetingoftheminds #jerichowoods #kentucky #woodshed","854542655677751296","https://twitter.com/JerichoWoods/status/854542655677751296"
"zachfullface","2017-04-19 02:29","0","0","#270 wall splat thing. #olliesskatepark @olliesskatepark #fitbmx @justinspriet7 #bmx #fun https://www.instagram.com/p/BTDNmL4BkR4/","","@olliesskatepark @justinspriet7","#270 #olliesskatepark #fitbmx #bmx #fun","854522262648532993","https://twitter.com/zachfullface/status/854522262648532993"
"KydTheGreat","2017-04-19 02:00","0","0","I Pray For My Enemies Try The Gang If You Want To.. CC: https://www.instagram.com/p/BTDKUJKj4ob6YCPnYRSnP5nq7saYoM06Pu1nro0/ ","","","","854515054980497412","https://twitter.com/KydTheGreat/status/854515054980497412"
"timwhiteprevent","2017-04-18 18:06","0","1","Attending the 10th Annual Cabell Co Drug Summit. @Memorial Student Center (MSC) at Marshall https://www.instagram.com/p/BTCUFxtDegg/","","@Memorial","","854395806887161856","https://twitter.com/timwhiteprevent/status/854395806887161856"
"Kdevone","2017-04-18 12:42","0","0","Completely in love with this top and the colorful wall behind me! . . This look is now live on https://www.instagram.com/p/BTBu_Tnloon/","","","","854314238248185857","https://twitter.com/Kdevone/status/854314238248185857"
"AthVol","2017-04-17 19:15","0","0","I get to take my random drug test here! (at @LondonAutoTruck Center in London, KY) https://www.swarmapp.com/c/1Ks3tocDMJL","","@LondonAutoTruck","","854050609200279552","https://twitter.com/AthVol/status/854050609200279552"
"PDeezay","2017-04-16 22:01","0","0","A whole lot of gang ish thank you to everyone that came out @deasiamoniquee @kclassy_osu https://www.instagram.com/p/BS9lU6JjHzJ/","","@deasiamoniquee @kclassy_osu","","853730021487280128","https://twitter.com/PDeezay/status/853730021487280128"
"PDeezay","2017-04-16 21:58","0","0","A whole lot of gang ish thank you guys for coming out and everyone else @aye_okaye https://www.instagram.com/p/BS9k-4IDWZD/","","@aye_okaye","","853729264562262018","https://twitter.com/PDeezay/status/853729264562262018"
"_chrischandler","2017-04-15 14:45","0","0","The dab Gummy bears injected with heroin Gummy bears soaked in vodka Shoes w/ hidden drug compartments Shirts w/ hidden drug compartments","","","","853257950261121028","https://twitter.com/_chrischandler/status/853257950261121028"
"_chrischandler","2017-04-15 14:42","0","1","A lady I work with took a drug awareness class. ""410 is a code kids use--thats when school is out. 410 means it's time for a pot party.""","","","","853257260063174659","https://twitter.com/_chrischandler/status/853257260063174659"
"E_SmithJR","2017-04-14 23:20","0","0","It's been a while since we've had a Friday night dinner out. I love this gang! Yes our waitress https://www.instagram.com/p/BS4kzSwlR6R/","","","","853025188824453120","https://twitter.com/E_SmithJR/status/853025188824453120"
"MrChevy502","2017-04-14 21:56","0","0","Anyone who knows me knows I hate bugs but I like looking at them Found this on the wall https://www.instagram.com/p/BS4bKxjlU3e/","","","","853003999322288130","https://twitter.com/MrChevy502/status/853003999322288130"
"dozens","2017-04-14 20:16","0","0","Later, wall. Welcome, sunlight. . . . #remodel #renovation #flip #remodeling #plaster @Ritter https://www.instagram.com/p/BS4PxXnF-1e/","","@Ritter","#remodel #renovation #flip #remodeling #plaster","852978941283508224","https://twitter.com/dozens/status/852978941283508224"
"Circle_R185","2017-04-14 12:33","0","1","Get'er done (!) RT @jimdwrench: Criminal charges for IRS targeting conspiracy ringleader Lois Lerner? http://canadafreepress.com.ln.is/QSZZf","","@jimdwrench","","852862369986379776","https://twitter.com/Circle_R185/status/852862369986379776"
"JonSherron","2017-04-13 23:42","0","1","Well it good and a Omme.....Gang - Drinking a Hennepin Farmhouse Saison by @BreweryOmmegang @Zoneone  http://untp.beer/s/c439744132 #photo","","@BreweryOmmegang @Zoneone","#photo","852668245626802177","https://twitter.com/JonSherron/status/852668245626802177"
"DrivingMike","2017-04-13 01:07","0","0","I'm at Kentucky/Tennessee Border in Jellico, TN https://www.swarmapp.com/c/7OydRn8QGHE","","","","852327437677547521","https://twitter.com/DrivingMike/status/852327437677547521"
"Circle_R185","2017-04-12 23:29","1","0","RT @bfraser747: "" #PresidentTrump will find a way to pay for the border wall whether Sen. (cont) http://tl.gd/nnlfe8","","@bfraser747","#PresidentTrump","852302741942751234","https://twitter.com/Circle_R185/status/852302741942751234"
"Circle_R185","2017-04-12 22:08","0","0","@MSM @foxandfriends @orileyfactor RT @_Proud_American: BREAKING : Criminal Illegal Charged With (cont) http://tl.gd/nnlf9h","","@MSM @foxandfriends @orileyfactor @_Proud_American","","852282297541939202","https://twitter.com/Circle_R185/status/852282297541939202"
"LegiScanKY","2017-04-12 04:46","0","0","HCR48 [Passed] Urge the United States Food and Drug Administration to withdraw its proposed standard for NNN lev... http://bitly.com/2k987s2","","","","852020053855698949","https://twitter.com/LegiScanKY/status/852020053855698949"
"RU4UofL","2017-04-11 23:08","1","4","Those poor tigers that made news today in Frankfort being drug around hell, west and crooked. When are we going to end the circus shit?","","","","851935029550862336","https://twitter.com/RU4UofL/status/851935029550862336"
"KYCara","2017-04-11 16:04","0","0","oh of COURSE most moms to be dont use any kind of drug! However @VickieYBG continues to tell ppl otherwise","","@VickieYBG","","851828308140593152","https://twitter.com/KYCara/status/851828308140593152"
"vaddeman","2017-04-11 00:31","0","0","The decor at Fiesta with K.P. @Fiesta Mexico https://www.instagram.com/p/BSuZwB9AjDH/","","@Fiesta","","851593502425309185","https://twitter.com/vaddeman/status/851593502425309185"
"Jazmine_Jean15","2017-04-10 22:08","0","0","Before I die I want to conquer the world @Before I Die Wall- Louisville https://www.instagram.com/p/BSuJW0Kgr2f/","","@Before","","851557448955695106","https://twitter.com/Jazmine_Jean15/status/851557448955695106"
"Phoxphire","2017-04-08 20:18","0","0","And I've been captured and drug to the other mall... @Oxmoor Center https://www.instagram.com/p/BSozQD1lu3i/","","@Oxmoor","","850805156786601984","https://twitter.com/Phoxphire/status/850805156786601984"
"mp_hextra","2017-04-08 14:23","0","0","Shoutout to the girl gang for going above and beyond for my birthday. 23 is looking pretty good. https://www.instagram.com/p/BSoKlHyhb9v/","","","","850715715699040256","https://twitter.com/mp_hextra/status/850715715699040256"
"blakeeames","2017-04-08 04:09","0","0","While sourcing an image for the vintage Lexington wall mural for a commercial lobby space...we https://www.instagram.com/p/BSnESOlhd4F/","","","","850561135665225728","https://twitter.com/blakeeames/status/850561135665225728"
"PeffWolff","2017-04-07 16:14","0","0","10 ft waterfall inside a cave and a name scratched in the cave wall from 1884. Amazing. Oh and https://www.instagram.com/p/BSlyhEHDNtE/","","","","850381324070395906","https://twitter.com/PeffWolff/status/850381324070395906"
"Shiann1","2017-04-07 15:45","0","0","I'm at Kentucky/Tennessee Border in Jellico, TN https://www.swarmapp.com/c/1X5BefY4AFr","","","","850374040564924417","https://twitter.com/Shiann1/status/850374040564924417"
"LaurenMaiman","2017-04-07 01:40","0","0","I'm at Kentucky/Tennessee Border in Jellico, TN https://www.swarmapp.com/c/23PuQPycCJM","","","","850161213950578690","https://twitter.com/LaurenMaiman/status/850161213950578690"
"lemorky","2017-04-07 01:20","0","0","this wall art... #seafood #restaurant @Bonefish Grill https://www.instagram.com/p/BSkMJhuAWJF/","","@Bonefish","#seafood #restaurant","850156216168960002","https://twitter.com/lemorky/status/850156216168960002"
"BAdamsInteriors","2017-04-04 00:42","0","0","Who can guess where this on-trend tile wall is in Louisville? #louisville #louisvillelove https://www.instagram.com/p/BScZccfhHYs/","","","#louisville #louisvillelove","849059555426287616","https://twitter.com/BAdamsInteriors/status/849059555426287616"
"bodaddyharristm","2017-04-02 08:12","0","0","While Im going to rerecord ""Views Of Mexico"" at a different studio. I have expensive taste for a https://www.instagram.com/p/BSYDXX2lqGs/","","","","848448053422034945","https://twitter.com/bodaddyharristm/status/848448053422034945"
"Circle_R185","2017-04-01 22:12","1","0","@FoxNews @foxandfriends @orileyfactor RT BREAKING : Huge Drug Bust at Ohio State University http://ln.is/truthfeed.com/breaki/oYkfW ","","@FoxNews @foxandfriends @orileyfactor","","848297011384332289","https://twitter.com/Circle_R185/status/848297011384332289"
"Halobreakerrr","2017-04-01 09:29","0","0","Muir Valley, Bruise Brothers wall, Bees Business #climber #climblikeagirl @Muir Valley Climbing https://www.instagram.com/p/BSVnW7Ag95R/","","@Muir","#climber #climblikeagirl","848104986135449603","https://twitter.com/Halobreakerrr/status/848104986135449603"
"LegiScanKY","2017-04-01 02:36","0","0","HCR48 [Enroll] Urge the United States Food and Drug Administration to withdraw its proposed standard for NNN lev... http://bitly.com/2k987s2","","","","848001018445037568","https://twitter.com/LegiScanKY/status/848001018445037568"
"CC_Early","2017-03-31 22:20","0","0","My living room wall needed a little 'something'... #disney #magickingdom #disneyhome https://www.instagram.com/p/BSUays7hu-S/","","","#disney #magickingdom #disneyhome","847936615171280896","https://twitter.com/CC_Early/status/847936615171280896"
"piglatin1982","2017-03-31 16:15","0","0","Reuben was very excited to see our family tree written on my office wall. He really thought he https://www.instagram.com/p/BSTxFyRlRaw/","","","","847844924175331329","https://twitter.com/piglatin1982/status/847844924175331329"
"Cent_Humanities","2017-03-31 14:38","0","2","After a late night at the Bad Poetry Competition the gang is up and ready for more panels at the https://www.instagram.com/p/BSTl8KygVtu/","","","","847820394933473283","https://twitter.com/Cent_Humanities/status/847820394933473283"
"LegiScanKY","2017-03-31 14:26","0","0","HB235 [Engross] AN ACT relating to citizenship and immigration status information and enforcement. http://bitly.com/YGTMmJ","","","","847817364829765632","https://twitter.com/LegiScanKY/status/847817364829765632"
"bodaddyharristm","2017-03-30 20:53","0","0","The Physical Copy of Views Of Mexico- Single is sold out but you can get the digital copy on https://www.instagram.com/p/BSRsBhLl-FP/","","","","847552303334928384","https://twitter.com/bodaddyharristm/status/847552303334928384"
"mary__helen","2017-03-29 23:18","0","0","Pick a fabric, any fabric--- Our new fabric wall is #maryhelenstudio #behindthescenes #studio https://www.instagram.com/p/BSPX1_7DHk0/","","","#maryhelenstudio #behindthescenes #studio","847226450797252609","https://twitter.com/mary__helen/status/847226450797252609"
"bodaddyharristm","2017-03-29 22:34","0","0","Rehearsing this Single over and over for singing it live next week. ""Views of Mexico"" will https://www.instagram.com/p/BSPSyR4jnX2/","","","","847215321744388098","https://twitter.com/bodaddyharristm/status/847215321744388098"
"Will_A_Johnson","2017-03-29 19:21","0","1","Walked by the rescue wall and prayed for the names people are praying for. My God can move like https://www.instagram.com/p/BSO8ugSB4KE/","","","","847166819949395968","https://twitter.com/Will_A_Johnson/status/847166819949395968"
"JessicaBadgley","2017-03-28 21:36","0","0","Nell bouldering on break #climbing #bouldering #springbreak @Indiana / Kentucky Border Line https://www.instagram.com/p/BSMnc3HhPck/","","@Indiana","#climbing #bouldering #springbreak","846838553879334912","https://twitter.com/JessicaBadgley/status/846838553879334912"
"TheMrDShow","2017-03-28 13:01","0","2","Before I built a wall Id ask to know What I was walling in or walling out... - Frost, Mending Wall Build bridges today.","","","","846708778703704065","https://twitter.com/TheMrDShow/status/846708778703704065"
"jpadjuggernaut","2017-03-28 12:26","0","0","Just posted a video @Kentucky Tennessee Border https://www.instagram.com/p/BSLodeMBLbj/","","@Kentucky","","846700072758751233","https://twitter.com/jpadjuggernaut/status/846700072758751233"
"LegiScanKY","2017-03-28 10:26","0","0","HB200 [Passed] AN ACT relating to orders of restitution and forfeiture following a criminal conviction of cruelty... http://bitly.com/WtlPYn","","","","846669800000704514","https://twitter.com/LegiScanKY/status/846669800000704514"
"bodaddyharristm","2017-03-28 05:36","0","0","Here's the cover art for my Upcoming Single ""Views of Mexico"" #louisvilleky #california https://www.instagram.com/p/BSK5eZPl_TX/","","","#louisvilleky #california","846596719437598720","https://twitter.com/bodaddyharristm/status/846596719437598720"
"LegiScanKY","2017-03-28 02:36","0","0","SB32 [Passed] AN ACT relating to the tracking of drug convictions. http://bitly.com/WCTj1n","","","","846551522108489733","https://twitter.com/LegiScanKY/status/846551522108489733"
"TheMrDShow","2017-03-27 13:01","0","1","Spring is the mischief in me... - Frost, Mending Wall Have a good one!","","","","846346332382121988","https://twitter.com/TheMrDShow/status/846346332382121988"
"bodaddyharristm","2017-03-27 02:03","0","0","""Are You Gonna Buy Views of Mexico on April 7th?"" #reddirtmusic #texasmusic #texas https://www.instagram.com/p/BSH8TYwFMH4/","","","#reddirtmusic #texasmusic #texas","846180723245678592","https://twitter.com/bodaddyharristm/status/846180723245678592"
"ZJanszen","2017-03-26 17:45","0","0","WIP gallery wall #finallyframed #defenderoftheuniverse @Mount Lookout, Cincinnati https://www.instagram.com/p/BSHDXTOjqNF/","","@Mount","#finallyframed #defenderoftheuniverse","846055514228318208","https://twitter.com/ZJanszen/status/846055514228318208"
"shopthenewblak","2017-03-26 15:32","0","1","Our Girl Gang is the best! The Hustle with Heart tee is our Newest Kickstarter $30 reward!!! We https://www.instagram.com/p/BSG0GiPjX89/","","","","846021950329831428","https://twitter.com/shopthenewblak/status/846021950329831428"
"ylazinsky","2017-03-25 16:09","0","1","Update . . . Media wall almost finished, some walls are no longer there to get open concept https://www.instagram.com/p/BSETjJ3D8j3/","","","","845668890927648770","https://twitter.com/ylazinsky/status/845668890927648770"
"MarkOBryan","2017-03-25 15:50","0","0","Apply Ground Wall painting Design for a Mosque Synagogue Cathedral Study, architecture _ https://www.instagram.com/p/BSERZMABy6z/","","","","845664146758656004","https://twitter.com/MarkOBryan/status/845664146758656004"
"MisterCapjr0","2017-03-24 16:49","0","0","Gang Gang. Let's get it! #roadtofinalfour @Kentucky https://www.instagram.com/p/BSBzU_dgzww-13BWTp4CpCkOzCy0a7C9wPWXLk0/ ","","@Kentucky","#roadtofinalfour","845316566342361088","https://twitter.com/MisterCapjr0/status/845316566342361088"
"IamTrevin","2017-03-24 14:36","0","0","Mad Frog Tonight ! | Come Thru ! | @eabanks513steez | @aj_henny | @issacdale123 | Steelo Gang ! https://www.instagram.com/p/BSAWv_8jwPt/","","@eabanks513steez @aj_henny @issacdale123","","845283070735503360","https://twitter.com/IamTrevin/status/845283070735503360"
"JLRitt1","2017-03-24 03:19","0","0","Ooooh I think I'm seeing another wall hanger for the studio here Can't wait to show https://www.instagram.com/p/BSAWncIgVXN/","","","","845112687910670337","https://twitter.com/JLRitt1/status/845112687910670337"
"RU4UofL","2017-03-24 01:41","1","7","Really enjoyed the Year Huggins took out John Wall and DeMarcus Cousins... prolly got his best team since.","","","","845088157880242177","https://twitter.com/RU4UofL/status/845088157880242177"
"unrivaledfit","2017-03-23 21:37","0","0","Not your typical shall workout today but for shits and giggles lets do some heavy wall https://www.instagram.com/p/BR_vlZFA9vv/","","","","845026851391197184","https://twitter.com/unrivaledfit/status/845026851391197184"
"LexingtonPasta1","2017-03-23 13:32","0","0","This is the first thing you see when you come to Pasta Garage. Our chalkboard menu wall is https://www.instagram.com/p/BR-4FIOAzb5/","","","","844904795400032257","https://twitter.com/LexingtonPasta1/status/844904795400032257"
"LegiScanKY","2017-03-22 05:36","0","0","SB197 [Passed] AN ACT relating to the transfer of contract staff providing services to the Department of Criminal... http://bitly.com/WNNZ0a","","","","844422439987765249","https://twitter.com/LegiScanKY/status/844422439987765249"
"CarlaRenea","2017-03-21 16:15","0","0","Ohio Border @Ohio/Kentucky Border https://www.instagram.com/p/BR6BEafFQU0/","","@Ohio","","844220882855837697","https://twitter.com/CarlaRenea/status/844220882855837697"
"CarlaRenea","2017-03-21 16:14","0","0","Ohio Border @Ohio/Kentucky Border https://www.instagram.com/p/BR6BB3pF8jm/","","@Ohio","","844220798474883073","https://twitter.com/CarlaRenea/status/844220798474883073"
"CarlaRenea","2017-03-21 16:14","0","0","Ohio Border @Ohio/Kentucky Border https://www.instagram.com/p/BR6A-fVFJ9I/","","@Ohio","","844220678127652864","https://twitter.com/CarlaRenea/status/844220678127652864"
"CarlaRenea","2017-03-21 16:14","0","0","Ohio Border @Ohio/Kentucky Border https://www.instagram.com/p/BR6A8ICFqfC/","","@Ohio","","844220597693505537","https://twitter.com/CarlaRenea/status/844220597693505537"
"CarlaRenea","2017-03-21 16:13","0","0","Ohio Border @Ohio/Kentucky Border https://www.instagram.com/p/BR6A5FqFzS7/","","@Ohio","","844220496719876098","https://twitter.com/CarlaRenea/status/844220496719876098"
"CarlaRenea","2017-03-21 16:13","0","1","Ohio Border @Ohio/Kentucky Border https://www.instagram.com/p/BR6A2eqF2Mi/","","@Ohio","","844220403811848194","https://twitter.com/CarlaRenea/status/844220403811848194"
"DonohueSigns304","2017-03-21 11:15","0","0","Saw these at the Trump rally awesome, we have to stop this deadly drug @Castaway Lounge Louisville https://www.instagram.com/p/BR5ewWMjVOo/","","@Castaway","","844145422377664515","https://twitter.com/DonohueSigns304/status/844145422377664515"
"stotts_matthew","2017-03-21 02:09","0","1","Make America Strong Again #trumptrain @Freedom Hall https://www.instagram.com/p/BR4gVBDFB1txWHOECdZOD8iBypyOZBK_xjaVUc0/ ","","@Freedom","#trumptrain","844008148767784960","https://twitter.com/stotts_matthew/status/844008148767784960"
"cody12c","2017-03-21 00:59","0","0","Make America Great Again #Mr.President @Louisville, Kentucky https://www.instagram.com/p/BR4YPo3FM5rUbZiwVspmieT_LLC8iMHpiozkvI0/ ","","@Louisville","#Mr","843990375492673536","https://twitter.com/cody12c/status/843990375492673536"
"wichita_pete","2017-03-21 00:10","0","0","Left the Trump speech after he talked about ""our American heritage"" in regards to immigration. https://www.instagram.com/p/BR4Sq1Jhi7t/","","","","843978107778285568","https://twitter.com/wichita_pete/status/843978107778285568"
"KY_Gamecock","2017-03-20 22:54","0","1","Make America great again!! #trump @Freedom Hall https://www.instagram.com/p/BR4KAyjj54GT-Kx0kKiZezWBJuHMgiYR5l7mhk0/ ","","@Freedom","#trump","843959068188463105","https://twitter.com/KY_Gamecock/status/843959068188463105"
"Danbo1998","2017-03-20 14:02","0","0","I'm at Kentucky/Tennessee Border in Jellico, TN https://www.swarmapp.com/c/2kn570R1RcG","","","","843824968236523521","https://twitter.com/Danbo1998/status/843824968236523521"
"shopthenewblak","2017-03-20 03:27","0","0","Check out our ""meet the girl gang"" page on our website to meet the ladies behind The New Blak! https://www.instagram.com/p/BR2EdZBDVXH/","","","","843665391855550464","https://twitter.com/shopthenewblak/status/843665391855550464"
"gdbrekke","2017-03-19 21:23","0","0","joliejeeves on Family Tradition (5.10 - 50ft) at the Volunteer Wall of the PMRP. @quest_outdoors https://www.instagram.com/p/BR1aw55AiYt/","","@quest_outdoors","","843573690398916613","https://twitter.com/gdbrekke/status/843573690398916613"
"gdbrekke","2017-03-19 20:55","0","0","cathrinemountain topping out on Family Tradition (5.10 - 50ft) of the Volunteer Wall in the https://www.instagram.com/p/BR1Xhdygxsq/","","","","843566565010345985","https://twitter.com/gdbrekke/status/843566565010345985"
"RU4UofL","2017-03-19 17:43","3","7","We've seen this before... Cards playing great hit a wall... will they go over or around it today. We'll see!","","","","843518393026252801","https://twitter.com/RU4UofL/status/843518393026252801"
"TonyPMihalic","2017-03-19 14:16","0","0","I'm at Kentucky/Tennessee Border in Jellico, TN w/ @jennyfiedler16 https://www.swarmapp.com/c/0GbchVAxmac","","@jennyfiedler16","","843466289804918785","https://twitter.com/TonyPMihalic/status/843466289804918785"
"MarkOBryan","2017-03-18 22:57","0","0","Self study wall art and design for a Mosque Synagogue Cathedral Study, architecture _ https://www.instagram.com/p/BRzAw5nBq2C/","","","","843235046022496256","https://twitter.com/MarkOBryan/status/843235046022496256"
"HobiWanKenobi14","2017-03-18 19:40","0","0","Been working on stripping wall paper out of this house and trying to flip it to get it living https://www.instagram.com/p/BRyqNeCgf3V/","","","","843185450210811904","https://twitter.com/HobiWanKenobi14/status/843185450210811904"
"Chuck_Austin","2017-03-18 18:40","0","2","Lovin' some Blaze Pizza with my gang! @Blaze Pizza https://www.instagram.com/p/BRyjVdCjQZbopVjdy-BrRMEHPi2p4AU4XpSdrs0/ ","","@Blaze","","843170333775597568","https://twitter.com/Chuck_Austin/status/843170333775597568"
"xtinaluvspink","2017-03-18 17:56","0","2","The @makersmark distillery is very artfully decorated. Their specialty bottles, wall artwork, https://www.instagram.com/p/BRyeRZAl-p2/","","@makersmark","","843159207834796032","https://twitter.com/xtinaluvspink/status/843159207834796032"
"karekare413","2017-03-18 02:49","0","0","Gang vs Wade Boggs! And we tied for first place in the costume contest! Camryn absolutely rocked https://www.instagram.com/p/BRw2dfchC1c/","","","","842930919648325633","https://twitter.com/karekare413/status/842930919648325633"
"King_JoJo859","2017-03-18 00:47","0","0","Everybody John Wall has lost his mind. 18 assist after 3 quarters that's not bad.","","","","842900283390939136","https://twitter.com/King_JoJo859/status/842900283390939136"
"jessifranko","2017-03-17 20:12","0","0","On the hike to the wall this morning, we passed a beautiful frozen waterfall! @Red River Gorge https://www.instagram.com/p/BRwJBPslEBa/","","@Red","","842830991513280513","https://twitter.com/jessifranko/status/842830991513280513"
"juliefayedavis","2017-03-17 18:47","0","0","Selling this handsome devil! Small re-homing fee. Male, Border Collie/Australian Shepherd mix. https://www.instagram.com/p/BRv_S-ngw5e/","","","","842809605340254208","https://twitter.com/juliefayedavis/status/842809605340254208"
"EleshaSalyers","2017-03-17 15:56","0","0","17.4 13 minute AMRAP 55 155#deads 55 wall balls 55 calorie row 55 https://www.instagram.com/p/BRvruDDAzeydDsOSOQM2_1pfRPwumLoPZCH0fg0/ ","","","#deads","842766556388057088","https://twitter.com/EleshaSalyers/status/842766556388057088"
"KYCara","2017-03-17 06:31","0","0","Luckily at some point all lawsuits, civil, criminal, and otherwise are about commas. Should at least keep you engaged. https://twitter.com/DriverWrites/status/842502130497994752 ","","","","842624502840393728","https://twitter.com/KYCara/status/842624502840393728"
"xtra_will_e","2017-03-16 22:41","0","0","I'm at Kentucky/Tennessee Border in Jellico, TN https://www.swarmapp.com/c/dYGp6Bq9Q1h","","","","842506258104107011","https://twitter.com/xtra_will_e/status/842506258104107011"
"terpknitmom","2017-03-16 22:36","0","1","Of all the delicious food we ordered, Ransom just wanted a plain tomato @Fiesta Mexico https://www.instagram.com/p/BRt0v2ojwjw/","","@Fiesta","","842504934201409538","https://twitter.com/terpknitmom/status/842504934201409538"
"TonyPMihalic","2017-03-16 16:59","0","0","I'm at Kentucky/Tennessee Border in Jellico, TN https://www.swarmapp.com/c/3N52v8tdFMt","","","","842419986610192384","https://twitter.com/TonyPMihalic/status/842419986610192384"
"LegiScanKY","2017-03-16 15:16","0","1","HB200 [Enroll] AN ACT relating to orders of restitution and forfeiture following a criminal conviction of cruelty... http://bitly.com/WtlPYn","","","","842394166898360321","https://twitter.com/LegiScanKY/status/842394166898360321"
"LegiScanKY","2017-03-16 12:36","0","0","SB32 [Enroll] AN ACT relating to the tracking of drug convictions. http://bitly.com/WCTj1n","","","","842353826749390852","https://twitter.com/LegiScanKY/status/842353826749390852"
"LegiScanKY","2017-03-15 12:46","0","0","SB197 [Enroll] AN ACT relating to the transfer of contract staff providing services to the Department of Criminal... http://bitly.com/WNNZ0a","","","","841993903310032898","https://twitter.com/LegiScanKY/status/841993903310032898"
"travelsquire","2017-03-14 19:20","1","0","Old #fourroses bottle #prohibition See sparks drug label sold a #pharmacy @Lawrenceburg, Kentucky https://www.instagram.com/p/BRoUtshD1LN/","","@Lawrenceburg","#fourroses #prohibition #pharmacy","841730800940912641","https://twitter.com/travelsquire/status/841730800940912641"
"Blurosepixels","2017-03-13 20:53","0","0","Last state to go before back #homesweethome @Indiana / Kentucky Border Line https://www.instagram.com/p/BRl6ktPh-U5/","","@Indiana","#homesweethome","841391843916972032","https://twitter.com/Blurosepixels/status/841391843916972032"
"jessifranko","2017-03-13 16:32","0","1","Early morning lead at the Land Before Time wall in the Red @Muir Valley Climbing Area https://www.instagram.com/p/BRlct99l699/","","@Muir","","841326198332485632","https://twitter.com/jessifranko/status/841326198332485632"
"danjacksonus","2017-03-13 13:21","0","3","Our office shares a building with an outpatient drug rehab center. Each day, a van full of men https://www.instagram.com/p/BRlGy5aA6_u/","","","","841277981263835140","https://twitter.com/danjacksonus/status/841277981263835140"
"KatieNicole_c","2017-03-13 02:44","0","0","Apologies for overloading insta with sappy posts but here's the rest of the gang that couldn't https://www.instagram.com/p/BRj981eBXeM/","","","","841117800231972864","https://twitter.com/KatieNicole_c/status/841117800231972864"
"__OZON3__","2017-03-12 22:58","0","0","Gang had 2 s lit Friday @Two Keys https://www.instagram.com/p/BRjkFvDDgww/","","@Two","","841060936412721152","https://twitter.com/__OZON3__/status/841060936412721152"
"BR_Boswell","2017-03-12 21:37","0","1","A 6 seed for SMU is criminal.","","","","841040449884299268","https://twitter.com/BR_Boswell/status/841040449884299268"
"Danbo1998","2017-03-11 16:20","0","0","I'm at Kentucky/Tennessee Border in Jellico, TN https://www.swarmapp.com/c/in4fCgxMyDL","","","","840598317423824897","https://twitter.com/Danbo1998/status/840598317423824897"
"SycamoreJrHigh","2017-03-11 01:15","2","10","What makes SJH such an amazing place for kids to learn and grow? Our #amazing staff. Their wall of ""why"" they #teachpic.twitter.com/C43Eq1oFCz","","","#amazing #teachpic","840370606457663488","https://twitter.com/SycamoreJrHigh/status/840370606457663488"
"cavegym_ky","2017-03-10 06:03","0","0","Going Hard With The Painting Lol Cave Gang Coming Soon... #AaronStrong #DREAM CHASING #lift https://www.instagram.com/p/BRcmQexFuBq/","","","#AaronStrong #DREAM #lift","840080538874470400","https://twitter.com/cavegym_ky/status/840080538874470400"
"thepersianman1","2017-03-10 02:28","0","0","BUILD THAT WALL @Enterprise Rent-A-Car https://www.instagram.com/p/BRcNrGSD2mFamS56hF7CUWzQrVaiRH8gg92U8k0/ ","","@Enterprise","","840026474027577344","https://twitter.com/thepersianman1/status/840026474027577344"
"TMayne2017","2017-03-10 00:13","0","0","New Harley/Joker wall shelf :) @The Batcave https://www.instagram.com/p/BRb-N_-AqLd/","","@The","","839992482653954050","https://twitter.com/TMayne2017/status/839992482653954050"
"LegiScanKY","2017-03-09 08:46","0","0","HB308 [Engross] AN ACT relating to abuse-deterrent opioid analgesic drug products. http://bitly.com/WGs5Mf","","","","839759225421168642","https://twitter.com/LegiScanKY/status/839759225421168642"
"eclecticmontez","2017-03-09 05:05","0","0","Make America Great Again. @Over-The-Rhine, Ohio https://www.instagram.com/p/BRZ63ovjqbjQuIAAX0Y2KhbKS6laZrqeHaMv-U0/ ","","@Over","","839703673768980480","https://twitter.com/eclecticmontez/status/839703673768980480"
"helloswade","2017-03-09 04:16","0","2","Paying tribute to my brother, a Louisville legend... they won't give him a wall, so I gave him https://www.instagram.com/p/BRZ1O85A1VQ/","","","","839691249053478912","https://twitter.com/helloswade/status/839691249053478912"
"KYCara","2017-03-08 19:15","0","0","We are going to have a federal task force to mislead people about immigration and crime. - @Vox_The_Weeds Awesome. https://itunes.apple.com/us/podcast/voxs-the-weeds/id1042433083?mt=2&i=1000382068384 ","","@Vox_The_Weeds","","839555099437453312","https://twitter.com/KYCara/status/839555099437453312"
"danazezzo","2017-03-08 04:01","0","2","Our customer actually one of those caricatures on the wall. #localeats #verycool #cincinnati @ https://www.instagram.com/p/BRXOxROFXBH/","","@","#localeats #verycool #cincinnati","839325196456714240","https://twitter.com/danazezzo/status/839325196456714240"
"samesince83","2017-03-08 00:49","0","0","Hafta get the trivia gang back together. This host is far better than the guy who us... (Beta 4.0) http://untp.beer/s/c425424125","","","","839276978645651456","https://twitter.com/samesince83/status/839276978645651456"
"valenciadiazlaw","2017-03-07 12:54","0","0","DID YOU KNOW, that prior to 1882 there were no laws regarding immigration in the United https://www.instagram.com/p/BRVm7-IjpHj/","","","","839096865408892928","https://twitter.com/valenciadiazlaw/status/839096865408892928"
"LegiScanKY","2017-03-07 12:36","0","0","HB200 [Engross] AN ACT relating to orders of restitution and forfeiture following a criminal conviction of cruelt... http://bitly.com/WtlPYn","","","","839092385359462400","https://twitter.com/LegiScanKY/status/839092385359462400"
"LegiScanKY","2017-03-07 04:56","0","0","HB95 [Engross] AN ACT relating to criminal history record checks. http://bitly.com/SmaYPZ","","","","838976517694754816","https://twitter.com/LegiScanKY/status/838976517694754816"
"hungrymedia","2017-03-05 22:18","0","0","Going with the flow @Serpentine Wall https://www.instagram.com/p/BRRd8TwgOYK/","","@Serpentine","","838514158668820480","https://twitter.com/hungrymedia/status/838514158668820480"
"jeboylston","2017-03-05 17:36","0","0","#daffodils popping up in front of plain wall that I thought needed some brightening up! Because https://www.instagram.com/p/BRQ9nrwhtct/","","","#daffodils","838443056667877376","https://twitter.com/jeboylston/status/838443056667877376"
"BSchuermanWX","2017-03-05 17:20","0","0","Heading across into Kentucky... (@I-275 & Ohio River (KY - IN Border) in Boone Co, IN) https://www.swarmapp.com/c/gQHSMG7vwKQ","","@I","","838439106774503426","https://twitter.com/BSchuermanWX/status/838439106774503426"
"mandymw32","2017-03-05 10:46","0","0","#Pogo (@Flood Wall in Portsmouth, OH) https://www.swarmapp.com/c/jiBuZJGyPK1","","@Flood","#Pogo","838340020071190528","https://twitter.com/mandymw32/status/838340020071190528"
"JonSherron","2017-03-05 00:56","0","0","No Wall for this one... - Drinking an Imperial Mexican Biscotti Cake Break @Zoneone - http://untp.beer/s/c424494554 #photo","","@Zoneone","#photo","838191415876284416","https://twitter.com/JonSherron/status/838191415876284416"
"DuaneFahey","2017-03-05 00:04","0","0","I'm at Kentucky/Tennessee Border in Jellico, TN https://www.swarmapp.com/c/jSjsU035aJk","","","","838178384299581440","https://twitter.com/DuaneFahey/status/838178384299581440"
"LegiScanKY","2017-03-04 04:46","0","0","HB305 [Engross] AN ACT relating to treatment for alcohol and other drug abuse. http://bitly.com/YL26BT","","","","837887037428674560","https://twitter.com/LegiScanKY/status/837887037428674560"
"christina_wx","2017-03-03 16:31","0","0","Busy week for the @nws Louisville gang surveying all the damage from Wednesday morning's storms! https://www.instagram.com/p/BRLsn-wDO7f/","","@nws","","837701998233456640","https://twitter.com/christina_wx/status/837701998233456640"
"Lucas_Niemi","2017-03-03 00:05","0","0","Hey pup (ending the white border thing ) @Union, Kentucky https://www.instagram.com/p/BRJ70iahzOJ/","","@Union","","837453934402789376","https://twitter.com/Lucas_Niemi/status/837453934402789376"
"Circle_R185","2017-03-01 12:57","0","0","Ha Ha LMAO Ha Ha RT @mdjtraveler: @KGBr67 @AandGShow Here's CRIMINAL (cont) http://tl.gd/nnh358","","@mdjtraveler @KGBr67 @AandGShow","","836923378091048960","https://twitter.com/Circle_R185/status/836923378091048960"
"LegiScanKY","2017-03-01 07:56","0","0","SB32 [Engross] AN ACT relating to the tracking of drug convictions. http://bitly.com/WCTj1n","","","","836847715397087233","https://twitter.com/LegiScanKY/status/836847715397087233"
"FOX40","2017-03-01 05:00","1","0","Democratic Response to Trumps Speech: Hes Wall Streets Champion http://go.fox40.com/2lwWFbv","","","","836803402902437888","https://twitter.com/FOX40/status/836803402902437888"
"MLCHS_Ruddy","2017-03-01 04:19","0","0","@semissouristate Payton earned herself a little place on the wall of https://www.instagram.com/p/BRE2Uc0hqAFpM5ugXCNQxPQA1wPw5pYGa0owP80/ ","","@semissouristate","","836792958867369984","https://twitter.com/MLCHS_Ruddy/status/836792958867369984"
"LegiScanKY","2017-03-01 02:36","0","0","HCR48 [Engross] Urge the United States Food and Drug Administration to withdraw its proposed standard for NNN le... http://bitly.com/2k987s2","","","","836767067625963520","https://twitter.com/LegiScanKY/status/836767067625963520"
"Crafty_Sisters8","2017-02-28 19:58","0","0","Trivets!!! These also look great hanging up on the wall! #wallart #vintage #handpainted #trivets https://www.instagram.com/p/BREV38qjQ36/","","","#wallart #vintage #handpainted #trivets","836666806404165632","https://twitter.com/Crafty_Sisters8/status/836666806404165632"
"LegiScanKY","2017-02-28 11:16","0","0","HB315 [Engross] AN ACT relating to gang violence prevention and declaring an emergency. http://bitly.com/WGDyvm","","","","836535537716592640","https://twitter.com/LegiScanKY/status/836535537716592640"
"ctelling","2017-02-26 22:03","0","0","Viva Mxico! With Kenny at X's ""Taste of Diversity"" @St. Xavier High School https://www.instagram.com/p/BQ_anc4ARO2/","","@St","","835973546442633216","https://twitter.com/ctelling/status/835973546442633216"
"plaidroom","2017-02-26 00:14","0","0","Mirror, mirror on the wall.... @Plaid Room Records https://www.instagram.com/p/BQ9E01zFecR/","","@Plaid","","835644160816394240","https://twitter.com/plaidroom/status/835644160816394240"
"GrowingDraco","2017-02-25 23:04","0","0","Let's see a border wall keep HIM out. ;3","","","","835626489223786499","https://twitter.com/GrowingDraco/status/835626489223786499"
"Jerrica_Hanson","2017-02-25 02:21","0","2","when planning your future stresses you out, why not stand by a wall of giant green mushrooms?? https://www.instagram.com/p/BQ6ulmjF-d7/","","","","835313776882757632","https://twitter.com/Jerrica_Hanson/status/835313776882757632"
"Circle_R185","2017-02-24 20:31","0","0","No wall, did very deep, wide trench using massive coal mining drag lines piling all tailings very (cont) http://tl.gd/nngk6t","","","","835225642266464256","https://twitter.com/Circle_R185/status/835225642266464256"
"plaidroom","2017-02-24 15:23","0","0","Fresh used and a whole wall of new releases!! #freshfriday @Plaid Room Records https://www.instagram.com/p/BQ5jO1lFXqI/","","@Plaid","#freshfriday","835148073974235137","https://twitter.com/plaidroom/status/835148073974235137"
"tresbellecakes","2017-02-24 03:38","0","1","Bridal show donut wall, cupcakes and seahorses. #cincywedding #donutwedding #cincybakery https://www.instagram.com/p/BQ4Sjw9F0_e/","","","#cincywedding #donutwedding #cincybakery","834970666088673280","https://twitter.com/tresbellecakes/status/834970666088673280"
"blakeeames","2017-02-24 00:29","0","0","Installation still-life. Wall Treatment= 3D painted metallic gunmetal squares on linen wall https://www.instagram.com/p/BQ3859DB1Lw/","","","","834923043789004800","https://twitter.com/blakeeames/status/834923043789004800"
"MarkOBryan","2017-02-23 17:59","0","0","Old man oil on canvas and wall ceiling Design for a Mosque Synagogue Cathedral Study, https://www.instagram.com/p/BQ3QTjyhTHv/","","","","834824968617594880","https://twitter.com/MarkOBryan/status/834824968617594880"
"Dutchs","2017-02-23 17:50","0","0","It's Thursday Burger Night featuring the ""South of The Border Burger"" topped with Guacamole with https://www.instagram.com/p/BQ3MMZfDOjF/","","","","834822718746873856","https://twitter.com/Dutchs/status/834822718746873856"
"mydogisgeorge","2017-02-23 16:16","0","0","@KySportsRadio if New Orleans can lure john wall does call go?","","@KySportsRadio","","834799195420839939","https://twitter.com/mydogisgeorge/status/834799195420839939"
"LegiScanKY","2017-02-23 05:26","0","0","HB145 [Engross] AN ACT relating to drug education. http://bitly.com/Wv8Yot","","","","834635573000278017","https://twitter.com/LegiScanKY/status/834635573000278017"
"catfangeorge","2017-02-23 02:43","0","1","My boy drug me out of the house and I am not pissed at all @Merle's Whiskey Kitchen https://www.instagram.com/p/BQ1neZ5gRrD/","","@Merle","","834594442539581440","https://twitter.com/catfangeorge/status/834594442539581440"
"hollypgardner","2017-02-22 20:51","0","0","Sims Drug Store. Rode my bike there to get cherry Cokes. To the https://www.instagram.com/p/BQ0_LD9DKOx0KBbSLe5kjTOS791I_ayfqPtajE0/ ","","","","834505823095230466","https://twitter.com/hollypgardner/status/834505823095230466"
"MarkOBryan","2017-02-22 12:19","0","0","Wall modeling stone glass mosaic relief facades Design for a Mosque Synagogue Cathedral Study, https://www.instagram.com/p/BQ0EoZHhEzA/","","","","834377083354755076","https://twitter.com/MarkOBryan/status/834377083354755076"
"RU4UofL","2017-02-22 05:48","0","1","The writing was on the wall... http://moby.to/tkmm6g","","","","834278668117614592","https://twitter.com/RU4UofL/status/834278668117614592"
"ukarmy","2017-02-22 00:04","0","0","Awesome historical photo on the Wall of Fame in Buell Armory. 100th Anniversary of producing https://www.instagram.com/p/BQywgjyDU54/","","","","834192096722554880","https://twitter.com/ukarmy/status/834192096722554880"
"RealDealLock","2017-02-21 20:36","0","0","At B96.5 Wit @bighomieradio And The Gang. I Had My Single Wit Me And Was Tryna Tell Big Bro https://www.instagram.com/p/BQyYs56gL1S/","","@bighomieradio","","834139742346293248","https://twitter.com/RealDealLock/status/834139742346293248"
"LegiScanKY","2017-02-21 12:36","0","0","SB197 [NEW] AN ACT relating to the transfer of contract staff providing services to the Department of Criminal Ju... http://bitly.com/WNNZ0a","","","","834018845773987840","https://twitter.com/LegiScanKY/status/834018845773987840"
"Seth_pickard","2017-02-21 07:37","0","0","Out here gang bangin' I was born in the 90s @University of Kentucky https://www.instagram.com/p/BQw_iQJD-HW/","","@University","","833943669724028928","https://twitter.com/Seth_pickard/status/833943669724028928"
"MarkOBryan","2017-02-21 01:51","0","0","Art wall @Design Studio https://www.instagram.com/p/BQwX6WkByNX/","","@Design","","833856534136303616","https://twitter.com/MarkOBryan/status/833856534136303616"
"SweetsbyMillie","2017-02-21 01:25","0","0","And Gwen's smash cake complete with watercolor buttercream, sprinkle border, and fondant unicorn https://www.instagram.com/p/BQwU_VyAOPL/","","","","833850107271454720","https://twitter.com/SweetsbyMillie/status/833850107271454720"
"GhostFilms75","2017-02-20 22:28","0","0","1+1=U and Young Gang @Shawnee Art & Cultural Center http://ln.is/www.instagram.com/p/Gnj57 ","","@Shawnee","","833805533996019716","https://twitter.com/GhostFilms75/status/833805533996019716"
"GhostFilms75","2017-02-20 22:26","0","0","1+1=U And Youth Gang @Shawnee Art & Cultural Center http://ln.is/www.instagram.com/p/wTybk ","","@Shawnee","","833804938241249280","https://twitter.com/GhostFilms75/status/833804938241249280"
"GhostFilms75","2017-02-20 21:02","0","0","Youth Gang @Shawnee Art & Cultural Center http://ln.is/www.instagram.com/p/9rrIa ","","@Shawnee","","833783992600117248","https://twitter.com/GhostFilms75/status/833783992600117248"
"amymiles1966","2017-02-20 11:56","0","0","@realDonaldTrump I put my total faith in you to make America GREAT again. I just really need your help NOW, in SAVE MY Home","","@realDonaldTrump","","833646442187259904","https://twitter.com/amymiles1966/status/833646442187259904"
"tonyventura","2017-02-20 02:52","0","0","#wwjd about #immigration #wakeupnow @Groesbeck, Ohio https://www.instagram.com/p/BQt6F_rAj6-Ma8evl9kWIGFR03kRpSHmtfic2E0/ ","","@Groesbeck","#wwjd #immigration #wakeupnow","833509486996373504","https://twitter.com/tonyventura/status/833509486996373504"
"LegiScanKY","2017-02-20 02:36","0","0","HB200 [NEW] AN ACT relating to orders of restitution and forfeiture following a criminal conviction of cruelty to... http://bitly.com/WtlPYn","","","","833505458505785345","https://twitter.com/LegiScanKY/status/833505458505785345"
"outandoutfit","2017-02-19 15:47","0","0","dad's been in mexico since wednesday, so the little guy and I sprung for our own bit of paradise https://www.instagram.com/p/BQst_TBFq36/","","","","833342141246087168","https://twitter.com/outandoutfit/status/833342141246087168"
"SharaleaB","2017-02-19 03:41","0","0","The Gang!!! @Lakeside Arena https://www.instagram.com/p/BQra_52j_tPqy-TjuelOOVKlF4qDKr5ml1_byI0/ ","","@Lakeside","","833159637113434112","https://twitter.com/SharaleaB/status/833159637113434112"
"Tater_Lucas","2017-02-18 16:30","0","0","Nothing big enough to toss on the wall today. But can't complain for being the first time out https://www.instagram.com/p/BQqOLkeAZ6D/","","","","832990707824619520","https://twitter.com/Tater_Lucas/status/832990707824619520"
"ShahAngelique","2017-02-17 02:33","0","1","I can't wait to finish this bargello quilt on the long arm. Final 5"" border is complete. I wish https://www.instagram.com/p/BQmJmgoD0v2/","","","","832417692070113282","https://twitter.com/ShahAngelique/status/832417692070113282"
"bodaddyharristm","2017-02-15 20:34","0","0","Views Of Mexico Will Be Released in a few more weeks. This cd is a rough draft #boharrismusic https://www.instagram.com/p/BQi7ttPB9HD/","","","#boharrismusic","831964939602452480","https://twitter.com/bodaddyharristm/status/831964939602452480"
"kbrbjb","2017-02-15 20:00","0","1","@hardwick Hey Chris, sorry we missed you on The Wall last night. We were busy seeing you in The Lego Batman Movie :P","","@hardwick","","831956376947720192","https://twitter.com/kbrbjb/status/831956376947720192"
"Sameantha66","2017-02-15 11:16","0","0","All inclusive travel deals! #Hawaii #caribean #Mexico #SNCtravels @SNCTravels https://www.instagram.com/p/BQh7zkolgQ2/","","@SNCTravels","#Hawaii #caribean #Mexico #SNCtravels","831824406376767488","https://twitter.com/Sameantha66/status/831824406376767488"
"LegiScanKY","2017-02-15 05:06","0","0","HB315 [NEW] AN ACT relating to gang violence prevention and declaring an emergency. http://bitly.com/WGDyvm","","","","831731455768268800","https://twitter.com/LegiScanKY/status/831731455768268800"
"msstacylloyd","2017-02-15 03:24","0","0","#TravelTuesday CINCINNATI SERIES. Right on the border of the Ohio River, the city welcomes https://www.instagram.com/p/BQhFzARhs7j/","","","#TravelTuesday","831705636064817152","https://twitter.com/msstacylloyd/status/831705636064817152"
"MarkOBryan","2017-02-15 00:42","0","0","Wall study glass Design for a Mosque Synagogue Cathedral Study, architecture _ perspective_ Mark https://www.instagram.com/p/BQgzWZuAFBS/","","","","831665070966992896","https://twitter.com/MarkOBryan/status/831665070966992896"
"MarkOBryan","2017-02-14 15:49","0","0","Wall study glass Design for a Mosque Synagogue Cathedral Study, architecture _ perspective_ Mark https://www.instagram.com/p/BQf2St1DXI1/","","","","831530805239361543","https://twitter.com/MarkOBryan/status/831530805239361543"
"reseudaimon","2017-02-13 12:08","0","0","Headed to Mexico @Louisville International Airport - SDF https://www.instagram.com/p/BQc4KtNgqqy/","","@Louisville","","831112713577328646","https://twitter.com/reseudaimon/status/831112713577328646"
"alfa_poet","2017-02-13 01:29","1","2","A beautiful creative soul in Canada created some wall plaques to highlight some of my quotes! https://www.instagram.com/p/BQbvHXPB22W/","","","","830952068957380608","https://twitter.com/alfa_poet/status/830952068957380608"
"DJJDough","2017-02-12 20:47","0","0","It's Crazy I Got Friends REAL FRIENDS Dats Doing Football Numbers Behind The Wall!!! They Call https://www.instagram.com/p/BQbO0_sBQEc/","","","","830881069540839424","https://twitter.com/DJJDough/status/830881069540839424"
"MarkOBryan","2017-02-12 20:43","0","0","Wall and Room Design for a Mosque Synagogue Cathedral Study, architecture _ perspective_ Mark https://www.instagram.com/p/BQbOY52D9-V/","","","","830880108076482560","https://twitter.com/MarkOBryan/status/830880108076482560"
"FWB_IV","2017-02-12 02:04","0","0","Hole in the Wall. @MadTree Brewing https://www.instagram.com/p/BQZOSnhgMfl/","","@MadTree","","830598418481426432","https://twitter.com/FWB_IV/status/830598418481426432"
"LegiScanKY","2017-02-11 21:46","0","0","HB308 [NEW] AN ACT relating to abuse-deterrent opioid analgesic drug products. http://bitly.com/WGs5Mf","","","","830533396044664832","https://twitter.com/LegiScanKY/status/830533396044664832"
"MarkOBryan","2017-02-11 21:00","0","0","Detail study wall Design for a Mosque Synagogue Cathedral Study, architecture _ perspective_ https://www.instagram.com/p/BQYri8pDy_p/","","","","830522009830449152","https://twitter.com/MarkOBryan/status/830522009830449152"
"JakeEGibson","2017-02-11 20:34","0","0","#peytonmckenzie throwing up them gang signs eating cake @ https://www.instagram.com/p/BQYofRFlNtvYqmu_Rt5YoS1lNl9VgJVK_h6yJA0/ ","","@","#peytonmckenzie","830515294741348352","https://twitter.com/JakeEGibson/status/830515294741348352"
"LegiScanKY","2017-02-11 14:56","0","0","HB305 [NEW] AN ACT relating to treatment for alcohol and other drug abuse. http://bitly.com/YL26BT","","","","830430278720045058","https://twitter.com/LegiScanKY/status/830430278720045058"
"brigidekelly","2017-02-10 19:16","3","6","Talking immigration, refugees, and Executive Orders with PBS News Hour Reporting Lab at Hughes https://www.instagram.com/p/BQV6yv8htFg/","","","","830133332549591041","https://twitter.com/brigidekelly/status/830133332549591041"
"h_wolfey","2017-02-10 01:55","0","1","Mirror mirror on the wall, the tigers have came to ball @Powell Athletic Center https://www.instagram.com/p/BQUDoDDj3vx/","","@Powell","","829871275619282945","https://twitter.com/h_wolfey/status/829871275619282945"
"MarkOBryan","2017-02-09 23:53","0","0","Detail study of a wall of art glass Design for a Mosque Synagogue Cathedral Study, architecture https://www.instagram.com/p/BQT1xBOgq0t/","","","","829840794827776000","https://twitter.com/MarkOBryan/status/829840794827776000"
"LegiScanKY","2017-02-09 22:06","0","0","HCR48 [NEW] Urge the United States Food and Drug Administration to withdraw its proposed standard for NNN levels... http://bitly.com/2k987s2","","","","829813767894622208","https://twitter.com/LegiScanKY/status/829813767894622208"
"BranchPhotog","2017-02-09 20:50","0","0","Model: Sarah Catherine Larson Tags: #modelmayhem #modeling #model #wall #posed #posing #studio https://www.instagram.com/p/BQTg0aNg80f/","","","#modelmayhem #modeling #model #wall #posed #posing #studio","829794733484544002","https://twitter.com/BranchPhotog/status/829794733484544002"
"BranchPhotog","2017-02-09 20:49","0","0","Model: Sarah Catherine Larson Tags: #modelmayhem #modeling #model #wall #posed #posing #studio https://www.instagram.com/p/BQTgmHzAwcy/","","","#modelmayhem #modeling #model #wall #posed #posing #studio","829794258769080326","https://twitter.com/BranchPhotog/status/829794258769080326"
"BranchPhotog","2017-02-09 20:47","0","0","Model: Sarah Catherine Larson Tags: #modelmayhem #modeling #model #wall #posed #posing #studio https://www.instagram.com/p/BQTgZNpAq5m/","","","#modelmayhem #modeling #model #wall #posed #posing #studio","829793802261032960","https://twitter.com/BranchPhotog/status/829793802261032960"
"DadLife_101","2017-02-09 04:55","0","0","Mouse Police... 2 Officers patrolling the border of the kitchen. #cats #cat #mice https://www.instagram.com/p/BQRzc2aFena/","","","#cats #cat #mice","829554236652412928","https://twitter.com/DadLife_101/status/829554236652412928"
"djasonblack","2017-02-09 01:56","0","0","Master shower with a waterfall accent wall. @Artisan Signature Homes https://www.instagram.com/p/BQRe8IHjRU5/","","@Artisan","","829509128347328515","https://twitter.com/djasonblack/status/829509128347328515"
"alapointe","2017-02-09 01:27","0","2","""It's an amusing anecdote about a drug deal."" #ReservoirDogs rehearsal @alley_theater @The https://www.instagram.com/p/BQRbrunAXaS/","","@alley_theater @The","#ReservoirDogs","829501966619463682","https://twitter.com/alapointe/status/829501966619463682"
"LegiScanKY","2017-02-08 05:57","1","0","HB235 [NEW] AN ACT relating to citizenship and immigration status information and enforcement. http://bitly.com/YGTMmJ","","","","829207461554958336","https://twitter.com/LegiScanKY/status/829207461554958336"
"MarkOBryan","2017-02-07 23:03","0","0","Pretty enough for some outside painting Title My tunnel to Mexico #wall #tunnel #mexico @Design https://www.instagram.com/p/BQOmY4kgpWJ/","","@Design","#wall #tunnel #mexico","829103292848406528","https://twitter.com/MarkOBryan/status/829103292848406528"
"wdwlandis","2017-02-07 15:57","0","0","make america preppy again @Somerset High School (Kentucky) https://www.instagram.com/p/BQN1oZiA7_HSIN_kCgum6L2s0MoHdm3MN6VAiE0/ ","","@Somerset","","828996077932142592","https://twitter.com/wdwlandis/status/828996077932142592"
"jrbragg12","2017-02-07 04:26","0","0","@realDonaldTrump u take up for Putin a known criminal & criticize our leaders and citizen's. We our Americans! If u can't support us resign!","","@realDonaldTrump","","828822302544392192","https://twitter.com/jrbragg12/status/828822302544392192"
"heatherhadilaw","2017-02-07 02:57","0","0","Speaking at the protest #trumpban #immigration #resist @Fayette County District Courthouse https://www.instagram.com/p/BQMcaSeAGTl/","","@Fayette","#trumpban #immigration #resist","828799875106164736","https://twitter.com/heatherhadilaw/status/828799875106164736"
"PokeLouisville","2017-02-06 16:44","0","0","This magical and majestic great wall of herbs we love being able to provide Louisville with https://www.instagram.com/p/BQLWNRxDfQW/","","","","828645499460780032","https://twitter.com/PokeLouisville/status/828645499460780032"
"jennaclements4","2017-02-06 01:25","0","0","Happy to have my Lyssy home... even though she didn't make it out @Picture Wall https://www.instagram.com/p/BQJtCOVjaul/","","@Picture","","828414222702895105","https://twitter.com/jennaclements4/status/828414222702895105"
"MarkOBryan","2017-02-05 13:39","0","0","Self portrait glass wall a #Design for a Mosque Synagogue Cathedral Study, architecture _ https://www.instagram.com/p/BQIcTgDjo0U/","","","#Design","828236696764477440","https://twitter.com/MarkOBryan/status/828236696764477440"
"MarkOBryan","2017-02-05 12:56","0","0","Self portrait wall study Design for a Mosque Synagogue Cathedral Study, architecture _ https://www.instagram.com/p/BQIXX_pDbMR/","","","","828225855927230465","https://twitter.com/MarkOBryan/status/828225855927230465"
"Aadi_Krishna","2017-02-05 01:57","0","0","Pilaf gang has been reduced to servants lol","","","","828060012681510914","https://twitter.com/Aadi_Krishna/status/828060012681510914"
"MarkOBryan","2017-02-04 21:27","0","0","Design for a Mosque Synagogue Cathedral #wall Study, architecture _ perspective_ Mark O'Bryan https://www.instagram.com/p/BQGtAGJgE3Q/","","","#wall","827991937449918465","https://twitter.com/MarkOBryan/status/827991937449918465"
"toripvaughn","2017-02-04 19:22","0","0","We watched many people attack that innocent wall last night. Needless to say it was lit. @ https://www.instagram.com/p/BQGevGSFV-s/","","@","","827960575254810627","https://twitter.com/toripvaughn/status/827960575254810627"
"JessicaBadgley","2017-02-04 01:03","0","0","Spending some quality time my mom #char #mom #moments @Indiana / Kentucky Border Line https://www.instagram.com/p/BQEg96-DelT/","","@Indiana","#char #mom #moments","827683999199932416","https://twitter.com/JessicaBadgley/status/827683999199932416"
"MJ_OnTheAir","2017-02-04 00:54","0","0","Hangin out before savedbythe90s! DJ at 8, show at 9 Take a selfie at our @1069play wall & get https://www.instagram.com/p/BQEf4CMAqYA/","","@1069play","","827681597616951297","https://twitter.com/MJ_OnTheAir/status/827681597616951297"
"SdotNicole3","2017-02-04 00:47","0","0","And now I don't feel bad cause he has me in this hole in the wall Mexican spot up the street from our crib","","","","827679907530625024","https://twitter.com/SdotNicole3/status/827679907530625024"
"_chrischandler","2017-02-03 16:15","0","0","Level headed discussion. [Free Thoughts from http://Libertarianism.org ] The Truth About Immigration https://www.libertarianism.org/media/free-thoughts/truth-about-immigration ","","","","827551027335413760","https://twitter.com/_chrischandler/status/827551027335413760"
"TheWindMind","2017-02-03 02:57","0","0","it looks like Barns is hitting on Sugar and they'd make mini Border Collie puppies together https://www.instagram.com/p/BQCJIH-llld/","","","","827350149903024129","https://twitter.com/TheWindMind/status/827350149903024129"
"kevin_savage","2017-02-03 01:59","0","0","Beginning installation of interior wall to separate greenhouse from classroom. #gochca https://www.instagram.com/p/BQCCkRyB8ZE/","","","#gochca","827335670691622912","https://twitter.com/kevin_savage/status/827335670691622912"
"SocialMudd2","2017-02-02 16:36","0","1","I'm in a room full of lawyers learning about #immigration. http://SocialMudd.com #Louisville https://www.instagram.com/p/BQBCIxhjysz/","","","#immigration #Louisville","827193990923554816","https://twitter.com/SocialMudd2/status/827193990923554816"
"_chrischandler","2017-02-02 05:14","0","1","1. There's so much confusion on both sides about Trump's immigration EO. Partially b/c it's vauge and partially b/c headlines are too.","","","","827022387329777664","https://twitter.com/_chrischandler/status/827022387329777664"
"sincerely_mary","2017-02-01 22:56","0","5","No ban! No wall! Rallying at Huntington City Hall! #LoveTrumpsHate pic.twitter.com/4sFqDzwLlQ","","","#LoveTrumpsHate","826927166893981696","https://twitter.com/sincerely_mary/status/826927166893981696"
"tresbellecakes","2017-02-01 22:43","0","0","Our newest donut wall is out for a party. #sweetvictory2017 #cincyfood #cincyeats #cincygram https://www.instagram.com/p/BP_HXaBD_1F/","","","#sweetvictory2017 #cincyfood #cincyeats #cincygram","826924013066809346","https://twitter.com/tresbellecakes/status/826924013066809346"
"DJLukeSXM","2017-02-01 18:32","0","0","After a couple background checks, fingerprinting, drug test and https://www.instagram.com/p/BP-qkmlggb0a29Nz0JtGM2Z3McKhymX7gDC3Qs0/ ","","","","826860694008188929","https://twitter.com/DJLukeSXM/status/826860694008188929"
"PrintShopCincy","2017-01-31 21:13","0","0","wall decal installed on my newest cousin's wall... white vinyl butterfly, deep purple text and https://www.instagram.com/p/BP8YQpNDJar/","","","","826538948394643459","https://twitter.com/PrintShopCincy/status/826538948394643459"
"angieballard","2017-01-31 19:22","0","0","Peeps in the US, Canada, Mexico, Korea, Australia, and Columbia: LISTEN over the next 2 days! https://www.instagram.com/p/BP8Li6ehbkC/","","","","826510993773637632","https://twitter.com/angieballard/status/826510993773637632"
"reseudaimon","2017-01-31 16:22","1","3","At Mitch McConnell's office telling him no wall, no Steve Bannon on the NSC. #resistance @Gene https://www.instagram.com/p/BP726alA4UI/","","@Gene","#resistance","826465618337603584","https://twitter.com/reseudaimon/status/826465618337603584"
"thepersianman1","2017-01-31 16:21","0","0","Can't kick the Persian Baddy out @The Wall https://www.instagram.com/p/BP721KxhiyohSZpS6CfcZrRoya-_423rrHQSVo0/ ","","@The","","826465438125023232","https://twitter.com/thepersianman1/status/826465438125023232"
"bodaddyharristm","2017-01-31 08:22","0","0","The Single Will Be Here This March ""Views of Mexico"" and will be available on every music https://www.instagram.com/p/BP7AC7TBqd9/","","","","826344963969478656","https://twitter.com/bodaddyharristm/status/826344963969478656"
"sabrinas","2017-01-30 23:18","0","0","Sometimes the writing is on the wall... Other times the back of a van. #preach #simplethings https://www.instagram.com/p/BP6BvOFjbw6/","","","#preach #simplethings","826207951341883393","https://twitter.com/sabrinas/status/826207951341883393"
"notbencarter","2017-01-30 14:44","0","3","Literally anti-wall at Ben Carter Law this morning. (Who needs some office space? Hit me up.) https://www.instagram.com/p/BP5G5kZgVPP/","","","","826078559668207616","https://twitter.com/notbencarter/status/826078559668207616"
"jcrack523","2017-01-30 14:24","0","0","Yall thought it was all about the Mexican border, nope hairline borders to boo boo! https://www.instagram.com/p/BP5El5cAS-r/","","","","826073487244718081","https://twitter.com/jcrack523/status/826073487244718081"
"KayMac_2012","2017-01-30 04:14","0","0","Mirror, mirror on the wall, I'll always get up after I fall. And https://www.instagram.com/p/BP3-yEBhbNA2NNBrcXMig0lCPdOMBbbd9-iFh00/ ","","","","825919972870197248","https://twitter.com/KayMac_2012/status/825919972870197248"
"DawnDWalters","2017-01-30 02:36","0","0","The wall! #Repost jeffhouchinphotography  @KentuckyDance #bbn #weareuk #ukvsku @Rupp Arena https://www.instagram.com/p/BP3zq-FDJ-q/","","@KentuckyDance @Rupp","#Repost #bbn #weareuk #ukvsku","825895550092509184","https://twitter.com/DawnDWalters/status/825895550092509184"
"81GMB","2017-01-30 01:37","0","0","Finally put it on the wall granted not the original but it will due. #hawk #centralpride #pcchs https://www.instagram.com/p/BP3s50IFkD5/","","","#hawk #centralpride #pcchs","825880662867660800","https://twitter.com/81GMB/status/825880662867660800"
"MarkOBryan","2017-01-29 20:26","0","0","Wall Study, Love Hotels LLC #architecture _ perspective_ #Mark O'Bryan reasearch #lovelycorner https://www.instagram.com/p/BP3JUKdg1Uh/","","","#architecture #Mark #lovelycorner","825802398966890496","https://twitter.com/MarkOBryan/status/825802398966890496"
"JonSherron","2017-01-29 18:55","0","0","No wall around this one....Awesome - Drinking a Mexican Brunch (2016) @Sam's Hot Dog Stand - http://untp.beer/s/c411609960 #photo","","@Sam","#photo","825779431713230849","https://twitter.com/JonSherron/status/825779431713230849"
"MarkOBryan","2017-01-29 18:25","0","0","Wall Study, #afterimage architecture _ perspective_ Mark O'Bryan reasearch #seeblue https://www.instagram.com/p/BP27X5mA7RZ/","","","#afterimage #seeblue","825771741951774720","https://twitter.com/MarkOBryan/status/825771741951774720"
"MarkOBryan","2017-01-29 14:05","0","0","http://www.worlddwelling.com Worlddwelling diversity challenge Wall Study, architecture _ perspective_ https://www.instagram.com/p/BP2drSYgLmk/","","","","825706435640164353","https://twitter.com/MarkOBryan/status/825706435640164353"
"MarkOBryan","2017-01-29 11:44","0","0","What plants? Nutrit-Wall Study, architecture _ perspective_ Mark O'Bryan reasearch #seeblue https://www.instagram.com/p/BP2NiyyAAeT/","","","#seeblue","825670957847179264","https://twitter.com/MarkOBryan/status/825670957847179264"
"jaredsmith75","2017-01-29 04:32","0","12","To the immigration lawyers all across the country working pro-bono right now...thank you! https://twitter.com/DGisSERIOUS/status/825461525313884161 ","","","","825562207605968897","https://twitter.com/jaredsmith75/status/825562207605968897"
"The_Real_O_Man","2017-01-29 01:11","0","0","The gang celebrating the fruits of the Lords first miricle at Vinoklet! @Vinoklet Winery, https://www.instagram.com/p/BP1FFNQBFg4/","","@Vinoklet","","825511738049114112","https://twitter.com/The_Real_O_Man/status/825511738049114112"
"loganosbourn1","2017-01-28 21:05","0","0","love random lunch dates @Fiesta Mexico https://www.instagram.com/p/BP0o66BhmTZKbaDXBXWQeUSmm9LiT6hAprATvI0/ ","","@Fiesta","","825449690862718976","https://twitter.com/loganosbourn1/status/825449690862718976"
"MarkOBryan","2017-01-28 10:58","0","0","Wall Studies in architecture _ perspective_ Mark O'Bryan reasearch #seeblue #imadethattower https://www.instagram.com/p/BPzjg4qgKHI/","","","#seeblue #imadethattower","825297059108511744","https://twitter.com/MarkOBryan/status/825297059108511744"
"Stanfor26034773","2017-01-28 00:31","0","0","I have a plan for the southern wall, that will have Mexico WANTING to be part of, but I can't get the info to Trumps Administration.","","","","825139114051780610","https://twitter.com/Stanfor26034773/status/825139114051780610"
"kysocov","2017-01-27 21:56","0","0","Newest wall art is up. Could shirts and totes be not too far behind???? #kysoc #nkotb https://www.instagram.com/p/BPyKCbXgAn6/","","","#kysoc #nkotb","825100300948209664","https://twitter.com/kysocov/status/825100300948209664"
"CalebH0lliday_","2017-01-27 18:36","0","1","Pumped to see what this semester has in store, let's go! #gang #AT https://www.instagram.com/p/BPxzH29APpHt3VwNHWgUVm6H-DBGOtA1TMGOyQ0/ ","","","#gang #AT","825049907622998016","https://twitter.com/CalebH0lliday_/status/825049907622998016"
"addison_mills17","2017-01-27 15:20","0","0","Love the contrast between skin tone and wall and the dress and the. It's an interesting blend https://www.instagram.com/p/BPxco-hDGN2/","","","","825000468313206784","https://twitter.com/addison_mills17/status/825000468313206784"
"Colerain_Rctg","2017-01-27 13:53","0","0","#WittigArmy & Army Reservist, PFC Biggs,at Butler Tech Criminal Justice Colerain. Colerain https://www.instagram.com/p/BPxSrDrg86O/","","","#WittigArmy","824978551233449985","https://twitter.com/Colerain_Rctg/status/824978551233449985"
"Colerain_Rctg","2017-01-27 13:52","0","0","#WittigArmy & Army Reservist, PFC Biggs,at Butler Tech Criminal Justice Colerain. Colerain https://www.instagram.com/p/BPxSmrpAg0w/","","","#WittigArmy","824978399550697473","https://twitter.com/Colerain_Rctg/status/824978399550697473"
"tayashleyy","2017-01-27 04:39","0","0","The wall of personality. #locoforlogos @Boyce College https://www.instagram.com/p/BPwTTmxDyXz/","","@Boyce","#locoforlogos","824839218027442176","https://twitter.com/tayashleyy/status/824839218027442176"
"tresbellecakes","2017-01-26 23:24","0","0","Here's a sneak peak at our latest donut wall! #cincyfood #cincyeats #cincygram #donutwedding https://www.instagram.com/p/BPvvULFDm6x/","","","#cincyfood #cincyeats #cincygram #donutwedding","824760065999646723","https://twitter.com/tresbellecakes/status/824760065999646723"
"FlipProf","2017-01-26 23:24","0","1","An important panel and discussion on DACA, immigration, and race #NoOneIsIllegal @Northern https://www.instagram.com/p/BPvvREKDTJc/","","@Northern","#NoOneIsIllegal","824759953961390080","https://twitter.com/FlipProf/status/824759953961390080"
"MarkOBryan","2017-01-26 22:45","0","0","Wall Study, architecture _ perspective_ Mark O'Bryan reasearch #seeblue #imadethattower @ukcod https://www.instagram.com/p/BPvqzayAS3A/","","@ukcod","#seeblue #imadethattower","824750139445215233","https://twitter.com/MarkOBryan/status/824750139445215233"
"jrbragg12","2017-01-26 18:08","0","0","Every one running for president should have a psychiatric exam, drug test, release tax returns to be fully vetted. #We the people...","","","#We","824680414946156544","https://twitter.com/jrbragg12/status/824680414946156544"
"jrbragg12","2017-01-26 17:49","0","0","@realDonaldTrump This is our money. Do not waste our money. No wall, waste. No investigation of votes, waste. #We the people...","","@realDonaldTrump","#We","824675752205549568","https://twitter.com/jrbragg12/status/824675752205549568"
"MadisonMartin20","2017-01-26 16:41","0","0","Girl gang forever @Bellevue, Kentucky https://www.instagram.com/p/BPvBGZJgkEA/","","@Bellevue","","824658445064347648","https://twitter.com/MadisonMartin20/status/824658445064347648"
"MarkOBryan","2017-01-26 13:10","0","0","Wall Hexagonal Study with color, architecture _ perspective_ Mark O'Bryan reasearch #seeblue https://www.instagram.com/p/BPuo9KBAM_R/","","","#seeblue","824605338469015552","https://twitter.com/MarkOBryan/status/824605338469015552"
"jrbragg12","2017-01-26 01:18","0","0","@realDonaldTrump Wall is waste of money; use for schools, roads, higher education-preparing workers for jobs of future. #We the people...","","@realDonaldTrump","#We","824426232569823234","https://twitter.com/jrbragg12/status/824426232569823234"
"PAPImeridian","2017-01-26 00:33","0","0","Please don't build a wall between us. The act will trickle down, compounding, and always follow https://www.instagram.com/p/BPtSVkDD01p/","","","","824414863128723456","https://twitter.com/PAPImeridian/status/824414863128723456"
"Seasoned4u","2017-01-25 19:23","0","0","We are a country built on immigration . I will never say the word ""illegal "" to a international https://www.instagram.com/p/BPsu4thALTx/","","","","824336903436697601","https://twitter.com/Seasoned4u/status/824336903436697601"
"KYHBPB","2017-01-25 16:14","0","0","Don't forget that KYHBPB makes other cool stuff too. Like incense burners and even wall art. Be https://www.instagram.com/p/BPsZPhngZtV/","","","","824289310371381249","https://twitter.com/KYHBPB/status/824289310371381249"
"TriFectionEnt","2017-01-24 20:37","1","0","2.1.17 TAYLOR GANG artist, @ravenfelix Hits Lexington!!! Tickets: http://Cosmic-Charlies.com  https://www.instagram.com/p/BPqSmWYhFeV/","","@ravenfelix","","823993236536430592","https://twitter.com/TriFectionEnt/status/823993236536430592"
"oulisha","2017-01-24 16:18","0","1","Wonderful performance from Mexico Lindo. #loucolintweek17 pic.twitter.com/2vP3YV3GXi","","","#loucolintweek17","823927941805592583","https://twitter.com/oulisha/status/823927941805592583"
"11shakur00","2017-01-24 15:26","0","2","1100 been the gang I'll never change","","","","823914963207065600","https://twitter.com/11shakur00/status/823914963207065600"
"burnsweightloss","2017-01-24 13:35","0","0","Yes it is a drug!! Yes it will kill you!! Yes you have to have food to survive!! All carries https://www.instagram.com/p/BPpiUAhhX5i/","","","","823887045768527876","https://twitter.com/burnsweightloss/status/823887045768527876"
"MarkOBryan","2017-01-24 11:02","0","0","Wall Tower Sky Study, architecture _ perspective_ Mark O'Bryan reasearch #seeblue https://www.instagram.com/p/BPpQtbzAJM9/","","","#seeblue","823848334880309248","https://twitter.com/MarkOBryan/status/823848334880309248"
"MarkOBryan","2017-01-23 23:24","0","0","Wall Study, architecture _ perspective_ Mark O'Bryan reasearch #seeblue #imadethattower @ukcod https://www.instagram.com/p/BPoA6gUg6pM/","","@ukcod","#seeblue #imadethattower","823672861483220996","https://twitter.com/MarkOBryan/status/823672861483220996"
"MrTRaySanders","2017-01-23 21:13","0","0","The #journey @Tennessee- Kentucky Border https://www.instagram.com/p/BPnx3woBLdL/","","@Tennessee","#journey","823639863681421312","https://twitter.com/MrTRaySanders/status/823639863681421312"
"patmarinich","2017-01-23 18:24","0","0","I'm at Kentucky/Tennessee Border in Jellico, TN https://www.swarmapp.com/c/dxD4gNfSJtZ","","","","823597335586414592","https://twitter.com/patmarinich/status/823597335586414592"
"MarkOBryan","2017-01-23 12:37","0","1","Wall Study freedom , architecture _ perspective_ Mark O'Bryan reasearch #seeblue #imadethattower https://www.instagram.com/p/BPm20wuAUMe/","","","#seeblue #imadethattower","823509936449667072","https://twitter.com/MarkOBryan/status/823509936449667072"
"brandonky4","2017-01-23 02:42","0","0","Sweater Gang. Cash me Ousside Howbow Dah #whatarethose #shawtywannabeathug #igersjax https://www.instagram.com/p/BPlyy8JFw60/","","","#whatarethose #shawtywannabeathug #igersjax","823360347088289797","https://twitter.com/brandonky4/status/823360347088289797"
"loneboy_ludwig","2017-01-22 23:10","0","4","WE ON THAT GANG SHIT @Clifton, Cincinnati https://www.instagram.com/p/BPlaSAqFCP0/","","@Clifton","","823306820991283201","https://twitter.com/loneboy_ludwig/status/823306820991283201"
"MarkOBryan","2017-01-22 14:08","0","0","Wall Study, freedom love hotel architecture _ perspective_ Mark O'Bryan reasearch #seeblue https://www.instagram.com/p/BPkcemVgbiM/","","","#seeblue","823170525149138944","https://twitter.com/MarkOBryan/status/823170525149138944"
"MarkOBryan","2017-01-21 22:07","0","0","Freedom for all No filters Hey Wall Study, architecture _ perspective_ Mark O'Bryan https://www.instagram.com/p/BPiudcuAL7B/","","","","822928593810554880","https://twitter.com/MarkOBryan/status/822928593810554880"
"Iam_JSattler","2017-01-21 22:05","0","0","I'm at Kentucky/Tennessee Border in Jellico, TN https://www.swarmapp.com/c/idvsUEJ4rEL","","","","822928095472680960","https://twitter.com/Iam_JSattler/status/822928095472680960"
"dbannisterjr","2017-01-21 16:40","0","0","Listening to the D.C. march (it's playing on the wall) and spreading awareness about Americana. March, Rally,... https://www.swarmapp.com/c/6p55ReusBuK","","","","822846263603367936","https://twitter.com/dbannisterjr/status/822846263603367936"
"MarkOBryan","2017-01-21 00:23","0","0","Art wall #art #artworld @Mark O'bryan Architect https://www.instagram.com/p/BPgZRafALs0/","","@Mark","#art #artworld","822600526164623364","https://twitter.com/MarkOBryan/status/822600526164623364"
"amyrash4","2017-01-20 16:44","0","0","Kennedi says Make America Great Again!! #trump #inauguration2017 https://www.instagram.com/p/BPfkwhigjwc-mtBsMm_pgd9Bw9lMvM5OtYmL8w0/ ","","","#trump #inauguration2017","822485048129531904","https://twitter.com/amyrash4/status/822485048129531904"
"bordy","2017-01-20 15:33","0","0","Make America Gweat Again! - That cute kid","","","","822467141979009025","https://twitter.com/bordy/status/822467141979009025"
"MarkOBryan","2017-01-20 13:07","0","0","Democracy diag6 Wall Study, architecture _ perspective_ Mark O'Bryan reasearch #seeblue https://www.instagram.com/p/BPfL14DgyRj/","","","#seeblue","822430254488834049","https://twitter.com/MarkOBryan/status/822430254488834049"
"MarkOBryan","2017-01-20 12:42","0","0","Wall Study, architecture _ perspective_ Mark O'Bryan reasearch #seeblue #imadethattower @ukcod https://www.instagram.com/p/BPfI_j0gNYP/","","@ukcod","#seeblue #imadethattower","822423992019668992","https://twitter.com/MarkOBryan/status/822423992019668992"
"BCsPhotography1","2017-01-20 03:00","0","0","Got yahboy on the wall tho .. .. #thankful @Transylvania University https://www.instagram.com/p/BPeGZECBqT9/","","@Transylvania","#thankful","822277531147481088","https://twitter.com/BCsPhotography1/status/822277531147481088"
"MarkOBryan","2017-01-20 01:17","0","0","Wall Studies, architecture _ perspective_ Mark O'Bryan reasearch #seeblue #imadethattower @ukcod https://www.instagram.com/p/BPd6qkAgsJ8/","","@ukcod","#seeblue #imadethattower","822251745204174848","https://twitter.com/MarkOBryan/status/822251745204174848"
