"username","date","retweets","favorites","text","geo","mentions","hashtags","id","permalink"
"CelticVixxen","2017-04-19 21:16","0","0","I'm at @Montereys Little Mexico in Humble, TX https://www.swarmapp.com/c/c5xcHjVtQKL","","@Montereys","","854805881099350016","https://twitter.com/CelticVixxen/status/854805881099350016"
"VegasNewOrleans","2017-04-19 20:45","0","0","Stance is joining our wall of underpants!!! #vegasnola #stanceunderwear #theuncommonthread https://www.instagram.com/p/BTFLDy6gQyY/","","","#vegasnola #stanceunderwear #theuncommonthread","854798155384311809","https://twitter.com/VegasNewOrleans/status/854798155384311809"
"LegiScanLA","2017-04-19 01:16","0","0","SB76 [Engross] Provides for venue in certain criminal cases. (gov sig) http://bitly.com/15RjG9f","","","","854503825830535169","https://twitter.com/LegiScanLA/status/854503825830535169"
"t_owen","2017-04-18 19:19","0","1","Joined the @matterport gang today. #matterport #3dscan #pointcloud @Hi Tech Electric https://www.instagram.com/p/BTCccZHAtvg/","","@matterport @Hi","#matterport #3dscan #pointcloud","854414173270421505","https://twitter.com/t_owen/status/854414173270421505"
"sharon_alvar","2017-04-18 03:15","0","0","from endless walks in the French Quarter, to endless swims in the Gulf of Mexico, to nonstop https://www.instagram.com/p/BTAuEfEhTrM/","","","","854171463347195904","https://twitter.com/sharon_alvar/status/854171463347195904"
"Tony_Anobile","2017-04-18 01:35","0","0","Oh yeah..... Home finally! #TexasStrong #HoustonBound #CollegeRoadTrip @Texas Louisiana Border https://www.instagram.com/p/BTAisZFF4Jk/","","@Texas","#TexasStrong #HoustonBound #CollegeRoadTrip","854146449302364160","https://twitter.com/Tony_Anobile/status/854146449302364160"
"Andi_Lynns","2017-04-17 22:00","0","0","The gang's all here. Spring Blend and Pure Blend Elderberry Syrup along with Louisiana Fire https://www.instagram.com/p/BTAJ_Znjlen/","","","","854092121216872449","https://twitter.com/Andi_Lynns/status/854092121216872449"
"dearlydimples","2017-04-17 18:24","0","0","It's not easy lifting weights.. . Almost blending in with the wall here.. Lol #ICECREAM https://www.instagram.com/p/BS_roPvlrQ_/","","","#ICECREAM","854037964455895040","https://twitter.com/dearlydimples/status/854037964455895040"
"dearlydimples","2017-04-17 17:34","0","0","Almost blending in with the wall.. Lol #ICECREAM #RedVelvet #IcecreamFanatic #MaryEats https://www.instagram.com/p/BS_roPvlrQ_/","","","#ICECREAM #RedVelvet #IcecreamFanatic #MaryEats","854025358575894528","https://twitter.com/dearlydimples/status/854025358575894528"
"Ryannnn_13","2017-04-17 16:00","0","2","they call us ranch cuz we be dressin' @Gulf Of Mexico Carnival Cruise https://www.instagram.com/p/BS_g4OiAbPw/","","@Gulf","","854001714516684800","https://twitter.com/Ryannnn_13/status/854001714516684800"
"ItsLifeRoooo","2017-04-17 02:08","0","0","Smooth criminal #zarigeesbasicbach #zarigeeNOLAstfling https://www.instagram.com/p/BS94n0ilGhMN2SG_7xlhNlAisHfqEenKmwKnoY0/ ","","","#zarigeesbasicbach #zarigeeNOLAstfling","853792360454664192","https://twitter.com/ItsLifeRoooo/status/853792360454664192"
"MVDDMVCC","2017-04-16 18:13","0","0","Y'all go follow the gang @Tmacc__ @Tmacc__ @Tmacc__ catch everything that involves our music https://www.instagram.com/p/BS9LTPOFt36/","","@Tmacc__ @Tmacc__ @Tmacc__","","853672799898136577","https://twitter.com/MVDDMVCC/status/853672799898136577"
"MVDDMVCC","2017-04-16 18:12","0","0","Y'all go follow the gang @Tmacc__ @Tmacc__ @Tmacc__ catch everything that involves our music https://www.instagram.com/p/BS9LIHZgaGI/","","@Tmacc__ @Tmacc__ @Tmacc__","","853672403670630400","https://twitter.com/MVDDMVCC/status/853672403670630400"
"johns20014","2017-04-16 16:46","0","0","Los Angeles Citizens Speak THEIR VOICE on Immigration and On L.A Becoming a Sanctuary City... God approve vetting! https://youtu.be/gSi3S3T8GEw","","","","853650882071851008","https://twitter.com/johns20014/status/853650882071851008"
"Taylorwillpost","2017-04-16 03:42","0","0","Salvia madrensis is from high mountain ranges in Mexico, but performs well at around sea level. https://www.instagram.com/p/BS7njY3BBk1/","","","","853453442144026624","https://twitter.com/Taylorwillpost/status/853453442144026624"
"silvy_martinez","2017-04-15 16:44","0","0","Just posted a photo @Texas Louisiana Border https://www.instagram.com/p/BS6cTlVBgj8/","","@Texas","","853287968227737601","https://twitter.com/silvy_martinez/status/853287968227737601"
"SweetCrudeBand","2017-04-15 02:06","4","5","We made the vinyl wall at our favorite place on earth! Thank you @twelvemilelimit for all of https://www.instagram.com/p/BS43wi3gAqu/","","@twelvemilelimit","","853066863349301249","https://twitter.com/SweetCrudeBand/status/853066863349301249"
"joe_babycomommy","2017-04-14 22:36","0","0","Gang!! Wedding Rehearsal @Central City, New Orleans https://www.instagram.com/p/BS4fwHhhXXYDABLS8IQxAYUZ2asEcXhlCohWD80/ ","","@Central","","853014072479985664","https://twitter.com/joe_babycomommy/status/853014072479985664"
"PastorRick2020","2017-04-14 16:17","0","0","Elder Ave represent. On the wall at Subway @Franklinton, Louisiana https://www.instagram.com/p/BS30c42Fq3VecllTcng-qhd9JQsZRPvKjHNcn00/ ","","@Franklinton","","852918861393514497","https://twitter.com/PastorRick2020/status/852918861393514497"
"TxyzHxyz","2017-04-14 03:50","0","0","If it ain't gang gang gang then I can't fuck with it#twalife #thexyzway @Lower Garden District, https://www.instagram.com/p/BS2e8uuAAhw/","","@Lower","#twalife #thexyzway","852730831978115072","https://twitter.com/TxyzHxyz/status/852730831978115072"
"Esmailbro","2017-04-14 02:55","0","0","ESMAILsuccess is in my wall @Terrebonne High School https://www.instagram.com/p/BS2YovCDoY76Jwxeq1LJlBZE21NmB8lJPajfU40/ ","","@Terrebonne","","852716951831027712","https://twitter.com/Esmailbro/status/852716951831027712"
"karenwink","2017-04-14 00:26","0","0","The last post from my #lakecharles American Press essay on the Up the Creek Gang. This one is my https://www.instagram.com/p/BS2HiaolBcU/","","","#lakecharles","852679360259780609","https://twitter.com/karenwink/status/852679360259780609"
"ThankGodForHops","2017-04-13 21:27","0","0","Clean American wheat Ale. A little citrusy. - Drinking a See You In Mexico at @courtyardbrew - http://untp.beer/s/c439667011 #photo","","@courtyardbrew","#photo","852634271890231296","https://twitter.com/ThankGodForHops/status/852634271890231296"
"karenwink","2017-04-13 18:07","0","0","More from my #lakecharles American Press essay on the Up the Creek Gang. This post focuses on https://www.instagram.com/p/BS1cPrWFvZR/","","","#lakecharles","852584152444669954","https://twitter.com/karenwink/status/852584152444669954"
"karenwink","2017-04-13 11:49","0","0","The first video I did for the #lakecharles American Press was on the Up the Creek Gang. This is https://www.instagram.com/p/BS0w8UtFmjD/","","","#lakecharles","852488930373120002","https://twitter.com/karenwink/status/852488930373120002"
"DJLyed","2017-04-13 04:31","0","0","Aye The Whole NCA GANG PULLING UP SATURDAY WITH THE RICH SWAGGER MUSIK ARTIST bleezyroggers | https://www.instagram.com/p/BSz-2XDj1iJ/","","","","852378779595010048","https://twitter.com/DJLyed/status/852378779595010048"
"stephorourke18","2017-04-11 18:23","0","0","Our employee motivation wall at the hotel. @Staybridge Suites https://www.instagram.com/p/BSwUcwIDP18/","","@Staybridge","","851863316435750913","https://twitter.com/stephorourke18/status/851863316435750913"
"RollinfattiesNO","2017-04-11 15:38","0","2","Hey gang!! Stop by and try our super delicious #ChickenNachos 11-2:. @1430 Tulane av. Can't wait https://www.instagram.com/p/BSwBlcaBk4x/","","@1430","#ChickenNachos","851821839865139201","https://twitter.com/RollinfattiesNO/status/851821839865139201"
"BLifeHumble","2017-04-11 15:37","0","0","TWFG President's Club Members to Meet at Exclusive Mexico Resort http://bubly.us/XI9W","","","","851821517755297792","https://twitter.com/BLifeHumble/status/851821517755297792"
"BLifeHumble","2017-04-11 03:15","0","0","29 Dallas TSA workers fired for failing drug, alcohol tests http://bubly.us/XHW5","","","","851634729350815746","https://twitter.com/BLifeHumble/status/851634729350815746"
"kev2cent","2017-04-11 00:53","0","0","National Siblings Day... #WEOUTCHEA #STBERNARD #HOLLYGROVE #GRIFFIN #NEVILLS GANG @New https://www.instagram.com/p/BSucTK3A-26/","","@New","#WEOUTCHEA #STBERNARD #HOLLYGROVE #GRIFFIN #NEVILLS","851599109647724544","https://twitter.com/kev2cent/status/851599109647724544"
"kdhughes07","2017-04-10 17:47","0","1","Be in Mexico, talk to you in a week!!!! #Mexico #carnivalcruise @New Orleans Cruise Ship Terminal https://www.instagram.com/p/BStreHEjwiH/","","@New","#Mexico #carnivalcruise","851491733460406274","https://twitter.com/kdhughes07/status/851491733460406274"
"djkeithscott","2017-04-10 07:22","0","0","My gang never Changed just got my Money in different places @Club Spades Nola https://www.instagram.com/p/BSskCZMjnCV/","","@Club","","851334647669813248","https://twitter.com/djkeithscott/status/851334647669813248"
"GENODABOSS","2017-04-10 03:03","0","0","When your back against the wall you have to know how to hustle #GBossFactz #G9host #Tour https://www.instagram.com/p/BSsGYmigCD9/","","","#GBossFactz #G9host #Tour","851269439249043456","https://twitter.com/GENODABOSS/status/851269439249043456"
"LegiScanLA","2017-04-09 19:46","0","0","SB76 [NEW] Provides for venue in certain criminal cases. (gov sig) http://bitly.com/15RjG9f","","","","851159359627329545","https://twitter.com/LegiScanLA/status/851159359627329545"
"P1NK_PUMA","2017-04-09 17:47","0","0","Back in #Texas @Texas Louisiana Border https://www.instagram.com/p/BSrGvtfhVTs/","","@Texas","#Texas","851129496803487744","https://twitter.com/P1NK_PUMA/status/851129496803487744"
"DrEvan80","2017-04-09 17:42","0","0","How is this not the sexiest wall color ever?! @Le Mridien New Orleans https://www.instagram.com/p/BSrGH34Aun801OGak9zanHLlOMdP4VEBHtO2mA0/ ","","@Le","","851128130161049601","https://twitter.com/DrEvan80/status/851128130161049601"
"kevinwunderwood","2017-04-09 01:27","0","1","New Orleans is a rough town. Got into it with this biker gang. #colors @New Orleans, Louisiana https://www.instagram.com/p/BSpWkHkjLb9/","","@New","#colors","850882811980591105","https://twitter.com/kevinwunderwood/status/850882811980591105"
"LegiScanLA","2017-04-08 19:26","0","0","HB309 [NEW] Provides relative to rights of victims of criminal offenses http://bitly.com/13xz4ft","","","","850791939880493058","https://twitter.com/LegiScanLA/status/850791939880493058"
"LegiScanLA","2017-04-08 15:46","0","0","HB268 [NEW] Provides relative to criminal history records checks for agencies with access to federal tax informat... http://bitly.com/YdQr0A","","","","850736542360403968","https://twitter.com/LegiScanLA/status/850736542360403968"
"Marlenae21","2017-04-07 22:57","0","0","The Great Wall of Jasmine is in bloom! It just smells so darn good https://www.instagram.com/p/BSmgnJogJzfNaoIxUuhp0fPxQ-0X18-5BcWsEw0/ ","","","","850482688624664577","https://twitter.com/Marlenae21/status/850482688624664577"
"LegiScanLA","2017-04-07 20:36","0","0","HB381 [NEW] Provides relative to employees of the Clerk of the Orleans Parish Criminal District Court http://bitly.com/YKh2ov","","","","850447264548106241","https://twitter.com/LegiScanLA/status/850447264548106241"
"ryanknott","2017-04-07 18:37","0","0","The mirror on the wall behind this desk seems oddly placed. #staringatmyself @Sheraton New https://www.instagram.com/p/BSmC5NuAomQ/","","@Sheraton","#staringatmyself","850417336674811904","https://twitter.com/ryanknott/status/850417336674811904"
"tonynelsonphoto","2017-04-07 17:31","0","1","Where the levee broke. Where the barge broke open the wall in the #lower9thward. #nola #katrina https://www.instagram.com/p/BSl7Sf1FdAm/","","","#lower9thward #nola #katrina","850400626941079555","https://twitter.com/tonynelsonphoto/status/850400626941079555"
"SHAUNIESTARR","2017-04-07 16:56","0","0","Creativing A Wall Of Art #theywillremember https://www.instagram.com/p/BSl1rCDFF_O9Xcz_6Xxcbj6fP5PPGKlmWEQzR40/ ","","","#theywillremember","850391835734413314","https://twitter.com/SHAUNIESTARR/status/850391835734413314"
"lawrencedavis00","2017-04-07 10:53","0","0","heading out for Mexico City Mexico. flying prayers for all the travelers @George Bush https://www.instagram.com/p/BSlNwHMBE_f/","","@George","","850300477904347137","https://twitter.com/lawrencedavis00/status/850300477904347137"
"1LyfeMic","2017-04-06 18:34","0","0","I AM THE PLUG - I AM THE DRUG - I AM THE BUZZ LINK IN MY BIO #1LyfeXizumCartel #music https://www.instagram.com/p/BSjdsVBAdk9/","","","#1LyfeXizumCartel #music","850054054323654660","https://twitter.com/1LyfeMic/status/850054054323654660"
"LegiScanLA","2017-04-06 17:16","0","0","HB494 [NEW] Provides for the classification of criminal offenses and criminal penalties based on the class of th... http://bitly.com/174zp8w","","","","850034393821433856","https://twitter.com/LegiScanLA/status/850034393821433856"
"jthebassgod","2017-04-06 14:35","0","0","The next idea I have for crap to hang on our wall here... The black parts stay, there white is https://www.instagram.com/p/BSjCZHFl28F/","","","","849994029160960001","https://twitter.com/jthebassgod/status/849994029160960001"
"erinhargis","2017-04-06 02:02","0","0","*see's a bright pink wall* MUST TAKE A PICTURE #neworleans @New Orleans, Louisiana https://www.instagram.com/p/BShsOv6BGzt/","","@New","#neworleans","849804554342350848","https://twitter.com/erinhargis/status/849804554342350848"
"LegiScanLA","2017-04-05 22:16","0","0","HB557 [NEW] Provides for criminal background checks relative to early learning centers, school employees, regist... http://bitly.com/10pcj7c","","","","849747615189278720","https://twitter.com/LegiScanLA/status/849747615189278720"
"CelticVixxen","2017-04-05 21:17","0","0","I'm at @Montereys Little Mexico in Humble, TX https://www.swarmapp.com/c/ka0tKKYSSNK","","@Montereys","","849732737590231042","https://twitter.com/CelticVixxen/status/849732737590231042"
"RollinfattiesNO","2017-04-05 15:35","1","1","Hey Gang! It's #GuacamoleWednesday and the are .. Stop by 11-2:. @1430 Tulane av. Can't wait https://www.instagram.com/p/BSgkYh-hqMx/","","@1430","#GuacamoleWednesday","849646559448846336","https://twitter.com/RollinfattiesNO/status/849646559448846336"
"_LanceB","2017-04-04 22:31","1","2","Started from the bottom Ft. Sabe Gang Lance B Link in @GoldMoutHboy bio #Hiphop #ChaseTheBag https://www.instagram.com/p/BSevQQMgTaJ/","","@GoldMoutHboy","#Hiphop #ChaseTheBag","849389025437908993","https://twitter.com/_LanceB/status/849389025437908993"
"LegiScanLA","2017-04-04 10:06","0","0","HB489 [NEW] Reinvests money from savings realized as a result of reforms to the criminal justice system and requ... http://bitly.com/10pqFEP","","","","849201410306711552","https://twitter.com/LegiScanLA/status/849201410306711552"
"BLifeBaytown","2017-04-04 03:56","0","0","Governor's Criminal Justice Division adds to Reward for Info in Officer Shooting http://bubly.us/XA5r","","","","849108502677041153","https://twitter.com/BLifeBaytown/status/849108502677041153"
"_LanceB","2017-04-03 23:19","2","1","Go Checkout the homie @GoldMoutHboy new single #StartedFromTheBottom Ft Sabe Gang Lance B #Heat https://www.instagram.com/p/BScP6euDPHj/","","@GoldMoutHboy","#StartedFromTheBottom #Heat","849038595109380096","https://twitter.com/_LanceB/status/849038595109380096"
"pyjammy","2017-04-03 21:56","0","0","To be a fly on the wall of their first guitar lesson... @River Ridge School of Music & Dance https://www.instagram.com/p/BScGehuBBfQ/","","@River","","849017852011069440","https://twitter.com/pyjammy/status/849017852011069440"
"poweredbyBE","2017-04-03 16:23","0","0","Criminal v's gentleman #freedemfoundations #criminalversusgentleman learning about the wrong so https://www.instagram.com/p/BSbgYiuF0I2/","","","#freedemfoundations #criminalversusgentleman","848934077881364485","https://twitter.com/poweredbyBE/status/848934077881364485"
"LegiScanLA","2017-04-03 12:56","0","0","HB436 [NEW] Requires drug manufacturers to provide information regarding prescription drug prices http://bitly.com/10lYc1i","","","","848881802072797184","https://twitter.com/LegiScanLA/status/848881802072797184"
"ShopEms","2017-04-02 23:38","0","2","[camel nose best]!! new bright and fun camel tassel coverup $95 #swim #camel #mexico #love https://www.instagram.com/p/BSZtSM6FV-M/","","","#swim #camel #mexico #love","848680979065700352","https://twitter.com/ShopEms/status/848680979065700352"
"MaxiebGDOD","2017-04-02 22:17","0","0","Pelican Gang vs the Bulls tonight with the lil bro @Smoothie King https://www.instagram.com/p/BSZkF6lBEmn0sFDYB67nzx7QxdB0twRybsehSg0/ ","","@Smoothie","","848660776835457024","https://twitter.com/MaxiebGDOD/status/848660776835457024"
"spotternetwork","2017-04-02 21:05","2","2","Spotr 4 miles SSW of CLARKS, LA @21:04 UTC Rotating Wall Cloud>-Rugged but well defined rotating wall cloud 2 milers to my north","","@21","","848642594968043520","https://twitter.com/spotternetwork/status/848642594968043520"
"spotternetwork","2017-04-02 20:37","4","5","Spotr 9 miles NNE of JENA, LA @20:36 UTC Rotating Wall Cloud>-Rotating wall cloud 2 miles west or SR503 and Jeremy Road near Nickel, LA.","","@20","","848635599603081218","https://twitter.com/spotternetwork/status/848635599603081218"
"FingerNailFixer","2017-04-02 17:43","0","1","Braden polishes a nail on the #CND nail wall at the #BNST This is soooo much fun!! https://www.instagram.com/p/BSZEuFBhGIw/","","","#CND #BNST","848591769813958656","https://twitter.com/FingerNailFixer/status/848591769813958656"
"PoloTee","2017-04-02 14:51","0","0","*Neighborhood Drug Dealer* in Bio #soulsessionsmixtape #rap #Nola #Hardhittermusic #djs https://www.instagram.com/p/BSYxAnMD93c/","","","#soulsessionsmixtape #rap #Nola #Hardhittermusic #djs","848548427994734592","https://twitter.com/PoloTee/status/848548427994734592"
"marajade418","2017-04-01 21:25","0","2","Just heard the cruise ship horn blow...wish I could meet them in Mex... (See You In Mexico) http://untp.beer/s/c435115511 #photo","","","#photo","848285193467252736","https://twitter.com/marajade418/status/848285193467252736"
"rancor418","2017-04-01 21:15","0","1","Drinking a See You In Mexico by @CourtyardBrew at @courtyardbrew  http://untp.beer/s/c435104708 #photo","","@CourtyardBrew @courtyardbrew","#photo","848282602452779010","https://twitter.com/rancor418/status/848282602452779010"
"TONYTOKUYA","2017-04-01 18:55","0","0","I'm at U.S. Customs and Border Protection in Houston, TX https://www.swarmapp.com/c/jFV3rRwwSAE","","","","848247481867661312","https://twitter.com/TONYTOKUYA/status/848247481867661312"
"johnpneedham","2017-03-31 20:13","0","0","Well this is a hot mess. What the heck, America? Clearing immigration/customs at LHR was super-easy. https://www.swarmapp.com/c/ch1ZqcCcMz0","","","","847904635360862208","https://twitter.com/johnpneedham/status/847904635360862208"
"MCastroCalzada","2017-03-31 17:35","0","0","Global Entry Interview (@U.S. Customs and Border Protection in Houston, TX) https://www.swarmapp.com/c/6BxPcg5Dy3U","","@U","","847864990166077441","https://twitter.com/MCastroCalzada/status/847864990166077441"
"RollinfattiesNO","2017-03-31 15:51","0","0","Hey gang!! We're serving lunch 11-2:. championssquare today. Stop by and eat with ya family. https://www.instagram.com/p/BSTuQSJhh-y/","","","","847838676256083969","https://twitter.com/RollinfattiesNO/status/847838676256083969"
"TotalTrafficNO","2017-03-31 12:45","0","1","Accident cleared at mm 202 in #St.JohnTheBaptist on I-10 WB between Belle Terre Blvd and St James- St. John Border #traffic #NOLA","","","#St #traffic #NOLA","847792011675656192","https://twitter.com/TotalTrafficNO/status/847792011675656192"
"TotalTrafficNO","2017-03-31 11:32","0","0","Left lane accident at mm 202 in #St.JohnTheBaptist on I-10 WB between Belle Terre Blvd and St James- St. John Border #traffic #NOLA","","","#St #traffic #NOLA","847773654322753537","https://twitter.com/TotalTrafficNO/status/847773654322753537"
"TotalTrafficNO","2017-03-31 11:26","0","0","Left lane accident at mm 201 in #St.JohnTheBaptist on I-10 WB between Belle Terre Blvd and St James- St. John Border #traffic #NOLA","","","#St #traffic #NOLA","847772172915544064","https://twitter.com/TotalTrafficNO/status/847772172915544064"
"TotalTrafficNO","2017-03-31 10:15","0","1","Accident, shoulder blocked in #St.JohnTheBaptist on I-10 WB between Belle Terre Blvd and St James- St. John Border #traffic #NOLA","","","#St #traffic #NOLA","847754161001189376","https://twitter.com/TotalTrafficNO/status/847754161001189376"
"TotalTrafficNO","2017-03-31 10:13","0","0","Accident in #St.JohnTheBaptist on I-10 WB between Belle Terre Blvd and St James- St. John Border #traffic #NOLA http://bit.ly/17huQb8","","","#St #traffic #NOLA","847753590693408768","https://twitter.com/TotalTrafficNO/status/847753590693408768"
"Ridgelife23","2017-03-31 09:09","0","0","Thowback Ridgelife @Texas Louisiana Border http://ln.is/www.instagram.com/p/IhN5O ","","@Texas","","847737615805595649","https://twitter.com/Ridgelife23/status/847737615805595649"
"LegiScanLA","2017-03-31 02:26","0","0","SB139 [NEW] Provides relative to criminal justice. (7/1/17) http://bitly.com/YKqNTH","","","","847636171387580417","https://twitter.com/LegiScanLA/status/847636171387580417"
"janicefabunan","2017-03-30 23:25","0","0","Pump up the (pa)jam(as) @Carnival Cruise - Cozumel, Mexico https://www.instagram.com/p/BSR9fufgkkI/","","@Carnival","","847590717514027009","https://twitter.com/janicefabunan/status/847590717514027009"
"aquaman811","2017-03-30 23:24","0","2","Proof that a wall won't cure a nation's woes. #nowall #peace @The National WWII Museum https://www.instagram.com/p/BSR9Vd-hvv8/","","@The","#nowall #peace","847590367671103489","https://twitter.com/aquaman811/status/847590367671103489"
"dronewhispererX","2017-03-30 14:11","0","0","Deisigner wall skeleton. Custom textures. @City of New Orleans https://www.instagram.com/p/BSQ-EwxDkuC/","","@City","","847451257023250432","https://twitter.com/dronewhispererX/status/847451257023250432"
"TotalTrafficNO","2017-03-30 11:18","0","0","Accident cleared in #St.JohnTheBaptist on I-10 WB between Belle Terre Blvd and St James- St. John Border #traffic #NOLA","","","#St #traffic #NOLA","847407598248747009","https://twitter.com/TotalTrafficNO/status/847407598248747009"
"TotalTrafficNO","2017-03-30 10:50","0","0","Accident, right lane blocked in #St.JohnTheBaptist on I-10 WB between Belle Terre Blvd and St James- St. John Border #traffic #NOLA","","","#St #traffic #NOLA","847400753090019331","https://twitter.com/TotalTrafficNO/status/847400753090019331"
"TotalTrafficNO","2017-03-30 10:48","0","0","Accident, two lanes blocked in #St.JohnTheBaptist on I-10 WB between Belle Terre Blvd and St James- St. John Border #traffic #NOLA","","","#St #traffic #NOLA","847400030096863232","https://twitter.com/TotalTrafficNO/status/847400030096863232"
"spotternetwork","2017-03-30 00:59","0","1","Evnt 4 miles S of FENTON, LA @00:55 UTC Funnel>-Small Funnel hanging below wall cloud observed through Lightning flashes. Dissipated afte","","@00","","847251986290323458","https://twitter.com/spotternetwork/status/847251986290323458"
"_mac_7_","2017-03-29 23:30","0","0","Dirty gang lah bitch #dirtygang #Mac @7th Ward of New Orleans https://www.instagram.com/p/BSPZMZFgqHE/","","@7th","#dirtygang #Mac","847229412038725633","https://twitter.com/_mac_7_/status/847229412038725633"
"LegiScanLA","2017-03-29 12:16","0","0","SB59 [NEW] Provides relative to prescription drug price information. (gov sig) http://bitly.com/YbKIbH","","","","847059798327787520","https://twitter.com/LegiScanLA/status/847059798327787520"
"BLifeDayton","2017-03-29 10:51","0","0","Drug raids take down $5 million marijuana grow operations near Holiday Lakes http://bubly.us/Wcnw","","","","847038603142332417","https://twitter.com/BLifeDayton/status/847038603142332417"
"LegiScanLA","2017-03-28 22:26","0","0","HB177 [NEW] Eliminates restrictions on SNAP benefits eligibility for persons with prior drug convictions http://bitly.com/ZYwK9B","","","","846851033892573186","https://twitter.com/LegiScanLA/status/846851033892573186"
"ChefKris0716","2017-03-28 08:24","0","0","with the gang team azura.. #mvazura #galleyteam #shiplife #neworleans #happykiddo @New https://www.instagram.com/p/BSLMy9WDGG4/","","@New","#mvazura #galleyteam #shiplife #neworleans #happykiddo","846639201307254784","https://twitter.com/ChefKris0716/status/846639201307254784"
"LegiScanLA","2017-03-28 05:26","0","0","HB155 [NEW] Adds the House and Governmental Affairs Committee as an entity eligible to receive criminal history r... http://bitly.com/ZR6D4n","","","","846594304139284480","https://twitter.com/LegiScanLA/status/846594304139284480"
"billlieeilishhh","2017-03-26 19:32","0","0","Thank you memoo0o001 for the lesson! This painting will now be put on a wall and be viewed with https://www.instagram.com/p/BSHPkcvB7bs/","","","","846082350869970944","https://twitter.com/billlieeilishhh/status/846082350869970944"
"asialeigh","2017-03-26 18:35","0","0","I'm at Drug Emporium in Lafayette, LA https://www.swarmapp.com/c/7xUVbCINHwO","","","","846068194691465220","https://twitter.com/asialeigh/status/846068194691465220"
"joe_babycomommy","2017-03-26 01:03","0","0","#Gang neeky_mya @Carousel Gardens Amusement Park https://www.instagram.com/p/BSFQrhQB4IsaaQtvGH8S7EA4g6X1BYNnFLGtCA0/ ","","@Carousel","#Gang","845803317015994369","https://twitter.com/joe_babycomommy/status/845803317015994369"
"luicanefly","2017-03-25 23:23","0","0","Natural beard-gang @JP3himRUDEboi we on our way lil bro #beard #beardgang https://www.instagram.com/p/BSFFREEjv8_/","","@JP3himRUDEboi","#beard #beardgang","845778225913643015","https://twitter.com/luicanefly/status/845778225913643015"
"joelmchale","2017-03-25 21:42","5","46","If you think this evidence of a big drug problem in New Orleans you'd be wrong. Seconds before https://www.instagram.com/p/BSE5wLwDe0C/","","","","845752901461049344","https://twitter.com/joelmchale/status/845752901461049344"
"NesmithMark","2017-03-25 20:21","0","1","The kitchen sub floor went underneath the tile countered cabinets and the wall to the living https://www.instagram.com/p/BSEwd5nD2ol/","","","","845732482549006337","https://twitter.com/NesmithMark/status/845732482549006337"
"WhyrDTTV","2017-03-25 20:05","0","1","wall always win","","","","845728349414735872","https://twitter.com/WhyrDTTV/status/845728349414735872"
"geminiathletics","2017-03-25 15:28","0","0","Woke up a tad sore this morning. 12 ft wall ball shots and hand stand holds were just what I https://www.instagram.com/p/BSEO5WTDqvF/","","","","845658662857269248","https://twitter.com/geminiathletics/status/845658662857269248"
"EverythingBeanr","2017-03-25 14:21","0","2","Everything is bigger in Texas @Texas Louisiana Border https://www.instagram.com/p/BSEHR-SBlgA/","","@Texas","","845641914477010946","https://twitter.com/EverythingBeanr/status/845641914477010946"
"whodatdogs","2017-03-25 07:07","0","0","@TuckerCarlson CanANYONE explainEXACTLYhowUScurrent immigration system=BROKEN, like""they""say,aside fromOpen Border. pic.twitter.com/WijaBb6Bjy","","@TuckerCarlson","","845532644926353409","https://twitter.com/whodatdogs/status/845532644926353409"
"LegiScanLA","2017-03-25 06:36","0","0","HB122 [NEW] Prohibits questions regarding criminal history on an initial application for admission to a public po... http://bitly.com/ZDCYM0","","","","845524757277761536","https://twitter.com/LegiScanLA/status/845524757277761536"
"Poetic_Mind2","2017-03-25 01:39","0","0","#ArtiesManning #JusticeBrother #Stand @Orleans Parish Criminal https://www.instagram.com/p/BSCwCZ7hFeun9C8FpbRkKbGl887I-9WH87xqc00/ ","","@Orleans","#ArtiesManning #JusticeBrother #Stand","845450068752719872","https://twitter.com/Poetic_Mind2/status/845450068752719872"
"Ridgelife23","2017-03-24 11:10","0","0","Sometimes I cry because I feel like I made ah monster I never should have let you fw the drug i http://ln.is/www.instagram.com/p/9lm7r ","","","","845231423732797442","https://twitter.com/Ridgelife23/status/845231423732797442"
"HollisOrtho","2017-03-23 19:47","0","0","You know you're getting old when you treat the kids of the patients on the wall! Congrats https://www.instagram.com/p/BR_i78jjKFb/","","","","844999044489498624","https://twitter.com/HollisOrtho/status/844999044489498624"
"ek_the_pj","2017-03-23 18:01","0","0","Support your local girl gang. #onassignment for theneworleansadvocate @Saints Practice Facility https://www.instagram.com/p/BR_Wy-jD8Py/","","@Saints","#onassignment","844972346536529921","https://twitter.com/ek_the_pj/status/844972346536529921"
"CelticVixxen","2017-03-22 21:11","0","0","Happy Hour (at @Montereys Little Mexico in Humble, TX) https://www.swarmapp.com/c/8gxIg2220qw","","@Montereys","","844657749199896577","https://twitter.com/CelticVixxen/status/844657749199896577"
"BLifeKingwood","2017-03-22 19:23","0","0","CRACKXCOCAINE: The Drug-Fueled Brand Putting Mexico City On The Streetwear Map http://bubly.us/WWJm","","","","844630516334804992","https://twitter.com/BLifeKingwood/status/844630516334804992"
"SummerwoodBL","2017-03-22 19:23","0","0","CRACKXCOCAINE: The Drug-Fueled Brand Putting Mexico City On The Streetwear Map http://bubly.us/WWR4","","","","844630515131043840","https://twitter.com/SummerwoodBL/status/844630515131043840"
"BLifeLivingston","2017-03-22 19:09","0","0","CRACKXCOCAINE: The Drug-Fueled Brand Putting Mexico City On The Streetwear Map http://bubly.us/WWLA","","","","844627190146850816","https://twitter.com/BLifeLivingston/status/844627190146850816"
"BLifeHumble","2017-03-22 19:06","0","0","CRACKXCOCAINE: The Drug-Fueled Brand Putting Mexico City On The Streetwear Map http://bubly.us/WWIG","","","","844626294239350784","https://twitter.com/BLifeHumble/status/844626294239350784"
"BLifeDeerPark","2017-03-22 19:03","0","0","CRACKXCOCAINE: The Drug-Fueled Brand Putting Mexico City On The Streetwear Map http://bubly.us/WWFe","","","","844625475779604480","https://twitter.com/BLifeDeerPark/status/844625475779604480"
"BLifeDayton","2017-03-22 19:02","0","0","CRACKXCOCAINE: The Drug-Fueled Brand Putting Mexico City On The Streetwear Map http://bubly.us/WWFN","","","","844625381848236032","https://twitter.com/BLifeDayton/status/844625381848236032"
"BLifeCleveland","2017-03-22 19:01","0","0","CRACKXCOCAINE: The Drug-Fueled Brand Putting Mexico City On The Streetwear Map http://bubly.us/WWEC","","","","844625018113970180","https://twitter.com/BLifeCleveland/status/844625018113970180"
"BLifeBaytown","2017-03-22 18:59","0","1","CRACKXCOCAINE: The Drug-Fueled Brand Putting Mexico City On The Streetwear Map http://bubly.us/WWDL","","","","844624659282886657","https://twitter.com/BLifeBaytown/status/844624659282886657"
"AvilaEe","2017-03-22 18:23","0","0","Pulled up in the Mexico blue Porsche like.... Where da bins at?? Love the color on this ride, https://www.instagram.com/p/BR80fKPAtvu/","","","","844615422259478531","https://twitter.com/AvilaEe/status/844615422259478531"
"Tri_Dameon","2017-03-22 15:14","0","1","From drug and alcohol addicted depressed couch potato to 70.3 https://www.instagram.com/p/BR8e61XgKczVSXOZe8DwpFCfUGl8pZl1RmLx740/ ","","","","844567992419651584","https://twitter.com/Tri_Dameon/status/844567992419651584"
"UNVI4SO","2017-03-22 10:40","0","0","Early morning highway chase.....lol.... @Texas Louisiana Border https://www.instagram.com/p/BR7_gpegV0f7AteXahO6eXe_KCggptbo9ZacnE0/ ","","@Texas","","844498921149906944","https://twitter.com/UNVI4SO/status/844498921149906944"
"bmarsh5132","2017-03-20 18:20","0","0","Just posted a photo @Sabine River Texas/ Louisiana Border https://www.instagram.com/p/BR3qoTaFTRo/","","@Sabine","","843890062333034497","https://twitter.com/bmarsh5132/status/843890062333034497"
"xcopino","2017-03-20 00:00","0","0","Just posted a photo @Texas Louisiana Border https://www.instagram.com/p/BR1sq3XAQXt/","","@Texas","","843613066701012992","https://twitter.com/xcopino/status/843613066701012992"
"BBMPROGRAM","2017-03-19 21:27","0","0","@pelicansnba has a wall of every high school in the state in the arena. @Smoothie King Center https://www.instagram.com/p/BR1bPs8js2a/","","@pelicansnba @Smoothie","","843574759501807620","https://twitter.com/BBMPROGRAM/status/843574759501807620"
"serranovich","2017-03-19 18:40","0","0","Mexico (at @United Club - Terminal E in Houston, TX) https://www.swarmapp.com/c/iPE1pXIXryo pic.twitter.com/YKv1K1EmeQ","","@United","","843532662899916800","https://twitter.com/serranovich/status/843532662899916800"
"xLuLu96","2017-03-19 18:00","0","1","// See yall in a week! Next Stop: Cozumel, Mexico!! @New Orleans Cruise Ship Terminal https://www.instagram.com/p/BR1Dd4RgLi0/","","@New","","843522459559170050","https://twitter.com/xLuLu96/status/843522459559170050"
"LifeStoryAuthor","2017-03-19 16:06","0","0","BACK IN TEXAS!!! @Texas Louisiana Border https://www.instagram.com/p/BR02cNogfsL/","","@Texas","","843493817768730625","https://twitter.com/LifeStoryAuthor/status/843493817768730625"
"MCastroCalzada","2017-03-19 11:25","0","0","I'm at U.S. Customs and Border Protection in Houston, TX https://www.swarmapp.com/c/coOGQG1TJY1","","","","843423183063715840","https://twitter.com/MCastroCalzada/status/843423183063715840"
"Justin__Mendoza","2017-03-19 00:32","0","0","Sure... I'll play along. - Drinking a Gang of Blades by @burialbeer at @justin__mendoza  http://untp.beer/s/c429972779 #photo","","@burialbeer @justin__mendoza","#photo","843258931237605378","https://twitter.com/Justin__Mendoza/status/843258931237605378"
"UNOMATTAFACK","2017-03-18 22:56","0","0","My gang @Sector6 Extreme Air Sports https://www.instagram.com/p/BRzAoyVDSWc/","","@Sector6","","843234764874244096","https://twitter.com/UNOMATTAFACK/status/843234764874244096"
"HARDHITTINHARRY","2017-03-18 22:42","0","0","New Mexico bound in a junior plane Aka Puddle jumper courtesy of United. @NikiChiLicious  https://www.instagram.com/p/BRy_B1Ph9Vq/","","@NikiChiLicious","","843231227712692228","https://twitter.com/HARDHITTINHARRY/status/843231227712692228"
"amansour14","2017-03-18 22:31","0","0","Just posted a photo @Texas Louisiana Border https://www.instagram.com/p/BRy9uLojjAW/","","@Texas","","843228353725435905","https://twitter.com/amansour14/status/843228353725435905"
"DrunkIntellect","2017-03-18 20:29","0","1","March Madness... - Drinking a Gang of Blades by @burialbeer at @avenuepubnola  http://untp.beer/s/c429728620","","@burialbeer @avenuepubnola","","843197747306156035","https://twitter.com/DrunkIntellect/status/843197747306156035"
"redhot_1972","2017-03-17 17:05","0","0","It says ""Keep Calm & Drink Like A Wall"" & even tho I don't drink its a very fitting shirt! https://www.instagram.com/p/BRvzlxOh_RA/","","","","842783859007676416","https://twitter.com/redhot_1972/status/842783859007676416"
"Deanie70380","2017-03-17 16:46","0","0","Is it tomorrow yet? Can't wait to see the youthrunnola gang and the queen @bigfreedia Come https://www.instagram.com/p/BRvxfO8FhqO/","","@bigfreedia","","842779244501590016","https://twitter.com/Deanie70380/status/842779244501590016"
"EmilyPaige221","2017-03-17 00:02","0","0","Wishing I was care free sailing the sea @Gulf Of Mexico https://www.instagram.com/p/BRt-mAnhPvvFN-ul8AXGJ5XHafftHUv3yhKV300/ ","","@Gulf","","842526584267407360","https://twitter.com/EmilyPaige221/status/842526584267407360"
"CelticVixxen","2017-03-16 21:15","0","0","Taco Tuesday on Thursday (at @Montereys Little Mexico in Humble, TX) https://www.swarmapp.com/c/enm4Kqtbm24","","@Montereys","","842484488563232768","https://twitter.com/CelticVixxen/status/842484488563232768"
"rileywebbsmith","2017-03-16 21:14","0","0","Texans baby @Texas Louisiana Border https://www.instagram.com/p/BRtrWaFFd9q/","","@Texas","","842484274762858498","https://twitter.com/rileywebbsmith/status/842484274762858498"
"rileywebbsmith","2017-03-16 21:10","0","1","@Texas Louisiana Border https://www.instagram.com/p/BRtq5QsluAT/","","@Texas","","842483272072531968","https://twitter.com/rileywebbsmith/status/842483272072531968"
"KevinHarvell","2017-03-16 18:00","0","0","Would really love to be waking up to this view again. #sunrise #cruise #travel @Gulf Of Mexico https://www.instagram.com/p/BRtVIb4gW4u/","","@Gulf","#sunrise #cruise #travel","842435407728021504","https://twitter.com/KevinHarvell/status/842435407728021504"
"RollinfattiesNO","2017-03-16 16:04","0","0","Hey gang!! We're setting up 11-2:. @1430 Tulane av. Can't wait to feed U guys..!! https://www.instagram.com/p/BRtH1JRhbhC/","","@1430","","842406159898173440","https://twitter.com/RollinfattiesNO/status/842406159898173440"
"bo_zhe_moy","2017-03-16 01:55","0","0","yes Dora making moves. She got in there before they put that wall up","","","","842192574077116420","https://twitter.com/bo_zhe_moy/status/842192574077116420"
"rancor418","2017-03-16 01:05","0","1","Drinking a Gang of Blades by @burialbeer at @drunkenparrotbp  http://untp.beer/s/c428410558","","@burialbeer @drunkenparrotbp","","842179890975768576","https://twitter.com/rancor418/status/842179890975768576"
"marajade418","2017-03-16 01:03","0","1","This is very good! - Drinking a Gang of Blades by @burialbeer at @drunkenparrotbp  http://untp.beer/s/c428409883 #photo","","@burialbeer @drunkenparrotbp","#photo","842179489354383360","https://twitter.com/marajade418/status/842179489354383360"
"vibekeklovning","2017-03-15 20:52","0","1","Great to be back in Texas after a fun, but long roadtrip to Georgia @Texas Louisiana Border https://www.instagram.com/p/BRrECpgB8NR/","","@Texas","","842116352529711104","https://twitter.com/vibekeklovning/status/842116352529711104"
"kev2cent","2017-03-15 17:27","0","0","Pin Gang!!!! Have you ordered yours today? nolapins #neauxlaleauxve #NOLAPINS #NOLALAPELPINS https://www.instagram.com/p/BRqshAkA9Ev/","","","#neauxlaleauxve #NOLAPINS #NOLALAPELPINS","842064619212550144","https://twitter.com/kev2cent/status/842064619212550144"
"clarahaneberg","2017-03-15 16:47","2","2","A gallery wall of silhouettes turns heads in this New Orleans family room by @ParkerKennedy. https://www.instagram.com/p/BRqn7cclVCQ/","","@ParkerKennedy","","842054545949761537","https://twitter.com/clarahaneberg/status/842054545949761537"
"pandapattyparty","2017-03-15 16:25","0","0","Bathroom Wall #skulls #pandahat #jollyroger #aarrggh #selfie @Barrel Proof NOLA https://www.instagram.com/p/BRqleRZA_nU/","","@Barrel","#skulls #pandahat #jollyroger #aarrggh #selfie","842049130167967744","https://twitter.com/pandapattyparty/status/842049130167967744"
"Reyna5star","2017-03-15 14:57","0","0","I'm so #honored ! Find my #fav #pic hanging on the #wall of Victoria #independently #OWNED https://www.instagram.com/p/BRqbYmAAgTU/","","","#honored #fav #pic #wall #independently #OWNED","842026945432936448","https://twitter.com/Reyna5star/status/842026945432936448"
"fitprosarah","2017-03-15 13:16","0","0","Check out this week's #humpdayhowto #blog post, which features the face-the-wall squat drill! It https://www.instagram.com/p/BRqP2nNjkJs/","","","#humpdayhowto #blog","842001590466826241","https://twitter.com/fitprosarah/status/842001590466826241"
"EllenKennon","2017-03-15 12:30","0","0","""Jaunty Jen"" wall color named by & created for interior designer Jennifer Fagalde. It's become https://www.instagram.com/p/BRqKofRDv3p/","","","","841990108194721792","https://twitter.com/EllenKennon/status/841990108194721792"
"erinhusbands","2017-03-14 21:32","0","0","OMG ITS HAPPENING!!! Boarded the first flight to Mexico! gaby_neck and marielneck .... I'm https://www.instagram.com/p/BRojyT6Acvo/","","","","841763946105327616","https://twitter.com/erinhusbands/status/841763946105327616"
"jenndnt","2017-03-14 20:54","0","0","#cool #restaurant #pin #wall #lakecharles #luisiana @Steamboat Bill's https://www.instagram.com/p/BRofffbBLsZ/","","@Steamboat","#cool #restaurant #pin #wall #lakecharles #luisiana","841754502059315200","https://twitter.com/jenndnt/status/841754502059315200"
"TicoSoto","2017-03-14 11:52","0","0","Beautiful ladies Thx to the Houston gang for making moms day. She loves it @theRoxannSoto https://www.instagram.com/p/BRnhe4qArTj/","","@theRoxannSoto","","841618151389421568","https://twitter.com/TicoSoto/status/841618151389421568"
"bird337800","2017-03-14 01:13","0","0","End of land straight Ocean bye bye service @Gulf Of Mexico https://www.instagram.com/p/BRmYVwFD_XdMDAfgDJSGXvsvUCHwJE0tAa5Y_s0/ ","","@Gulf","","841457326666190848","https://twitter.com/bird337800/status/841457326666190848"
"bird337800","2017-03-14 01:10","0","0","Full bars lol @Gulf Of Mexico https://www.instagram.com/p/BRmX_lhjhwYnpCoKhndi-y9NGrYM61y5OqoFmg0/ ","","@Gulf","","841456592495222785","https://twitter.com/bird337800/status/841456592495222785"
"vinitha","2017-03-13 21:55","0","0","""New Orleans food is as delicious as the less criminal forms of sin."" ~ Mark Twain . #neworleans https://www.instagram.com/p/BRmBmy2DXVN/","","","#neworleans","841407318147317760","https://twitter.com/vinitha/status/841407318147317760"
"RollinfattiesNO","2017-03-13 19:54","0","1","Hey gang!! Come eat with us this weekend 6-10 @the Joan Mitchell center.. Can't wait to feed U https://www.instagram.com/p/BRlzyFZBPkx/","","@the","","841376910387036161","https://twitter.com/RollinfattiesNO/status/841376910387036161"
"cinemabmx","2017-03-13 16:20","0","0","Corey hitting the infamous tranny wall spot while driving cross country last month. Filmed by: https://www.instagram.com/p/BRlbWQZD4pi/","","","","841323183294816262","https://twitter.com/cinemabmx/status/841323183294816262"
"KS_JamesTaylor","2017-03-13 02:07","0","0","We made it to Texas!!! #lonestarstate #BritsInUSA @Texas Louisiana Border https://www.instagram.com/p/BRj5vv4jHqf/","","@Texas","#lonestarstate #BritsInUSA","841108548570476544","https://twitter.com/KS_JamesTaylor/status/841108548570476544"
"TommyTenney","2017-03-12 21:11","2","11","THIS... is hanging on the wall of my kitchen so I don't forget! @Alexandria, Louisiana https://www.instagram.com/p/BRjXymNgoPq/","","@Alexandria","","841033879947530240","https://twitter.com/TommyTenney/status/841033879947530240"
"MikeTheMarvel","2017-03-12 06:35","0","0","Slaughter Gang #BUKU2017 @Mardi Gras World https://www.instagram.com/p/BRhzhRBBNYG_rLaVqXdeTdIq6zZ-0O9al8ZUQU0/ ","","@Mardi","#BUKU2017","840813469314109441","https://twitter.com/MikeTheMarvel/status/840813469314109441"
"PureJohn","2017-03-12 05:05","0","0","The gang's all here! #GreekShow #Melanated #SouthernUniversity @Southern University Minidome https://www.instagram.com/p/BRhpTmal5Lf/","","@Southern","#GreekShow #Melanated #SouthernUniversity","840790932282834944","https://twitter.com/PureJohn/status/840790932282834944"
"Drewdaprettyboi","2017-03-12 04:55","0","0","Mirror mirror on the wall who's the #handsome of the all ""ME"" https://www.instagram.com/p/BRhoJglAGmZqBPasQ6wJirdW2QVtyjF-9qQtFI0/ ","","","#handsome","840788376898932736","https://twitter.com/Drewdaprettyboi/status/840788376898932736"
"YOGUTTA964","2017-03-11 21:15","0","0","#TheLoudHouse video put up 10,000 views in less than a day on @SayCheese_TV Gutta Gang we in https://www.instagram.com/p/BRgzewhAQ38/","","@SayCheese_TV","#TheLoudHouse","840672563416170497","https://twitter.com/YOGUTTA964/status/840672563416170497"
"garythomas2","2017-03-11 20:27","0","0","""I'll never let go Zack"" @Gulf Of Mexico https://www.instagram.com/p/BRguCGsgfKbsMVCR_96ockHX_tQlEbEeNlJLrE0/ ","","@Gulf","","840660576158265346","https://twitter.com/garythomas2/status/840660576158265346"
"USArmy_Natchez","2017-03-11 19:30","0","0","Thanks for keeping us going gang! (@Steampunk Coffee Roasters in Natchez, MS w/ @evans_sfc) https://www.swarmapp.com/c/iLfsU1We4iz","","@Steampunk @evans_sfc","","840646115808686085","https://twitter.com/USArmy_Natchez/status/840646115808686085"
"nickrenegade","2017-03-11 19:25","0","0","Tequila, Honey, Soda, Lime & a drug deal in the car behind baby @ https://www.instagram.com/p/BRgm46nAgkxX-V8NvSN-bzgEII7i-PfWafHcco0/ ","","@","","840644867831283712","https://twitter.com/nickrenegade/status/840644867831283712"
"angstriddim","2017-03-11 04:26","0","0","Graff wall #art #bukufest #lifeofjosh #nola2017 #graffiti @Mardi Gras World https://www.instagram.com/p/BRe_-sdAVjX/","","@Mardi","#art #bukufest #lifeofjosh #nola2017 #graffiti","840418568391053312","https://twitter.com/angstriddim/status/840418568391053312"
"RomeKelly","2017-03-10 23:43","0","0","One day I'll have a wall like this in my house like @tailopez #booksarethekeysthatopendoors https://www.instagram.com/p/BRefrMkgOjq/","","@tailopez","#booksarethekeysthatopendoors","840347529908760576","https://twitter.com/RomeKelly/status/840347529908760576"
"fitprosarah","2017-03-10 20:17","0","0","Check out my face-the-wall squat drill, which is an easy way to not only pattern proper https://www.instagram.com/p/BReIDuMjWl7/","","","","840295598616113153","https://twitter.com/fitprosarah/status/840295598616113153"
"hiecue","2017-03-10 16:47","0","0","If these wall could talk, they would say #hiecue #hiecueart #kingbaby #talkingwalls https://www.instagram.com/p/BRdwACGgPcP/","","","#hiecue #hiecueart #kingbaby #talkingwalls","840242691912933377","https://twitter.com/hiecue/status/840242691912933377"
"Kikay0428","2017-03-10 15:20","0","0","Took us over an hour (@U.S. Customs and Border Protection in Houston, TX) https://www.swarmapp.com/c/0FqufRKyerc","","@U","","840220715345428485","https://twitter.com/Kikay0428/status/840220715345428485"
"Chrisperezhou","2017-03-10 03:39","0","0","Hey guess where at??????? Yay!!!!!! Almost HOME!!!!!!!! @Texas Louisiana Border https://www.instagram.com/p/BRcV19EhpJc/","","@Texas","","840044433278083074","https://twitter.com/Chrisperezhou/status/840044433278083074"
"RollinfattiesNO","2017-03-08 17:35","0","0","Hey gang!! We're parked now serving the great city of #NewOrleans. Meet us @1430 Tulane av. https://www.instagram.com/p/BRYr6bIBjVR/","","@1430","#NewOrleans","839530015133855744","https://twitter.com/RollinfattiesNO/status/839530015133855744"
"angstriddim","2017-03-08 01:58","0","0","Make America drink again @Cosimo's - New Orleans French Quarter Bar https://www.instagram.com/p/BRXApvDgh2O/","","@Cosimo","","839294145562804224","https://twitter.com/angstriddim/status/839294145562804224"
"CelticVixxen","2017-03-07 22:44","0","0","I'm at @Montereys Little Mexico in Humble, TX https://www.swarmapp.com/c/7LypYgZ1zL6","","@Montereys","","839245432073170946","https://twitter.com/CelticVixxen/status/839245432073170946"
"SummerwoodBL","2017-03-07 20:05","0","0","5 Things for Tuesday, March 7, 2017: Health Care, Immigration, North Korea http://bubly.us/VvLC","","","","839205264825991169","https://twitter.com/SummerwoodBL/status/839205264825991169"
"BLifeHumble","2017-03-07 20:04","0","0","5 Things for Tuesday, March 7, 2017: Health Care, Immigration, North Korea http://bubly.us/VvHN","","","","839205175915081730","https://twitter.com/BLifeHumble/status/839205175915081730"
"BLifeLivingston","2017-03-07 19:57","0","0","5 Things for Tuesday, March 7, 2017: Health Care, Immigration, North Korea http://bubly.us/VvIa","","","","839203421236383744","https://twitter.com/BLifeLivingston/status/839203421236383744"
"BLifeKingwood","2017-03-07 19:56","0","0","5 Things for Tuesday, March 7, 2017: Health Care, Immigration, North Korea http://bubly.us/VvHy","","","","839203066318569473","https://twitter.com/BLifeKingwood/status/839203066318569473"
"BLifeDeerPark","2017-03-07 19:51","0","0","5 Things for Tuesday, March 7, 2017: Health Care, Immigration, North Korea http://bubly.us/VvFy","","","","839201844836585472","https://twitter.com/BLifeDeerPark/status/839201844836585472"
"BLifeDayton","2017-03-07 19:50","0","0","5 Things for Tuesday, March 7, 2017: Health Care, Immigration, North Korea http://bubly.us/VvFp","","","","839201672786231300","https://twitter.com/BLifeDayton/status/839201672786231300"
"BLifeCleveland","2017-03-07 19:49","0","0","5 Things for Tuesday, March 7, 2017: Health Care, Immigration, North Korea http://bubly.us/VvFM","","","","839201405328031744","https://twitter.com/BLifeCleveland/status/839201405328031744"
"BLifeBaytown","2017-03-07 19:48","0","0","5 Things for Tuesday, March 7, 2017: Health Care, Immigration, North Korea http://bubly.us/VvEs","","","","839201135844012038","https://twitter.com/BLifeBaytown/status/839201135844012038"
"tackytrophywife","2017-03-07 17:11","0","1","My girl gang is always looking fierce #mardigras2k17 #babesofinstagram #fujifilminstax #nyx https://www.instagram.com/p/BRWEWQehlsx/","","","#mardigras2k17 #babesofinstagram #fujifilminstax #nyx","839161541287002112","https://twitter.com/tackytrophywife/status/839161541287002112"
"RevMelanieNOLA","2017-03-07 16:23","0","0","100 mile border zone?? https://twitter.com/OmanReagan/status/838889764937854976 ","","","","839149496047136769","https://twitter.com/RevMelanieNOLA/status/839149496047136769"
"LCGBatonRouge","2017-03-07 13:47","0","0","Wall Sheathing going up! @South Baton Rouge, Baton Rouge, Louisiana https://www.instagram.com/p/BRVtEWxjABr/","","@South","","839110347739000832","https://twitter.com/LCGBatonRouge/status/839110347739000832"
"LegiScanLA","2017-03-07 13:06","0","0","HB44 [NEW] Provides an exception to the juvenile court's jurisdiction over adults in criminal proceedings in cert... http://bitly.com/Zlm3Q3","","","","839099904811237377","https://twitter.com/LegiScanLA/status/839099904811237377"
"LegiScanLA","2017-03-07 02:36","0","0","HB7 [NEW] Provides for the transfer of certain surplus witness fee funds to the criminal court fund of Washington... http://bitly.com/WZvndL","","","","838941286992330752","https://twitter.com/LegiScanLA/status/838941286992330752"
"AWTower22","2017-03-07 02:29","0","0","1st AB of his 2017 Season ... Keaton laced an RBI Double to the wall https://www.instagram.com/p/BRUfaYDAcDNvCZu1c-mZN3djvhV19QFTOjN13o0/ ","","","","838939578933342208","https://twitter.com/AWTower22/status/838939578933342208"
"PassportXPretty","2017-03-06 16:50","0","0","When your hotel has Mrs. rosa Parks on the wall and one of New Orlean's top ten bars ""Loa"" right https://www.instagram.com/p/BRTdIc2B1tT/","","","","838793828056211458","https://twitter.com/PassportXPretty/status/838793828056211458"
"RollinfattiesNO","2017-03-06 16:49","0","0","Gm gang!! We're back @TulaneMed with the freshness.. Stop by 11-2:.. @1430 Tulane av to eat https://www.instagram.com/p/BRTdHRxhAcA/","","@TulaneMed @1430","","838793783990837248","https://twitter.com/RollinfattiesNO/status/838793783990837248"
"OGCD7","2017-03-05 23:54","0","0","kaesportspage my Baby Girl did her thang this tournament. 1st place gang. #FemaleBaller @ https://www.instagram.com/p/BRRo8thhpG6/","","@","#FemaleBaller","838538336184631296","https://twitter.com/OGCD7/status/838538336184631296"
"Andi_Lynns","2017-03-05 21:21","0","0","Andi Lynn's Elderberries, Smudges from New Mexico, and Mercurial Tonics cordials and elixirs, https://www.instagram.com/p/BRRXYqcjCuf/","","","","838499716329525249","https://twitter.com/Andi_Lynns/status/838499716329525249"
"DJChokeDeezy","2017-03-05 13:57","0","0","dope wall art #dope #wall #art #signs #artistrty #tin #pool #poolhall #ArtForLikes #goodness https://www.instagram.com/p/BRQko9xBsN7/","","","#dope #wall #art #signs #artistrty #tin #pool #poolhall #ArtForLikes #goodness","838388122358439937","https://twitter.com/DJChokeDeezy/status/838388122358439937"
"miss_hein","2017-03-04 22:45","0","0","About to build a #danielleheinart SKULL WALL!!!! Just need a cool rug and the ""Saints https://www.instagram.com/p/BRO8LUoDGgI/","","","#danielleheinart","838158414320701442","https://twitter.com/miss_hein/status/838158414320701442"
"B_Baby318","2017-03-04 22:29","0","0","I'm FWT mistacain #LikeItRLuvIt #ThaVerdict @Texas Louisiana Border https://www.instagram.com/p/BRO6UYYhj1z/","","@Texas","#LikeItRLuvIt #ThaVerdict","838154561567150080","https://twitter.com/B_Baby318/status/838154561567150080"
"lisalittrell1","2017-03-04 19:54","0","0","A room full of dangerous women and a wall full of dangerous men looking on. #iheartbjj https://www.instagram.com/p/BROomqAjC0c/","","","#iheartbjj","838115366635175938","https://twitter.com/lisalittrell1/status/838115366635175938"
"ehite_haque","2017-03-04 19:45","0","1","The whole gang! #springbreak #NOLA @Riverwalk https://www.instagram.com/p/BROnnpIjxroHu_N2X4KgqnfP2G0yydblQvlt8o0/ ","","@Riverwalk","#springbreak #NOLA","838113203238363136","https://twitter.com/ehite_haque/status/838113203238363136"
"TheDrines","2017-03-04 17:59","0","0","Drinking a Charming Wit by @urbansouthbeer @Immigration Control Enforcement  http://untp.beer/s/c424097324","","@urbansouthbeer @Immigration","","838086628484710400","https://twitter.com/TheDrines/status/838086628484710400"
"D1Xjack","2017-03-04 02:46","0","1","AD x Boogie Experiment vs. Sugar K & the gang @Smoothie King Center https://www.instagram.com/p/BRMy8pCg9k_iw7Vuw63lqNaPH0R4ZJ16CjKZAI0/ ","","@Smoothie","","837856638568656897","https://twitter.com/D1Xjack/status/837856638568656897"
"JEatleyPhoto","2017-03-03 19:40","0","0","Time to do more work and fill up the wall! Dream big and work harder. Features and covers https://www.instagram.com/p/BRMCMv6jWKK/","","","","837749443281682433","https://twitter.com/JEatleyPhoto/status/837749443281682433"
"or10forsix","2017-03-03 16:52","0","0","FlashBack Football Friday. Congrats to m_worcester and the gang https://www.instagram.com/p/BRLvATQgCuuGCIDIxRu3VXR08H0RHGn8yOta600/ ","","","","837707230413733889","https://twitter.com/or10forsix/status/837707230413733889"
"dembigmouthdems","2017-03-03 00:11","0","0","You do not speak for Texan's sir! You are a globalist elite! We Texan's want a border wall so shut up! pic.twitter.com/urRe6IvVuP","","","","837455431144472578","https://twitter.com/dembigmouthdems/status/837455431144472578"
"StoltBerserkers","2017-03-02 23:57","0","0","BALLS TO THE WALL!!!! @Stolt Fitness Center https://www.instagram.com/p/BRJ63Q4BD3U/","","@Stolt","","837451837405966336","https://twitter.com/StoltBerserkers/status/837451837405966336"
"CelticVixxen","2017-03-02 22:23","0","0","I'm at @Montereys Little Mexico in Humble, TX https://www.swarmapp.com/c/agOZ2ereQgh","","@Montereys","","837428270786363392","https://twitter.com/CelticVixxen/status/837428270786363392"
"LupeDLS","2017-03-02 20:43","0","1","Off to Cancun, Mexico to do some Marlin fishing and some fun. https://www.instagram.com/p/BRJkpH-goSMKAJGyeDYS9QkTlAJ6qsb6lrgPxw0/ ","","","","837402967116480512","https://twitter.com/LupeDLS/status/837402967116480512"
"MrWiredUpOhBoy","2017-03-02 06:10","0","0","New Music I'm Breaking ""Gang Gang"" @mainohustlehard @unclemurda @mp3waxx #ireallybreakmusic https://www.instagram.com/p/BRIAtVnDCvI/","","@mainohustlehard @unclemurda @mp3waxx","#ireallybreakmusic","837183243984257024","https://twitter.com/MrWiredUpOhBoy/status/837183243984257024"
"FierceDB","2017-03-02 03:09","1","2","@OzNiteClub where the DANCE FLOOR was packed wall to wall and christinaaguilara was pumping and https://www.instagram.com/p/BRHsE9sBSb8/","","@OzNiteClub","","837137840978866176","https://twitter.com/FierceDB/status/837137840978866176"
"BLifeHumble","2017-03-01 20:03","0","0","Volaris begins Houston-Mexico City service http://bubly.us/UfYO","","","","837030566209929216","https://twitter.com/BLifeHumble/status/837030566209929216"
"smgaspard","2017-03-01 16:28","0","0","Indians of #lafayettemardigras2017 @Jefferson Drug Store https://www.instagram.com/p/BRGio6ElxD9/","","@Jefferson","#lafayettemardigras2017","836976354985922560","https://twitter.com/smgaspard/status/836976354985922560"
"SeePack","2017-03-01 15:46","0","0","Weird Sock Gang.... #YouSeeIt #aboutlastnight #MardisGras #2017 @ https://www.instagram.com/p/BRGd2vxlkoJX0y8U4zRZ4oX9pjpzHYqUnSTuwA0/ ","","@","#YouSeeIt #aboutlastnight #MardisGras #2017","836965848837468161","https://twitter.com/SeePack/status/836965848837468161"
"shamroctmoney","2017-03-01 05:07","0","0","fish bowls; toast up with my gang thanks to the crew for another https://www.instagram.com/p/BRFUuSPDcuW2L1JwrS09IUr1VZ5ETH8y0sY4sA0/ ","","","","836805011690700801","https://twitter.com/shamroctmoney/status/836805011690700801"
"ClarenceBuggs","2017-03-01 02:55","1","3","THAT'S how you humanize the costs of an illegal immigration policy that has failed this country.","","","","836771952329166848","https://twitter.com/ClarenceBuggs/status/836771952329166848"
"CookinLocalSWLA","2017-03-01 02:53","0","0","""Water Wall"" For Mardi Gras we went on a day trip to Shangri La Botanical Gardens in Orange, https://www.instagram.com/p/BRFFbjrBBkG/","","","","836771381547184129","https://twitter.com/CookinLocalSWLA/status/836771381547184129"
"TotalTrafficNO","2017-02-28 22:21","0","0","Accident cleared. all lanes back open. in #St.JohnTheBaptist on I-10 WB before St James- St. John Border #traffic #NOLA","","","#St #traffic #NOLA","836702945248956416","https://twitter.com/TotalTrafficNO/status/836702945248956416"
"taniaxo_","2017-02-28 21:10","0","0","Girl gang wishing you all a very happy Mardi Gras @Tulane University https://www.instagram.com/p/BREeM4CBZUT/","","@Tulane","","836685129800019968","https://twitter.com/taniaxo_/status/836685129800019968"
"TotalTrafficNO","2017-02-28 21:00","0","0","Accident, left lane blocked in #St.JohnTheBaptist on I-10 WB before St James- St. John Border #traffic #NOLA http://bit.ly/17huQb8","","","#St #traffic #NOLA","836682519865098240","https://twitter.com/TotalTrafficNO/status/836682519865098240"
"lisalduhon","2017-02-28 19:25","0","0","A boundary is not always a wall Sometimes a simple line will do https://www.instagram.com/p/BRESHTTDuXHVEjqpOaAEvCfH4kjq7YbVwiXiwk0/ ","","","","836658534938992642","https://twitter.com/lisalduhon/status/836658534938992642"
"CoachJDPorter","2017-02-28 01:05","0","1","#GoingIn #DateNight #WeBeChillin #BLESSED @On The Border https://www.instagram.com/p/BRCURJlF5WXrzYK4MrYgjgdLsHAHIjDeSajURU0/ ","","@On","#GoingIn #DateNight #WeBeChillin #BLESSED","836381801107058688","https://twitter.com/CoachJDPorter/status/836381801107058688"
"prez_zach","2017-02-27 15:21","0","0","Small Part of Bead Gang at #mardigras2017 Kinda mad at myself for https://www.instagram.com/p/BRBRdeGhbIz03jPv3BIFOflWUGVg0sLEN3mBCw0/ ","","","#mardigras2017","836234889275957248","https://twitter.com/prez_zach/status/836234889275957248"
"DavidTaylorMuso","2017-02-27 08:41","1","2","You wouldn't believe that I've just spent the last 4 months in sunny Mexico... I'm so white I've https://www.instagram.com/p/BRAjlauBENZ/","","","","836134049794031616","https://twitter.com/DavidTaylorMuso/status/836134049794031616"
"Crawfish_king1","2017-02-27 04:00","1","0","NOLA CRAWFISH KING is headed to Panic en la playa in Mexico & Okeechobee music & arts festival https://www.instagram.com/p/BRADcREDA59/","","","","836063318687236096","https://twitter.com/Crawfish_king1/status/836063318687236096"
"guysbowtie","2017-02-26 20:07","0","0","Make America Mardi again! #toth #MaisonDeWinstead2 #mardigras2017 @St Charles Parade Route https://www.instagram.com/p/BQ_NZRVFk_y/","","@St","#toth #MaisonDeWinstead2 #mardigras2017","835944476283645952","https://twitter.com/guysbowtie/status/835944476283645952"
"tackytrophywife","2017-02-26 16:55","0","1","Glitter Gang in full effect per usual at #endymion yesterday #mardigras2k17 #bffs #glitter https://www.instagram.com/p/BQ-3Ygal65L/","","","#endymion #mardigras2k17 #bffs #glitter","835896080353087489","https://twitter.com/tackytrophywife/status/835896080353087489"
"miamayer","2017-02-26 16:09","0","0","Rod bless Texas, with his own hands. @Texas Louisiana Border https://www.instagram.com/p/BQ-yGROBTirgLGY0RJ_ASKMumC-CcBD5JypbGE0/ ","","@Texas","","835884444233826305","https://twitter.com/miamayer/status/835884444233826305"
"petesjerseys","2017-02-26 02:55","0","0","I'm thinking it's a dinosaur! @Gulf Of Mexico Carnival Cruise https://www.instagram.com/p/BQ9XOt6BLh_/","","@Gulf","","835684623656968193","https://twitter.com/petesjerseys/status/835684623656968193"
"DominiqueKash","2017-02-26 00:11","0","0","Ouuu that's My Best Pretty Gang @Algiers, New Orleans https://www.instagram.com/p/BQ9Ei9oD02x/","","@Algiers","","835643535646916608","https://twitter.com/DominiqueKash/status/835643535646916608"
"Awldridecaldlfe","2017-02-25 15:20","0","0","When you see your daughters name on the wall in the High School Gym https://www.instagram.com/p/BQ8Hwzgho7hLJGD4rUu9WB4jJ2tbQAuH7HuAx00/ ","","","","835509872862994432","https://twitter.com/Awldridecaldlfe/status/835509872862994432"
"morena060459","2017-02-25 05:25","0","0","Yea baby, Texas @Texas Louisiana Border https://www.instagram.com/p/BQ7DlQvF4lfrLo50WjMsXL6piV83TsfNahb7V80/ ","","@Texas","","835359947340775426","https://twitter.com/morena060459/status/835359947340775426"
"BlvckdonMHS","2017-02-25 00:51","0","0","#fbf How they have left the 9th Ward is criminal. #Nola has some of https://www.instagram.com/p/BQ6kU05FFczMx0Xw1la5NbBNXOyEQM8E1WIPKg0/ ","","","#fbf #Nola","835291210818412545","https://twitter.com/BlvckdonMHS/status/835291210818412545"
"madame_dunn","2017-02-24 17:48","0","0","The whole gang! #TrinityExplores @Ronald McDonald House Charities https://www.instagram.com/p/BQ5zYh_jLirn_ny2xbwKmiH3X6ghwllRfxoHyw0/ ","","@Ronald","#TrinityExplores","835184630894571525","https://twitter.com/madame_dunn/status/835184630894571525"
"JenayPF","2017-02-23 23:57","0","0","Taste like a liquor filled chocolate - Drinking an Exorcism Of Rachel Wall @Carquest Auto Parts - http://untp.beer/s/c420693142","","@Carquest","","834915150192861186","https://twitter.com/JenayPF/status/834915150192861186"
"TotalTrafficNO","2017-02-23 17:41","0","0","Accident in #St.JohnTheBaptist on I-10 WB at St James- St. John Border #traffic #NOLA http://bit.ly/17huQb8","","","#St #traffic #NOLA","834820445832622081","https://twitter.com/TotalTrafficNO/status/834820445832622081"
"RollinfattiesNO","2017-02-23 16:24","0","0","Hey gang!! We're headed to #TulaneMed now, serving lunch 11-2:. @1430 Tulane av. Can't wait to https://www.instagram.com/p/BQ3FbERhf7s/","","@1430","#TulaneMed","834801040029409281","https://twitter.com/RollinfattiesNO/status/834801040029409281"
"CarlosDetres","2017-02-23 14:17","0","0","Krewe Lucha waving the flag of Mexico before rolling out with Krewe of Freret. #neworleans https://www.instagram.com/p/BQ227X0jjUp/","","","#neworleans","834769165709955073","https://twitter.com/CarlosDetres/status/834769165709955073"
"MrWiredUpOhBoy","2017-02-23 05:58","0","0","New Music I'm Breaking ""Gang Gang"" @mainohustlehard @unclemurda @mp3waxx #ireallybreakmusic https://www.instagram.com/p/BQ190N1DYfg/","","@mainohustlehard @unclemurda @mp3waxx","#ireallybreakmusic","834643615318155264","https://twitter.com/MrWiredUpOhBoy/status/834643615318155264"
"jazmgumbs","2017-02-21 19:28","4","0","Maine x otto x handyfuture xsavagedraco ON GANG https://www.youtube.com/watch?v=hWSg8DVpFUI&feature=share ","","","","834122621910396929","https://twitter.com/jazmgumbs/status/834122621910396929"
"RollinfattiesNO","2017-02-21 19:02","0","0","S/o to the homie @stalley for coming eat with the Gang.. 1 more hour for lunch guys..!! https://www.instagram.com/p/BQyN9Zbh0ab/","","@stalley","","834116121007566849","https://twitter.com/RollinfattiesNO/status/834116121007566849"
"RollinfattiesNO","2017-02-21 16:42","0","0","Hey Gang!! We're headed to serve lunch 11-2:.. @1430 Tulane av. Can't wait to feed U https://www.instagram.com/p/BQx98h6BCsk/","","@1430","","834080905836703748","https://twitter.com/RollinfattiesNO/status/834080905836703748"
"ErinWhite6","2017-02-21 01:30","0","1","My #vacation was ruined...ba dum tsssssss #SailAcrossTheSun #TRBXVII #Mexico #explore @ https://www.instagram.com/p/BQwVhg4F4Wb/","","@","#vacation #SailAcrossTheSun #TRBXVII #Mexico #explore","833851288181940224","https://twitter.com/ErinWhite6/status/833851288181940224"
"EvanKlassenVIP","2017-02-20 16:56","0","0","On my way back home from Mexico to Orlando ""Attitude is a little thing that makes a big https://www.instagram.com/p/BQvatIYhvz7/","","","","833721942301564928","https://twitter.com/EvanKlassenVIP/status/833721942301564928"
"MoBeatzSC30","2017-02-20 09:52","1","1","Posted wit da #Gang @suedeymcmb @regisdevon #richgang #stamp #allstarweekend2017 #birdman https://www.instagram.com/p/BQuqLiDjKmH/","","@suedeymcmb @regisdevon","#Gang #richgang #stamp #allstarweekend2017 #birdman","833615234782883840","https://twitter.com/MoBeatzSC30/status/833615234782883840"
"victoriakristyn","2017-02-20 04:43","0","0","""Y'all look like a scooby doo gang about to solve a whole ass mystery"" thanks for blowing off https://www.instagram.com/p/BQuG1HWAZtz/","","","","833537496919191553","https://twitter.com/victoriakristyn/status/833537496919191553"
"Realmadmuzik","2017-02-20 04:00","0","0","Gang Gang @The Howlin Wolf New Orleans https://www.instagram.com/p/BQuB93tDWoo/","","@The","","833526802693881856","https://twitter.com/Realmadmuzik/status/833526802693881856"
"CR_Parker","2017-02-20 01:19","0","1","Wall x Brodie @NBA All-Star 2017 New Orleans https://www.instagram.com/p/BQtvgx2gCIF/","","@NBA","","833486219912818688","https://twitter.com/CR_Parker/status/833486219912818688"
"Mango_Monroe","2017-02-19 18:48","0","0","I Let @true_litty Gas Me Up Last Night #Gang @Harrah's New Orleans https://www.instagram.com/p/BQtCuBJlpks/","","@true_litty @Harrah","#Gang","833387722832240640","https://twitter.com/Mango_Monroe/status/833387722832240640"
"JabbarCash","2017-02-19 12:06","0","0","We Getting The Gang Back Together! #NOLA #ESENT #ALLSTARWEEKEND @The Metropolitan Nightclub https://www.instagram.com/p/BQsUzUmD8cy/","","@The","#NOLA #ESENT #ALLSTARWEEKEND","833286750013444096","https://twitter.com/JabbarCash/status/833286750013444096"
"djkeithscott","2017-02-19 10:15","0","0","FREEBAND GANG FA REAL....... #larrymorrowevent #theycouldntstopmeeveniftheystoppedme @MASQUERADE https://www.instagram.com/p/BQsIBT_DCwz/","","@MASQUERADE","#larrymorrowevent #theycouldntstopmeeveniftheystoppedme","833258636705153024","https://twitter.com/djkeithscott/status/833258636705153024"
"kingkaiyl","2017-02-19 04:38","0","1","I'M MR. MEESEEKS LOOK AT ME @The Hole In The Wall https://www.instagram.com/p/BQrhiNjhxv6/","","@The","","833174009520939013","https://twitter.com/kingkaiyl/status/833174009520939013"
"JBFox3","2017-02-19 01:56","0","0","Personal mission accomplished. oldcampwhiskey @flagaline #DigYourRoots _drug.addict @CAJUNDOME https://www.instagram.com/p/BQrO5XMl6aW/","","@flagaline @CAJUNDOME","#DigYourRoots","833133030168489984","https://twitter.com/JBFox3/status/833133030168489984"
"ClaytonJames_","2017-02-19 01:25","0","0","""Let's Split Up, Gang!"" -Freddy Jones #ThetaGrub @1913 https://www.instagram.com/p/BQrLYA_jKB1SHD1laLPs16y8CqRknsMmKGCTuQ0/ ","","@1913","#ThetaGrub","833125277677060097","https://twitter.com/ClaytonJames_/status/833125277677060097"
"JBFox3","2017-02-18 23:36","0","0","We are good at keeping traditions. _drug.addict @Texas Roadhouse - Lafayette https://www.instagram.com/p/BQq-6mTF-Nl/","","@Texas","","833097884572721153","https://twitter.com/JBFox3/status/833097884572721153"
"tackytrophywife","2017-02-18 20:30","0","0","Lady gang in full effect last night #ladylove #feminineenergy #houseno7 @Mardi Gras World https://www.instagram.com/p/BQqplwRFzIg/","","@Mardi","#ladylove #feminineenergy #houseno7","833050993600430080","https://twitter.com/tackytrophywife/status/833050993600430080"
"schnerk","2017-02-18 19:20","0","0","_baby.madds_ is a wall! She shut this PK down! #WeAreLonestar #ShesAWall travelin.jenn @Lindsay https://www.instagram.com/p/BQqhmSZgnjG/","","@Lindsay","#WeAreLonestar #ShesAWall","833033422335512580","https://twitter.com/schnerk/status/833033422335512580"
"loidw","2017-02-18 18:08","0","0","Orange texas!!!! @Texas Louisiana Border https://www.instagram.com/p/BQqZZH7AyVrJRC3aixO6bUFm-kQEXbRZAKOLlo0/ ","","@Texas","","833015363688394752","https://twitter.com/loidw/status/833015363688394752"
"Shindeldeckers","2017-02-18 05:57","0","0","Work all day but always make time to get a quick workout in. Good to see the gang uturncrossfit https://www.instagram.com/p/BQpFspFDOEM/","","","","832831349170040832","https://twitter.com/Shindeldeckers/status/832831349170040832"
"divebell3","2017-02-18 04:52","0","0","#flying to Houston for a layover from New Orleans to Tampa @Texas Louisiana Border https://www.instagram.com/p/BQo-RV6l13b/","","@Texas","#flying","832814990071586820","https://twitter.com/divebell3/status/832814990071586820"
"rebamford","2017-02-18 00:44","0","0","Reading a book about U-boats sinking ships in the Gulf of Mexico during WW2, AS I'm flying over https://www.instagram.com/p/BQoh4yOh5PG/","","","","832752570858758149","https://twitter.com/rebamford/status/832752570858758149"
"jonsallmon","2017-02-17 22:45","0","1","""Make America GRAPE Again"" #kreweofcork #wine #mardigras #NOLA https://www.instagram.com/p/BQoURAXAdNu0m3LriSAMIWOGoFOgu9NkQY1CP80/ ","","","#kreweofcork #wine #mardigras #NOLA","832722616016199680","https://twitter.com/jonsallmon/status/832722616016199680"
"MrWiredUpOhBoy","2017-02-16 04:42","0","0","New Music I'm Breaking ""Gang Gang"" @mainohustlehard @unclemurda @mp3waxx #ireallybreakmusic https://www.instagram.com/p/BQjzfRjhCsA/","","@mainohustlehard @unclemurda @mp3waxx","#ireallybreakmusic","832087628346318848","https://twitter.com/MrWiredUpOhBoy/status/832087628346318848"
"michaelkrik","2017-02-16 01:22","0","1","It is lit up in here y'all. And packed. Looking for good wall space to post up. #LPO #gershwin https://www.instagram.com/p/BQjcocKDMoU/","","","#LPO #gershwin","832037325563711497","https://twitter.com/michaelkrik/status/832037325563711497"
"uptheproducer","2017-02-15 19:51","0","0","I love the fact that #juansflyingburrito has a #prince shrine on the wall. That is in my book. https://www.instagram.com/p/BQi2wGogXWU/","","","#juansflyingburrito #prince","831954024123531266","https://twitter.com/uptheproducer/status/831954024123531266"
"dembigmouthdems","2017-02-13 20:03","0","0","@andresoriano Absolutely love The Make America Great Again Trump Dress! Thank you","","@andresoriano","","831232269788536837","https://twitter.com/dembigmouthdems/status/831232269788536837"
"ApGustavo","2017-02-13 15:21","0","0","Yestarday morning in Mexico / Last night in Houston, Texas and now on my way to Tulsa, https://www.instagram.com/p/BQdOQ6Elcm4/","","","","831161310297673728","https://twitter.com/ApGustavo/status/831161310297673728"
"appletizeme","2017-02-13 14:51","0","0","A beautiful butterfly wall. #butterfly #butterflies #insect #insects #insectagram #insectarium https://www.instagram.com/p/BQdKzo4lWIl/","","","#butterfly #butterflies #insect #insects #insectagram #insectarium","831153712399785984","https://twitter.com/appletizeme/status/831153712399785984"
"maddyysolidayyy","2017-02-12 21:18","0","1","whole gang's back together & ready to conquer another year of rodeos @Humble, Texas https://www.instagram.com/p/BQbSTfGBEiY/","","@Humble","","830888712854597632","https://twitter.com/maddyysolidayyy/status/830888712854597632"
"tackytrophywife","2017-02-12 17:02","0","2","It's Canival, Y'all! Doing business as usual with the glitter gang #mardigras2k17 #glitter https://www.instagram.com/p/BQa1HZ9hZc9/","","","#mardigras2k17 #glitter","830824527793827840","https://twitter.com/tackytrophywife/status/830824527793827840"
"mattmegrue","2017-02-11 19:37","0","0","Bike gang #wilenout #nola @New Orleans, Louisiana https://www.instagram.com/p/BQYh9yHjVzy/","","@New","#wilenout #nola","830500941992431617","https://twitter.com/mattmegrue/status/830500941992431617"
"mattmegrue","2017-02-11 17:05","0","0","The gang's all here. #wilenout #nola @Junction https://www.instagram.com/p/BQYQqHij31f/","","@Junction","#wilenout #nola","830462890016698370","https://twitter.com/mattmegrue/status/830462890016698370"
"Dnniz13","2017-02-11 13:54","0","0","De Regreso a casa... #Mexico @Louis Armstrong New Orleans https://www.instagram.com/p/BQX6uvkhUIZ79R7MP3IFdTcEL0T-VX0J7iq4c40/ ","","@Louis","#Mexico","830414659932954624","https://twitter.com/Dnniz13/status/830414659932954624"
"XenaZeitgeist","2017-02-11 08:05","0","2","Here's your one chance, Fancy, don't let me down I was Team Captain of Team Make America Gay https://www.instagram.com/p/BQXS1mEln6H/","","","","830326942415073280","https://twitter.com/XenaZeitgeist/status/830326942415073280"
"RRsemii","2017-02-11 05:33","1","1","SPENDING CHECKS w/ GANG AT THE NUGGET #houston #semico #nomoregames #dayones NEW MUSIC https://www.instagram.com/p/BQXBY1cFxLQ/","","","#houston #semico #nomoregames #dayones","830288578206957574","https://twitter.com/RRsemii/status/830288578206957574"
"BooksFoodFit","2017-02-11 02:55","0","0","The old gang back together. #highschoolfriends #reunion #batonrouge @Phil's Oyster Bar & https://www.instagram.com/p/BQWvSGAgInf/","","@Phil","#highschoolfriends #reunion #batonrouge","830248751939907585","https://twitter.com/BooksFoodFit/status/830248751939907585"
"whodatdogs","2017-02-11 01:46","0","1",""" @mikandynothem: Trump Administration leaks plans for Mexican border wall. #MAGA #tcot #FoxNews pic.twitter.com/6LdFcSpSz9"" MORE GATORS PLEASE","","@mikandynothem","#MAGA #tcot #FoxNews","830231557583552512","https://twitter.com/whodatdogs/status/830231557583552512"
"tfromdtown","2017-02-10 18:14","0","0","""This is a Government of Law, not of Men"" @Orleans Parish Criminal Court Building https://www.instagram.com/p/BQVzsKCBnpa/","","@Orleans","","830117704979734528","https://twitter.com/tfromdtown/status/830117704979734528"
"DickJonesBurlyQ","2017-02-10 01:33","0","2","Behold! The wall of narcissism is complete! #burlesque #showgirl #neoburlesque #artsystripper https://www.instagram.com/p/BQUBHDgFxVV/","","","#burlesque #showgirl #neoburlesque #artsystripper","829865749061697536","https://twitter.com/DickJonesBurlyQ/status/829865749061697536"
"_pcfarnan","2017-02-09 23:43","0","0","#TBT #NOLA #cemetery #wall #brick #texture #church #building #architecure @New Orleans, Louisiana https://www.instagram.com/p/BQT0nJfjpc9/","","@New","#TBT #NOLA #cemetery #wall #brick #texture #church #building #architecure","829838257043144704","https://twitter.com/_pcfarnan/status/829838257043144704"
"_pcfarnan","2017-02-09 23:41","0","0","#TBT #NOLA #cemetery #wall #mausoleum #architecture #brick #texture @New Orleans, Louisiana https://www.instagram.com/p/BQT0YREjG5Y/","","@New","#TBT #NOLA #cemetery #wall #mausoleum #architecture #brick #texture","829837746852286464","https://twitter.com/_pcfarnan/status/829837746852286464"
"BLifeHumble","2017-02-09 15:42","0","0","Katy High School student returns to Houston after being detained by immigration officials http://bubly.us/TdbY","","","","829717131273105410","https://twitter.com/BLifeHumble/status/829717131273105410"
"BLifeKingwood","2017-02-09 15:14","0","0","Lone Star College to host immigration workshops http://bubly.us/Tdci","","","","829710020560445440","https://twitter.com/BLifeKingwood/status/829710020560445440"
"MrWiredUpOhBoy","2017-02-09 05:56","0","0","New Music I'm Breaking ""Gang Gang"" @mainohustlehard @unclemurda @mp3waxx #ireallybreakmusic https://www.instagram.com/p/BQR6eSVBv9M/","","@mainohustlehard @unclemurda @mp3waxx","#ireallybreakmusic","829569716100354048","https://twitter.com/MrWiredUpOhBoy/status/829569716100354048"
"CelticVixxen","2017-02-08 22:16","0","0","I'm at @Montereys Little Mexico in Humble, TX https://www.swarmapp.com/c/loVuUZljx8h","","@Montereys","","829453971085475840","https://twitter.com/CelticVixxen/status/829453971085475840"
"kaismithrealtor","2017-02-08 18:19","0","0","Love the tile flooring and the wall colors in this bathroom! #BRRealEstate #REALTOR @The https://www.instagram.com/p/BQQqr9DFeVN/","","@The","#BRRealEstate #REALTOR","829394224802054145","https://twitter.com/kaismithrealtor/status/829394224802054145"
"reallyelijahg","2017-02-07 21:45","0","0","Watching law and order criminal intent","","","","829083784939184131","https://twitter.com/reallyelijahg/status/829083784939184131"
"BlueGardeniaNO","2017-02-06 17:10","0","0","Hold your hats, hold the phone & look at this fantabulous flower wall made by the artist, the https://www.instagram.com/p/BQLZNlAjt_j/","","","","828652115212038144","https://twitter.com/BlueGardeniaNO/status/828652115212038144"
"BossMayne_Meekz","2017-02-06 15:06","0","0","Gang gang gang gang @7th Ward of New Orleans https://www.instagram.com/p/BQLLBGRD-b7/","","@7th","","828620897036750849","https://twitter.com/BossMayne_Meekz/status/828620897036750849"
"ShopNadineBlake","2017-02-06 13:58","0","2","Make America Bebop Again #dizzygillespie #moodboardmonday @Shop Nadine Blake https://www.instagram.com/p/BQLDOzzhIbO/","","@Shop","#dizzygillespie #moodboardmonday","828603766953775104","https://twitter.com/ShopNadineBlake/status/828603766953775104"
"rebekah_moreaux","2017-02-05 21:38","0","1","|| the Moreaux gang || @The Luxe Event Boutique at Fall Creek https://www.instagram.com/p/BQJTDixFn67poO1qXtO1qsIUUlozTt-cccL32Q0/ ","","@The","","828357096701849600","https://twitter.com/rebekah_moreaux/status/828357096701849600"
"anicolespills","2017-02-05 09:25","0","0","she's probably the only one who could make me come to a hole-in-the-wall at 2:30 a.m. after JUST https://www.instagram.com/p/BQH_NKmgeK3/","","","","828172706805850112","https://twitter.com/anicolespills/status/828172706805850112"
"RomeEnterprise","2017-02-05 04:36","0","0","My favorite hole in the wall kitchen. #yakamein #upstairsbar #primeexample #TheEnterpriseLife https://www.instagram.com/p/BQHeGbIj5cf/","","","#yakamein #upstairsbar #primeexample #TheEnterpriseLife","828099905562492929","https://twitter.com/RomeEnterprise/status/828099905562492929"
"oscaraul_","2017-02-04 21:53","0","0","Expo humana Rock and Rock New Orleans! #RnRNOLA2017 #toyotagiving @runrocknroll #mexico #run https://www.instagram.com/p/BQGwCOMj7Du/","","@runrocknroll","#RnRNOLA2017 #toyotagiving #mexico #run","827998608150630401","https://twitter.com/oscaraul_/status/827998608150630401"
"nicholeroberts","2017-02-04 20:05","0","0","Runners wall at the expo #rnrnola #neworleans2017 #neworleans #IRun4Kadence #curesma https://www.instagram.com/p/BQGjnXVAiVC/","","","#rnrnola #neworleans2017 #neworleans #IRun4Kadence #curesma","827971294822072324","https://twitter.com/nicholeroberts/status/827971294822072324"
"mwhowell2k","2017-02-04 19:48","0","1","OMG, this little hole in the wall next to the hotel has been one of the best things I've ate https://www.instagram.com/p/BQGhrEfjoon/","","","","827967025762992128","https://twitter.com/mwhowell2k/status/827967025762992128"
"AmandaSButts","2017-02-04 19:25","0","0","We rollin!!! @Texas Louisiana Border https://www.instagram.com/p/BQGfGnwAmPc/","","@Texas","","827961383060963330","https://twitter.com/AmandaSButts/status/827961383060963330"
"wolf2657","2017-02-04 16:32","0","0","Just posted a photo @Texas Louisiana Border https://www.instagram.com/p/BQGLPwHAEG288Cq09S9_-kQRc83UOzMRCZqDng0/ ","","@Texas","","827917705378422784","https://twitter.com/wolf2657/status/827917705378422784"
"whodatdogs","2017-02-04 04:43","0","1",""" @FreeBeacon: Sanctuary Cities Rec'd $27 Billion FromFeds Each Year""...Which would build a great big beautiful wall. pic.twitter.com/oM3QBcpyAP","","@FreeBeacon","","827739265060708352","https://twitter.com/whodatdogs/status/827739265060708352"
"TapWaterLove","2017-02-04 00:00","0","0","What I need is a good defense.. 'cause I'm feeling like a criminal... @City of New Orleans https://www.instagram.com/p/BQEZwTTAz6r/","","@City","","827668134991630337","https://twitter.com/TapWaterLove/status/827668134991630337"
"CFStudioNOLA","2017-02-03 23:17","0","1","We are #greenwithenvy that this wall isn't in our house!. Bringing a whole new meaning to https://www.instagram.com/p/BQEUyCQA9C3/","","","#greenwithenvy","827657199149338624","https://twitter.com/CFStudioNOLA/status/827657199149338624"
"GobHound","2017-02-03 22:13","0","0","Dey aint fwm tho who want dat beat @hound_gang_ent @In Kenner https://www.instagram.com/p/z40z-uthWvxshWxDx8ZpFoL1hCDQjbZo37eGQ0/ ","","@hound_gang_ent @In","","827641298161192960","https://twitter.com/GobHound/status/827641298161192960"
"ShannonMichaels","2017-02-03 01:28","0","0","Out of all the amazing wall art in New Orleans, this was one of my favorites! #NOLA #NewOrleans https://www.instagram.com/p/BQB-9y5AnEH/","","","#NOLA #NewOrleans","827327752084791296","https://twitter.com/ShannonMichaels/status/827327752084791296"
"jkeymaginnis","2017-02-02 22:30","0","0"," Played Drug Ballad by Eminem, Santeria by Sublime and 1 more song at @BradysWine : https://rockbot.com/132t @GetRockbot","","@BradysWine @GetRockbot","","827282993567850498","https://twitter.com/jkeymaginnis/status/827282993567850498"
"SecondLineBrew","2017-02-02 21:00","0","0","Facebook says it's #friendsday. We mixed it up a bit! Don't just post on the FB wall...grab your https://www.instagram.com/p/BQBgWsPjjeG/","","","#friendsday","827260437804625922","https://twitter.com/SecondLineBrew/status/827260437804625922"
"Andi_Lynns","2017-02-02 20:11","0","0","The gang's all here. Grab up some Winter Blend Syrup, good for sipping when your tummy is https://www.instagram.com/p/BQBatSJlqxk/","","","","827248035881181184","https://twitter.com/Andi_Lynns/status/827248035881181184"
"MrWiredUpOhBoy","2017-02-02 04:45","0","0","New Music I'm Breaking ""Gang Gang"" @mainohustlehard @unclemurda @mp3waxx #superbowledition https://www.instagram.com/p/BP_wsT0BZ_x/","","@mainohustlehard @unclemurda @mp3waxx","#superbowledition","827014944545665024","https://twitter.com/MrWiredUpOhBoy/status/827014944545665024"
"jkeymaginnis","2017-02-01 20:35","0","0"," Played Sheep Go To Heaven by @CAKEMUSIC, Drug Ballad by Eminem and 1 more song at @BradysWine : https://rockbot.com/132t @GetRockbot","","@CAKEMUSIC @BradysWine @GetRockbot","","826891631643070464","https://twitter.com/jkeymaginnis/status/826891631643070464"
"BLifeHumble","2017-01-31 23:51","0","0","Katy High School student detained by immigration officials http://bubly.us/TP8i","","","","826578736090857473","https://twitter.com/BLifeHumble/status/826578736090857473"
"CortMarix","2017-01-31 20:07","0","0","I'm at Drug Emporium in Lafayette, LA https://www.swarmapp.com/c/hTMUbDMVrJC","","","","826522368717774851","https://twitter.com/CortMarix/status/826522368717774851"
"TernionAthletic","2017-01-31 19:35","0","1","Meet Kathy. Kathy is 62 and has worked professionally as a massage therapist and wall papering https://www.instagram.com/p/BP8M_rKFBZH/","","","","826514188558274562","https://twitter.com/TernionAthletic/status/826514188558274562"
"MicheleBrockEnt","2017-01-31 03:24","0","0","Repost from @skwillis using repostregramapp - Come, let us rebuild the wall of Jerusalem, and we https://www.instagram.com/p/BP6d9z2D8bk/","","@skwillis","","826270022578343936","https://twitter.com/MicheleBrockEnt/status/826270022578343936"
"DetroitBrav","2017-01-30 23:49","0","0","Struggle Beard Gang @The Struggle Bus https://www.instagram.com/p/BP6FV7iliKC/","","@The","","826215879977361409","https://twitter.com/DetroitBrav/status/826215879977361409"
"blkpplmusic","2017-01-30 16:05","0","1","Wore all black last night for the funeral This is a pic of John Wall moments before crossing https://www.instagram.com/p/BP5QM63jUUm/","","","","826099020225458176","https://twitter.com/blkpplmusic/status/826099020225458176"
"JC_Cali","2017-01-29 23:58","0","0","""From Palestine to Mexico, all the walls have got to go"" #NoBanNoWall #RefugeesWelcome https://www.instagram.com/p/BP3hfUMF1s5/","","","#NoBanNoWall #RefugeesWelcome","825855567679877122","https://twitter.com/JC_Cali/status/825855567679877122"
"AdamBennettKHOU","2017-01-29 21:39","0","0","Around 20 lawyers waiting at Bush Airport. All 7 ppl detained in Houston after immigration exec. https://www.instagram.com/p/BP3RrrpAPZU/","","","","825820794857074688","https://twitter.com/AdamBennettKHOU/status/825820794857074688"
"daviddesola","2017-01-29 02:38","0","1","Protestors chanting ""No Ban! No Wall!"" #iah @George Bush Intercontinental Airport https://www.instagram.com/p/BP1PAO-hOS-/","","@George","#iah","825533431337480193","https://twitter.com/daviddesola/status/825533431337480193"
"jkeymaginnis","2017-01-29 01:15","0","0"," Played Survival by Bob Marley & The Wailers, Drug Ballad by Eminem and 2 more songs at @BradysWine : https://rockbot.com/132t @GetRockbot","","@BradysWine @GetRockbot","","825512548195717120","https://twitter.com/jkeymaginnis/status/825512548195717120"
"NotableBirdsLA","2017-01-28 20:04","0","0","6 Black Scoter (Melanitta americana) - US-District 1-Gulf of Mexico - 29.7690x-93.4586 - Jan 28, 2017, 11:24 AM - 2017-01-28 11:24","","","","825434274526613504","https://twitter.com/NotableBirdsLA/status/825434274526613504"
"aimeenesse","2017-01-28 18:06","0","0","Gulp. @Texas Louisiana Border https://www.instagram.com/p/BP0UahFj06h/","","@Texas","","825404591726530560","https://twitter.com/aimeenesse/status/825404591726530560"
"hortzac","2017-01-28 14:52","0","0","Mounted some epiphytes on homemade frames to use as wall decor! #gardening #hgtv #crafty @Texas https://www.instagram.com/p/BPz-NL4BdxM/","","@Texas","#gardening #hgtv #crafty","825355756161495040","https://twitter.com/hortzac/status/825355756161495040"
"Shindeldeckers","2017-01-28 03:58","0","0","#photobomb at its finest! Thanks to the gang uturncrossfit for treating like family! #travel https://www.instagram.com/p/BPyzdA8DwNc/","","","#photobomb #travel","825191375696171008","https://twitter.com/Shindeldeckers/status/825191375696171008"
"QueenieFug","2017-01-28 02:36","0","0","Hail hail the gang's all here!!! #wolfpackreunion @La Carreta Hammond https://www.instagram.com/p/BPyqBWpATUC/","","@La","#wolfpackreunion","825170643138252801","https://twitter.com/QueenieFug/status/825170643138252801"
"TotalTrafficNO","2017-01-27 23:31","0","0","Accident, left lane blocked in #St.JohnTheBaptist on I-10 WB between Belle Terre Blvd and St James--St John Cnty Border #traffic #NOLA","","","#St #traffic #NOLA","825124025160564738","https://twitter.com/TotalTrafficNO/status/825124025160564738"
"GodEnthusiast","2017-01-27 22:07","0","0","God bless the USA. Thank you also, Philly #philly #phillyngood #wall https://www.instagram.com/p/BPyLRvglvdpVOwP_GlmWaxffW4Uo4E4xcdsXG40/ ","","","#philly #phillyngood #wall","825103030802644992","https://twitter.com/GodEnthusiast/status/825103030802644992"
"MunderaMedia","2017-01-27 18:53","0","3","#georgemichael on the wall in the French Quarter of #neworleans. #travel #turismo #architecture https://www.instagram.com/p/BPx1D_sF-sC/","","","#georgemichael #neworleans #travel #turismo #architecture","825054180876357640","https://twitter.com/MunderaMedia/status/825054180876357640"
"PerrinStudios1","2017-01-27 13:47","0","0","""The Loner"". WOULND'T this look great on the wall of your home or business?!? Contact me to https://www.instagram.com/p/BPxSBD8gItH/","","","","824977108615233536","https://twitter.com/PerrinStudios1/status/824977108615233536"
"johns20014","2017-01-26 23:00","0","0","@FoxNews President Trump-20% Import Tax4 Mexico?Only With Contingencies For Immigration Cooperation That Lower The Tax. Its Just in Gods Eye","","@FoxNews","","824753955234267137","https://twitter.com/johns20014/status/824753955234267137"
"JoshuaWDelano","2017-01-26 22:05","0","0","White House says Mexico border wall might be funded by tax on https://www.instagram.com/p/BPvmMmQA3leIhdI8gmPCFqJBTLaMto5FB7wkkY0/ ","","","","824740012537348100","https://twitter.com/JoshuaWDelano/status/824740012537348100"
"johnniedomino","2017-01-26 20:13","0","0","If i could re-do my drug run street days i would have katt_sttakkzz & supa_cent as my crew... I https://www.instagram.com/p/BPvZW5VluWP/","","","","824711813027786752","https://twitter.com/johnniedomino/status/824711813027786752"
"iheartpotter","2017-01-26 20:07","0","2","#tbt to when @donnamarino21 @cmarino8 and I went to New Orleans and found Rossi Gang killing it https://www.instagram.com/p/BPvYsHpj_rE/","","@donnamarino21 @cmarino8","#tbt","824710310007361536","https://twitter.com/iheartpotter/status/824710310007361536"
"EllenKennon","2017-01-26 12:24","0","0","Who would ever think that my ""Ruby"" wall color with ""Edgewood Green"" trim would be dead ringers https://www.instagram.com/p/BPujrRfgoaT/","","","","824593729898053632","https://twitter.com/EllenKennon/status/824593729898053632"
"ArkadyBaby","2017-01-26 11:56","0","18","I hated drug cards when I had to do them, I hate them even more now... ignatiusems you're lucky https://www.instagram.com/p/BPugeTFFQ4X/","","","","824586698289979392","https://twitter.com/ArkadyBaby/status/824586698289979392"
"RollinfattiesNO","2017-01-25 16:47","0","3","Can I please eat my #ChickenRiceBowl in peace. lolol!! Hey Gang! Stop by @1430 Tulane av 11-2:.. https://www.instagram.com/p/BPsdE2wDE39/","","@1430","#ChickenRiceBowl","824297741811650563","https://twitter.com/RollinfattiesNO/status/824297741811650563"
"sandrabee32","2017-01-25 00:40","0","0","W.I.P Interior Wall Mural #wallart #mural #paintersheaven @Bigworldlittlegirlart https://www.instagram.com/p/BPquVVDBauL/","","@Bigworldlittlegirlart","#wallart #mural #paintersheaven","824054219028111360","https://twitter.com/sandrabee32/status/824054219028111360"
"ConfettiPark","2017-01-23 16:09","0","2","Build a wall and I will raise my children to tear it down. #womensmarch2017 @New Orleans, https://www.instagram.com/p/BPnPCuPlBic/","","@New","#womensmarch2017","823563199744266240","https://twitter.com/ConfettiPark/status/823563199744266240"
"TotalTrafficNO","2017-01-23 13:09","0","0","Accident cleared in #St.JohnTheBaptist on I-10 WB at St James--St John Cnty Border #traffic #NOLA http://bit.ly/17huQb8","","","#St #traffic #NOLA","823517960346202112","https://twitter.com/TotalTrafficNO/status/823517960346202112"
"TotalTrafficNO","2017-01-23 11:21","1","0","Accident, right lane blocked in #St.JohnTheBaptist on I-10 WB at St James--St John Cnty Border, stop and go traffic back to Belle Terre Blvd","","","#St","823490826437357568","https://twitter.com/TotalTrafficNO/status/823490826437357568"
"TotalTrafficNO","2017-01-23 11:03","0","0","Accident in #St.JohnTheBaptist on I-10 WB at St James--St John Cnty Border, stop and go traffic back to Belle Terre Blvd #traffic #NOLA","","","#St #traffic #NOLA","823486330655084545","https://twitter.com/TotalTrafficNO/status/823486330655084545"
"TotalTrafficNO","2017-01-23 11:01","0","0","Accident in #St.JohnTheBaptist on I-10 WB at St James--St John Cnty Border, stop and go traffic back to Belle Terre Blvd, delay of 23 mins","","","#St","823485925061697536","https://twitter.com/TotalTrafficNO/status/823485925061697536"
"asialeigh","2017-01-21 19:15","0","0","I'm at Drug Emporium in Lafayette, LA https://www.swarmapp.com/c/e33xryTYj86","","","","822885304474419201","https://twitter.com/asialeigh/status/822885304474419201"
"HeyyMrrCarterr","2017-01-21 18:32","0","0","Make America Great Again @Trailboss Steakhouse https://www.instagram.com/p/BPiV5SqAB-z8A7XS7_7OHW8OnSEkWGl9RpMka40/ ","","@Trailboss","","822874581967011841","https://twitter.com/HeyyMrrCarterr/status/822874581967011841"
