"username","date","retweets","favorites","text","geo","mentions","hashtags","id","permalink"
"BazaarMPLS","2017-04-19 20:34","0","0","Ready for #MothersDay yet? Skip the line for grocery store bouquets, drug store chocolate, and https://www.instagram.com/p/BTFJxqhhrTk/","","","#MothersDay","854795369594605568","https://twitter.com/BazaarMPLS/status/854795369594605568"
"budlightmofo","2017-04-17 17:08","0","0","I'm at Mexico Lindo Restaurant in Cloquet, MN https://www.swarmapp.com/c/3fxRBYc6BRM","","","","854018832721162240","https://twitter.com/budlightmofo/status/854018832721162240"
"StudioTwelve52","2017-04-16 14:10","0","0","Coconutmilk Mocha Macchiato, tropical thoughts, and packing for Mexico on Tuesday . Can't wait https://www.instagram.com/p/BS8vZlLlGjN/","","","","853611445568901120","https://twitter.com/StudioTwelve52/status/853611445568901120"
"joyannparker","2017-04-15 18:16","0","0","The gang's all here tonight at Pub 112 in beautiful downtown Stillwater. We start a little https://www.instagram.com/p/BS6mzj_hw0J/","","","","853311062346653697","https://twitter.com/joyannparker/status/853311062346653697"
"RandomSweets","2017-04-15 17:51","0","0","We found the wall. #onlyinmn @Marquette Av S at 11 St S SW corner https://www.instagram.com/p/BS6j9fnhdjR/","","@Marquette","#onlyinmn","853304807292944384","https://twitter.com/RandomSweets/status/853304807292944384"
"LauraPods","2017-04-15 03:40","0","0","Blizzard gang @The Pint Minneapolis https://www.instagram.com/p/BS5CjhKgflR/","","@The","","853090602300428288","https://twitter.com/LauraPods/status/853090602300428288"
"JamieParsley","2017-04-15 02:56","0","0","Geesh, did I really go 32 hours without eating? No wonder I hit the wall tonight.","","","","853079601823830018","https://twitter.com/JamieParsley/status/853079601823830018"
"robmonroe","2017-04-15 01:38","0","2","nah was moving pretty slowly. Kicked up off the dirt, over wall and off a few hands before it hit me. Could have been worse :)","","","","853060041447940096","https://twitter.com/robmonroe/status/853060041447940096"
"jasonmatheson","2017-04-15 00:40","0","18","Another fab night w/the gang at thelexmn #LoveMyFriends @The Lexington https://www.instagram.com/p/BS4t8cfAZof/","","@The","#LoveMyFriends","853045283948818432","https://twitter.com/jasonmatheson/status/853045283948818432"
"beerandbikesmn","2017-04-15 00:04","0","2","Out earning an extra beer @northgatebrew #30daysofbiking - Drinking a Shaky Wall at @northgatebrew - http://untp.beer/s/c440276111 #photo","","@northgatebrew @northgatebrew","#30daysofbiking #photo","853036191712759812","https://twitter.com/beerandbikesmn/status/853036191712759812"
"BazaarMPLS","2017-04-14 21:46","0","0","Just had to take this guy off the wall to find an example product For an upcoming #blog on #DIY https://www.instagram.com/p/BS4aENah9NT/","","","#blog #DIY","853001568727085056","https://twitter.com/BazaarMPLS/status/853001568727085056"
"Ouch_","2017-04-13 22:16","1","4","#SPACCLSP criminal justice afterglow - time to unwind after a long and intense day! (at @bocachicamn) https://www.swarmapp.com/c/eC6qxKG4sXn","","@bocachicamn","#SPACCLSP","852646662027825152","https://twitter.com/Ouch_/status/852646662027825152"
"kathrynuhrich","2017-04-13 01:09","0","0","Capturing the last of today's sun, in/on my hotel room wall @Downtown Fargo District https://www.instagram.com/p/BSznubvj0ui/","","@Downtown","","852327919057809408","https://twitter.com/kathrynuhrich/status/852327919057809408"
"TruNightingale","2017-04-12 23:51","0","0","The gang at coffeetarik_mn #bomb @COFFEETARIK https://www.instagram.com/p/BSzeuQHlmHBjuPa-vH300qP2HoLFt1xhZX1Ek40/ ","","@COFFEETARIK","#bomb","852308125600370692","https://twitter.com/TruNightingale/status/852308125600370692"
"_Cman_","2017-04-12 19:06","0","0","Do you know the prosecution roles in a criminal court proceedings? Day 3 of the 40hr S.A. https://www.instagram.com/p/BSy-Ip_gJKg/","","","","852236460703068161","https://twitter.com/_Cman_/status/852236460703068161"
"Holen1Golf","2017-04-12 03:01","0","0","The Middle Border Conference took on Bristol Ridge Golf Course. A good challenging course on https://www.instagram.com/p/BSxPxJ3hMJn/","","","","851993762825773056","https://twitter.com/Holen1Golf/status/851993762825773056"
"champagnemacs","2017-04-11 20:20","0","2","Tried to hitch a ride to Mexico this morning since there was snow on the ground, but I'm still https://www.instagram.com/p/BSwhx7MjNQq/","","","","851892667474640897","https://twitter.com/champagnemacs/status/851892667474640897"
"thefilmingsnchz","2017-04-10 01:12","0","0","Imparables #adrianuribe #omarchaparro #imparables #mexico https://www.instagram.com/p/BSr5tBnh27ezXTpaIwsvB1CpVLWmHowj_uDHNA0/ ","","","#adrianuribe #omarchaparro #imparables #mexico","851241562172305408","https://twitter.com/thefilmingsnchz/status/851241562172305408"
"cjcampbell79","2017-04-09 23:55","0","0","Engineering (re: plumbing) fail. Pipes attached to the wall are not elastic. @Home https://www.instagram.com/p/BSrw28rAqpo/","","@Home","","851222102023733249","https://twitter.com/cjcampbell79/status/851222102023733249"
"LegiScanMN","2017-04-09 19:26","0","0","HF2586 [NEW] Prescription drug deactivation and disposal grants required, and money appropriated. http://bitly.com/Y2JCfQ","","","","851154290773241861","https://twitter.com/LegiScanMN/status/851154290773241861"
"musiciananna","2017-04-09 06:05","0","0","It's been an amazing time being out on the road playing fiddle and mandolin for Colter Wall in https://www.instagram.com/p/BSp2YPJguqP/","","","","850952765312557056","https://twitter.com/musiciananna/status/850952765312557056"
"philwardphoto1","2017-04-09 05:39","0","1","Through the gap in the wall I go! http://www.philwardphoto.com #nightphotography #longexposure https://www.instagram.com/p/BSpzaA6lsNO/","","","#nightphotography #longexposure","850946237465591809","https://twitter.com/philwardphoto1/status/850946237465591809"
"SkolKeyman","2017-04-08 23:55","0","0","Masters over. Hockey starting. Grumpy's garlic cheesy burger in between.... (Wall's End) http://untp.beer/s/c438067389","","","","850859568095735808","https://twitter.com/SkolKeyman/status/850859568095735808"
"AdamUI96","2017-04-07 22:25","0","0","My hotel in Minneapolis this week had some kanfergallery art on the wall! Takes me back to my https://www.instagram.com/p/BSmc9BLAcTR/","","","","850474643278397444","https://twitter.com/AdamUI96/status/850474643278397444"
"billings_steve","2017-04-07 21:12","0","0","the mirror is hanging on the wall in the room he is staying in in the basement. It'll be just fine :)","","","","850456349037277185","https://twitter.com/billings_steve/status/850456349037277185"
"AJHokes","2017-04-06 16:01","0","0","my ab(bae) @Mexico Lindo - Fitgers https://www.instagram.com/p/BSiGpWzF3FN/","","@Mexico","","850015594216816641","https://twitter.com/AJHokes/status/850015594216816641"
"jfraser","2017-04-06 04:01","0","1","On the wall at the former King of Falafel. @Uptown, Minneapolis https://www.instagram.com/p/BSh53Xsj0HJ/","","@Uptown","","849834534912839680","https://twitter.com/jfraser/status/849834534912839680"
"jwalteranderson","2017-04-05 21:17","0","0","First special friend leaving the gang. Good luck Mehtab! #godspeed #torontobound #friendsforever https://www.instagram.com/p/BShLmo5hFlI/","","","#godspeed #torontobound #friendsforever","849732806590709760","https://twitter.com/jwalteranderson/status/849732806590709760"
"sweetclafoutis","2017-04-05 18:56","0","0","Mural on the wall outside a women's restroom at Minneapolis-St. Paul airport. @Delta Terminal - https://www.instagram.com/p/BSg7btIjeq2/","","@Delta","","849697249743556608","https://twitter.com/sweetclafoutis/status/849697249743556608"
"ThreeSistersEA","2017-04-05 14:48","0","0","Bring on the garden art. This beautiful piece can be used as a stepping stone or wall art. https://www.instagram.com/p/BSgfEroBHtC/","","","","849634883076890624","https://twitter.com/ThreeSistersEA/status/849634883076890624"
"AnnT","2017-04-04 20:56","0","0","Prince temporary memorial wall ... behind the gates. @Paisley Park https://www.instagram.com/p/BSekVaYDKKS/","","@Paisley","","849364978570342401","https://twitter.com/AnnT/status/849364978570342401"
"Kevinfcaufield","2017-04-04 14:05","0","0","Ohhhh Mexico !!! DAY 2 of wishing was teaching there again .... this is Cappe-ha where I taught https://www.instagram.com/p/BSd1Sm6A5P9/","","","","849261523289743360","https://twitter.com/Kevinfcaufield/status/849261523289743360"
"budlightmofo","2017-04-03 17:50","0","0","I'm at Hole In The Wall Casino In Danbury, WI in Danbury, WI https://www.swarmapp.com/c/aE3uEOhXo90","","","","848955909506248704","https://twitter.com/budlightmofo/status/848955909506248704"
"JamieParsley","2017-04-03 16:23","0","0","Here's one way to make America great again.... pic.twitter.com/H6SotKJE53","","","","848934070478409728","https://twitter.com/JamieParsley/status/848934070478409728"
"Kevinfcaufield","2017-04-03 12:25","0","0","Ohh to be back in Mexico !! This was taken 2 hours south of Tulum Mexico , I was teaching https://www.instagram.com/p/BSbFJ7agUio/","","","","848874199917764608","https://twitter.com/Kevinfcaufield/status/848874199917764608"
"brooksideresort","2017-04-03 03:50","0","0","There is a new bike gang in the neighborhood #mybrooksidemn #familybikerides @ https://www.instagram.com/p/BSaKNghDGO7/","","@","#mybrooksidemn #familybikerides","848744581223129088","https://twitter.com/brooksideresort/status/848744581223129088"
"sarahollyx","2017-04-02 21:34","0","0","When it comes to new wall decor, my mom knows me all too well. https://www.instagram.com/p/BSZfI8XgtTn-7XRnYz5dMYVTacS20NxF5taIoI0/ ","","","","848649870000914432","https://twitter.com/sarahollyx/status/848649870000914432"
"TessHohman","2017-04-01 16:14","0","1","I came home early feom Mexico to ride the #30daysofbiking kickoff! @ https://www.instagram.com/p/BSWVw7ZAtUzq32166mCaFDeloL6h76GdBshWug0/ ","","@","#30daysofbiking","848207040476532738","https://twitter.com/TessHohman/status/848207040476532738"
"chadwstone","2017-03-31 23:44","0","0","Nice wall! Enjoying dinner and a cocktail with @MNskatemom and the #porchlightlounge barkeep. @ https://www.instagram.com/p/BSUkRVtBBnW/","","@MNskatemom @","#porchlightlounge","847957714890219520","https://twitter.com/chadwstone/status/847957714890219520"
"STEVENS_SPORTS","2017-03-31 16:21","0","0","Lunch time (@Great Wall Chinese Restaurant in Minneapolis, MN) https://www.swarmapp.com/c/0wzwabfECLH","","@Great","","847846444463783936","https://twitter.com/STEVENS_SPORTS/status/847846444463783936"
"kevinwhitephoto","2017-03-30 13:59","1","0","So looking forward to shooting on the new wall!!! mspmag #onsetwithkevin #bridal #bridalfashion https://www.instagram.com/p/BSQ8pNLAHIH/","","","#onsetwithkevin #bridal #bridalfashion","847448110225805313","https://twitter.com/kevinwhitephoto/status/847448110225805313"
"the_faheys","2017-03-30 13:58","0","0","That's how you drink Rain Soul in Mexico! #rainsoul #raininternational #seednutrition https://www.instagram.com/p/BSQ8ikjDJ98/","","","#rainsoul #raininternational #seednutrition","847447888078577665","https://twitter.com/the_faheys/status/847447888078577665"
"LegiScanMN","2017-03-30 06:16","0","0","HF474 [Engross] Medical Practice Board criminal background checks authorized, and physicians exempted from crimin... http://bitly.com/YC7Bmp","","","","847331646802075650","https://twitter.com/LegiScanMN/status/847331646802075650"
"TheHideawayMPLS","2017-03-29 15:40","0","0","The whole gang is here. #HowABunnySounds @Hideaway Studios https://www.instagram.com/p/BSOjcDBDevl/","","@Hideaway","#HowABunnySounds","847111205902831626","https://twitter.com/TheHideawayMPLS/status/847111205902831626"
"LegiScanMN","2017-03-29 14:36","0","0","HF2491 [NEW] Criminal history reliance for employment purposes limited. http://bitly.com/YejQ8w","","","","847095031412482049","https://twitter.com/LegiScanMN/status/847095031412482049"
"StudioTwelve52","2017-03-28 22:41","0","0","Starting to get my travel necessities ready for our destination wedding in Mexico next month... https://www.instagram.com/p/BSMu0Vyls9y/","","","","846854760196116480","https://twitter.com/StudioTwelve52/status/846854760196116480"
"JamieParsley","2017-03-28 02:59","0","0","Good to be getting back to supper at Chris & Eric's with the ""gang.""","","","","846557204882829312","https://twitter.com/JamieParsley/status/846557204882829312"
"marykw","2017-03-28 01:11","1","1","Another traveler heading to airport! Safe travel Elliot! #mexico @Hi-Lo Diner https://www.instagram.com/p/BSKbKHcA2wK/","","@Hi","#mexico","846530049444663296","https://twitter.com/marykw/status/846530049444663296"
"dana_natifs","2017-03-26 22:06","0","1","Benefit for #fourthgeneration to raise awareness and funds for criminal justice reform. https://www.instagram.com/p/BSHhNf0h_lW/","","","#fourthgeneration","846121143106883584","https://twitter.com/dana_natifs/status/846121143106883584"
"LegiScanMN","2017-03-26 19:56","0","0","SF1664 [NEW] Health professional education loan forgiveness program alcohol and drug counselors addition http://bitly.com/W42Ymr","","","","846088380320546817","https://twitter.com/LegiScanMN/status/846088380320546817"
"LegiScanMN","2017-03-24 17:36","0","0","SF1329 [NEW] Wage theft prohibition; wages payment modification; civil and criminal penalties increase; administr... http://bitly.com/XZz1lY","","","","845328422285053952","https://twitter.com/LegiScanMN/status/845328422285053952"
"dorisqueen07","2017-03-24 17:19","0","1","I KNOW I'M NOT SITTING BACK WATCHING POISONING OF USA FOOD DRUG MEDS ALCHOL","","","","845324264991576064","https://twitter.com/dorisqueen07/status/845324264991576064"
"FarmingtonWres","2017-03-23 16:01","1","7","New wall mats are installed at the Middle School!! #LTG #TigerPride @Levi P. Dodge Middle School https://www.instagram.com/p/BR_JIZJBbEV/","","@Levi","#LTG #TigerPride","844942295224877057","https://twitter.com/FarmingtonWres/status/844942295224877057"
"rmdixon47","2017-03-23 14:11","0","0","Red Sea mural on the wall of the Red Sea Restaurant in West Bank. #adobe #lightroom #nikon https://www.instagram.com/p/BR-8f1Njlq3/","","","#adobe #lightroom #nikon","844914511463268354","https://twitter.com/rmdixon47/status/844914511463268354"
"misanthrope81","2017-03-22 20:28","0","0","Drug test for the new job. (@Allina Health Cottage Grove Clinic in Cottage Grove, MN) https://www.swarmapp.com/c/7Alws2qLyEq","","@Allina","","844646969939296261","https://twitter.com/misanthrope81/status/844646969939296261"
"T_Lidholm","2017-03-22 01:32","0","1","Who needs Mexico or Florida for spring break when this is an option https://www.instagram.com/p/BR7A18TBfgsfybfwSRuQikvkNji0ghEv-Hd3bc0/ ","","","","844361116411056129","https://twitter.com/T_Lidholm/status/844361116411056129"
"Migizisota","2017-03-21 23:16","0","0","Sad to leave, but happy to be home. Until next time, Mexico. @Terminal 2Humphrey https://www.instagram.com/p/BR6xU8ojl6G/","","@Terminal","","844326999896264704","https://twitter.com/Migizisota/status/844326999896264704"
"LegiScanMN","2017-03-21 12:16","0","0","HF2470 [NEW] Drug abuse prevention instruction rant funding provided, report required, and money appropriated. http://bitly.com/Wy3hWL","","","","844160677048713216","https://twitter.com/LegiScanMN/status/844160677048713216"
"laurabrpoet","2017-03-21 04:22","0","0","A pretty funkay gang #shake #shakeymonday #burgers #fries #friends #hang @Krolls Diner  Fargo https://www.instagram.com/p/BR4viIJjtnT/","","@Kroll","#shake #shakeymonday #burgers #fries #friends #hang","844041592142991360","https://twitter.com/laurabrpoet/status/844041592142991360"
"WholeMeFoods","2017-03-20 00:57","0","1","The gang's all here!  Our newest clusters, salted peanut chocolate, will be in stores https://www.instagram.com/p/BR1zRDgDYIX/","","","","843627589562523651","https://twitter.com/WholeMeFoods/status/843627589562523651"
"RoseSuchak","2017-03-19 01:25","0","0","Hail, hail the gang's all here! @Lone Spur Grill and Bar https://www.instagram.com/p/BRzRobWB8LUBbNTWdbXId5BPSACMRgPlKJl6tI0/ ","","@Lone","","843272136613539841","https://twitter.com/RoseSuchak/status/843272136613539841"
"TeetersL","2017-03-19 01:16","0","0","Gang is back and we are taking on Duluth @Duluth, Minnesota https://www.instagram.com/p/BRzQqLTDyom/","","@Duluth","","843269999062142976","https://twitter.com/TeetersL/status/843269999062142976"
"kevinwhitephoto","2017-03-19 00:06","0","0","Wishing for a beach in Mexico.... #modelo #cerveza #mngirl #beer #mexico @Little Fiesta Mexican https://www.instagram.com/p/BRzIkQKgAAn/","","@Little","#modelo #cerveza #mngirl #beer #mexico","843252198708535297","https://twitter.com/kevinwhitephoto/status/843252198708535297"
"austinengel123","2017-03-18 19:36","0","4","Already planning out the next trip to Mexico #Can'tWait","","","#Can","843184359851134978","https://twitter.com/austinengel123/status/843184359851134978"
"MattLanglie","2017-03-18 02:28","0","0","Drinking a Wall's End by @northgatebrew @Langlie's  http://untp.beer/s/c429360746","","@northgatebrew @Langlie","","842925732951146498","https://twitter.com/MattLanglie/status/842925732951146498"
"LegiScanMN","2017-03-17 01:36","0","0","SF1655 [NEW] Sales suppression devices (zapper) regulation and criminal penalties imposition http://bitly.com/YKZeVy","","","","842550247284969472","https://twitter.com/LegiScanMN/status/842550247284969472"
"AJHokes","2017-03-16 21:15","1","1","just two roommates being absolute horrible influences on each other..what's new tho @Mexico https://www.instagram.com/p/BRtrbR2ltr-/","","@Mexico","","842484441360617472","https://twitter.com/AJHokes/status/842484441360617472"
"buildingCOURAGE","2017-03-16 21:08","0","0","Some doodles from our wall. #art #community #minneapolis #youth #youthled #safespace #refuge https://www.instagram.com/p/BRtqmLWgSMZ/","","","#art #community #minneapolis #youth #youthled #safespace #refuge","842482608890138626","https://twitter.com/buildingCOURAGE/status/842482608890138626"
"buildingCOURAGE","2017-03-16 21:05","0","0","Some doodles from our wall. #art #community #minneapolis #youth #youthled #safespace #refuge https://www.instagram.com/p/BRtqTlJgSPg/","","","#art #community #minneapolis #youth #youthled #safespace #refuge","842481972870025216","https://twitter.com/buildingCOURAGE/status/842481972870025216"
"LegiScanMN","2017-03-16 18:06","0","0","HF2431 [NEW] Court reporter outdated statutes updated, drug court name changed to treatment court, direct appeals... http://bitly.com/YKlTS6","","","","842436856839036930","https://twitter.com/LegiScanMN/status/842436856839036930"
"LegiScanMN","2017-03-16 16:46","0","0","SF1077 [NEW] Drug offender treatment grant program appropriation http://bitly.com/VWqOjY","","","","842416756366950400","https://twitter.com/LegiScanMN/status/842416756366950400"
"LegiScanMN","2017-03-16 15:16","0","0","SF2166 [NEW] Criminal defendants interactive video teleconferencing use authorization http://bitly.com/WeqHAn","","","","842394148661547009","https://twitter.com/LegiScanMN/status/842394148661547009"
"LegiScanMN","2017-03-16 06:06","0","0","SF980 [NEW] Border-to-border broadband grant program modification and appropriation http://bitly.com/XTm114","","","","842255807311958016","https://twitter.com/LegiScanMN/status/842255807311958016"
"DerrtyGopher","2017-03-15 23:19","3","4","Immigration law center fundraiser! - Drinking a De-Lovely Porter by @UrbanGrowlerMN at @birchwoodcafe http://untp.beer/s/c428360169","","@UrbanGrowlerMN @birchwoodcafe","","842153238711410688","https://twitter.com/DerrtyGopher/status/842153238711410688"
"wbhowes3","2017-03-15 17:47","0","1","Small actions, lunch food #immigration @Pizza Luc https://www.instagram.com/p/BRqu3L6FyzCZL4PssReqXtzvTVLl4cVERS2-Kw0/ ","","@Pizza","#immigration","842069784313376776","https://twitter.com/wbhowes3/status/842069784313376776"
"nullrend","2017-03-15 05:27","0","0","girl, go to Mexico and load up","","","","841883606289141765","https://twitter.com/nullrend/status/841883606289141765"
"DanHavlik1","2017-03-15 02:13","0","0","Last supper with the gang of five. Gonna miss you Albert! Best https://www.instagram.com/p/BRpD7ZxA1b846p8CjoS-0FLb8En3DKXFEjh7T00/ ","","","","841834629824937984","https://twitter.com/DanHavlik1/status/841834629824937984"
"LegiScanMN","2017-03-15 01:26","0","0","SF2148 [NEW] Specialized opioid addiction treatment programs development; wholesale drug distributor tax modifica... http://bitly.com/W4LXIJ","","","","841822845558784000","https://twitter.com/LegiScanMN/status/841822845558784000"
"nullrend","2017-03-13 21:56","0","0","Well they had to tear down my bathroom wall cos the upstairs neighbor's toilet was leaking","","","","841407562994061313","https://twitter.com/nullrend/status/841407562994061313"
"LegiScanMN","2017-03-13 19:06","0","0","HF1770 [NEW] Sales suppression device regulation provided, and criminal penalties imposed. http://bitly.com/Yel8jU","","","","841364754115489792","https://twitter.com/LegiScanMN/status/841364754115489792"
"curranski","2017-03-12 22:50","0","0","Hang another matthensley22 @BlackLabelSkate added to the wall.. @Woodbury, Minnesota https://www.instagram.com/p/BRjjLSlD-WM/","","@BlackLabelSkate @Woodbury","","841058931300524038","https://twitter.com/curranski/status/841058931300524038"
"thedanpieper","2017-03-12 21:59","0","0","Missing my gym partners fitjakep connorthelemann who are in Mexico enjoying the sun while it's https://www.instagram.com/p/BRjdQPhDF9L/","","","","841045897148526593","https://twitter.com/thedanpieper/status/841045897148526593"
"Markysparkly","2017-03-12 19:15","0","0","Saw this before, but love the detail. See his pipes on the wall? #pinnochio #guillermodeltoro https://www.instagram.com/p/BRjKflyABVx/","","","#pinnochio #guillermodeltoro","841004640338608130","https://twitter.com/Markysparkly/status/841004640338608130"
"LegiScanMN","2017-03-12 14:36","0","0","SF1895 [NEW] Stays of adjudication and imposition in criminal sexual conduct cases elimination; sex offenders lif... http://bitly.com/YI8IRt","","","","840934454424174592","https://twitter.com/LegiScanMN/status/840934454424174592"
"LegiScanMN","2017-03-12 10:56","0","0","SF2023 [NEW] Prescription drug deactivation and disposal products purchase and distribution grants appropriation http://bitly.com/Y01eJr","","","","840879057088712704","https://twitter.com/LegiScanMN/status/840879057088712704"
"Illphatic","2017-03-12 09:11","1","0","La familia. Hope you and your gang had a good Minnesota experience https://www.instagram.com/p/BRiFYo6FvqTI3jzt59M3nlij-bB5yDod3RG6og0/ ","","","","840852693396684800","https://twitter.com/Illphatic/status/840852693396684800"
"meganschuitema","2017-03-11 23:21","0","1","When you find a music wall while at a music conference, there is but one option. @Minneapolis, https://www.instagram.com/p/BRhB5LtDHkW/","","@Minneapolis","","840704256109879296","https://twitter.com/meganschuitema/status/840704256109879296"
"Drapervich","2017-03-11 16:20","0","0","My parents brought me back this fancy bottle of tequila from Mexico. It's from a family https://www.instagram.com/p/BRgRrvog4n0/","","","","840598235823632384","https://twitter.com/Drapervich/status/840598235823632384"
"LegiScanMN","2017-03-11 14:56","0","0","SF2049 [NEW] Criminal history reliance for employment purposes limitation http://bitly.com/WdFLyf","","","","840577078294659072","https://twitter.com/LegiScanMN/status/840577078294659072"
"Tina_Vega","2017-03-11 13:35","0","0","We have a live model stopping by so I pulled out my fake wall for https://www.instagram.com/p/BRf-2PHg-Bx0Xg0_qolXJXgsJs8aOCvTSnf9Ig0/ ","","","","840556816568336388","https://twitter.com/Tina_Vega/status/840556816568336388"
"SkolKeyman","2017-03-10 19:02","1","0","Out with the gang. TGIF early out! - Drinking a Grain Belt Nordeast by @schellsbrewery at @malonesmn  http://untp.beer/s/c426182489","","@schellsbrewery @malonesmn","","840276664840007680","https://twitter.com/SkolKeyman/status/840276664840007680"
"LegiScanMN","2017-03-10 17:16","0","0","HF1819 [NEW] Medical assistance drug dispensation provisions modified, and payment rates for drugs under medical ... http://bitly.com/WuMrIs","","","","840249963842027521","https://twitter.com/LegiScanMN/status/840249963842027521"
"jobejuan","2017-03-10 04:41","0","0","2 Nights in Mexico pop up. Honestly the most amazing churros I've ever had. #foodporn #food https://www.instagram.com/p/BRcc716F7eM/","","","#foodporn #food","840060038723039232","https://twitter.com/jobejuan/status/840060038723039232"
"AJHokes","2017-03-09 19:29","0","0","I talk her into doing reckless things it's fine @Mexico Lindo - Fitgers https://www.instagram.com/p/BRbcoAolkjV/","","@Mexico","","839921027274719233","https://twitter.com/AJHokes/status/839921027274719233"
"magicbrad","2017-03-09 19:08","0","0","Cool Wall Do you now where I am? @Uptown, Minneapolis https://www.instagram.com/p/BRbbWptFn9M/","","@Uptown","","839915821304512513","https://twitter.com/magicbrad/status/839915821304512513"
"Heath_Lewis","2017-03-09 13:32","0","0","""I fought a war to walk a gang plank into a life I left behind. Windows leading to the https://www.instagram.com/p/BRa03GpgaWA/","","","","839831170959486976","https://twitter.com/Heath_Lewis/status/839831170959486976"
"allie_oop_photo","2017-03-09 03:42","0","1","A little wall of travel! #nola #obx #seattle #pictureitoncanvas @piocanvas @Plymouth, Minnesota https://www.instagram.com/p/BRZxZZ3Beoy/","","@piocanvas @Plymouth","#nola #obx #seattle #pictureitoncanvas","839682813750210560","https://twitter.com/allie_oop_photo/status/839682813750210560"
"DJMadMardigan","2017-03-09 01:46","0","2","One thing Andrew Wiggins and I have in common is our love of East Coast hip-hop legends Gang https://www.instagram.com/p/BRZkJXNAXWn/","","","","839653677178716162","https://twitter.com/DJMadMardigan/status/839653677178716162"
"LegiScanMN","2017-03-08 22:57","0","0","HF1769 [NEW] Sales suppression device regulation provided, and criminal penalties imposed. http://bitly.com/WLcUBD","","","","839611007093846017","https://twitter.com/LegiScanMN/status/839611007093846017"
"LegiScanMN","2017-03-08 22:16","0","0","HF1812 [NEW] Web application to compare prescription drug prices required. http://bitly.com/YTFUWg","","","","839600756542083073","https://twitter.com/LegiScanMN/status/839600756542083073"
"jenejentweets","2017-03-08 17:05","0","0","Celebrating #InternationalWomenDay - a most perfect day to head to Mexico!  at Minneapolis-St. Paul International Airport (MSP)","","","#InternationalWomenDay","839522509317935104","https://twitter.com/jenejentweets/status/839522509317935104"
"Amorderay","2017-03-08 15:44","0","0","My little boys never seen a payphone.... They said daddy why is there a phone on the wall!!!!! https://www.instagram.com/p/BRYfLFJljgG/","","","","839502006817599489","https://twitter.com/Amorderay/status/839502006817599489"
"SarHole","2017-03-07 20:21","0","0","#NOTONEMORE. We need criminal & mental health background checks on https://www.instagram.com/p/BRWZGIegBaAEurwcW7k3sUp96L2XPAyL1nPKKU0/ ","","","#NOTONEMORE","839209411306471431","https://twitter.com/SarHole/status/839209411306471431"
"rareformprops","2017-03-07 15:09","0","0","1939 Kingfield bungalow interior: Wall sconces were commonly removed from classic homes, the https://www.instagram.com/p/BRV2dwah-7U/","","","","839131008150593538","https://twitter.com/rareformprops/status/839131008150593538"
"Tweeto_82","2017-03-07 14:53","0","0","""Ladies and gentlemen, I have been to the Great Wall of China, I have seen the Pyramids of https://www.instagram.com/p/BRV0j-TAP0T/","","","","839126837741699073","https://twitter.com/Tweeto_82/status/839126837741699073"
"LegiScanMN","2017-03-07 12:36","0","0","SF1871 [NEW] Firefighters and medical personnel assault enhanced criminal penalties imposition http://bitly.com/YUt0HA","","","","839092311623630848","https://twitter.com/LegiScanMN/status/839092311623630848"
"LegiScanMN","2017-03-07 09:26","0","0","SF1886 [NEW] Sexual conduct in a secure treatment facility inclusion as criminal sexual conduct in the fifth degree http://bitly.com/WGdgt3","","","","839044476102393857","https://twitter.com/LegiScanMN/status/839044476102393857"
"LegiScanMN","2017-03-07 02:46","0","0","SF1882 [NEW] Criminal proceedings state funds use for audio and video recording prohibition http://bitly.com/YPNFfZ","","","","838943856477491200","https://twitter.com/LegiScanMN/status/838943856477491200"
"ShaunBuggs","2017-03-05 21:43","2","3","Our debut music video, remixed. Strange Gang. #ComingSoon @strangekidjames @Shaun Buggs https://www.instagram.com/p/BRRZ8SODrtN/","","@strangekidjames @Shaun","#ComingSoon","838505338521415690","https://twitter.com/ShaunBuggs/status/838505338521415690"
"JamieParsley","2017-03-05 13:14","0","0","The handwriting's on the wall. It is one word. Seven letters.","","","","838377124109107200","https://twitter.com/JamieParsley/status/838377124109107200"
"cfranklinphotos","2017-03-05 07:21","0","0","11:55am at Michelson Drug in Hudson WI #mickelsondrug #hudson #hudsonwi #wisconsin #wi https://www.instagram.com/p/BRP3UTygNeJ/","","","#mickelsondrug #hudson #hudsonwi #wisconsin #wi","838288455763378176","https://twitter.com/cfranklinphotos/status/838288455763378176"
"508Bar","2017-03-05 02:16","1","1","ATTENTION GOPHER AND BADGER FANS... Need a spot to the the battle border Basketball game?! The https://www.instagram.com/p/BRPUWB3gKLI/","","","","838211551576358912","https://twitter.com/508Bar/status/838211551576358912"
"ReRepMAD","2017-03-05 01:50","0","0","A closer up shot of the South Shops NEW knee wall posted earlier today. @Repurpose Republic https://www.instagram.com/p/BRPRailBn0E/","","@Repurpose","","838205109683146752","https://twitter.com/ReRepMAD/status/838205109683146752"
"Dani59er","2017-03-05 00:18","0","1","Mexico in 10 days means you juice with your siblings #beachbody @Waconia, Minnesota https://www.instagram.com/p/BRPG1b5gfE8/","","@Waconia","#beachbody","838181849071517696","https://twitter.com/Dani59er/status/838181849071517696"
"LegiScanMN","2017-03-03 09:56","0","0","HF1572 [NEW] Stays of adjudication and stays of imposition in criminal sexual conduct cases eliminated, sex offen... http://bitly.com/WkQ0Rc","","","","837602528904765440","https://twitter.com/LegiScanMN/status/837602528904765440"
"PlascoID","2017-03-02 21:35","0","0","On Tuesday, March 1st, the ID Wholesaler gang put their phones down for a short time to stir up https://www.instagram.com/p/BRJqlT6F3Co/","","","","837416037159174146","https://twitter.com/PlascoID/status/837416037159174146"
"LegiScanMN","2017-03-02 03:57","0","0","HF1576 [NEW] Minnesota made a sanctuary state for immigration enforcement purposes. http://bitly.com/WBV1oF","","","","837149734859046914","https://twitter.com/LegiScanMN/status/837149734859046914"
"AmyannJolley","2017-03-02 01:57","0","0","...ready...set...Mexico 2 1/2 days @Chaska, Minnesota https://www.instagram.com/p/BRHj1ClgVHUFJ5q7KRV16a2a6AaNrtluwg75cI0/ ","","@Chaska","","837119702837125120","https://twitter.com/AmyannJolley/status/837119702837125120"
"buildingCOURAGE","2017-03-01 21:13","0","0","New chalk on the wall! Want to stay connected with us through Facebook? Check our our new group: https://www.instagram.com/p/BRHDRuYAukH/","","","","837048120445964292","https://twitter.com/buildingCOURAGE/status/837048120445964292"
"LegiScanMN","2017-03-01 18:56","0","0","HF1910 [NEW] Sexual conduct in a secure treatment facility included as criminal sexual conduct in the fifth degree. http://bitly.com/Ykwzqi","","","","837013603521871873","https://twitter.com/LegiScanMN/status/837013603521871873"
"LegiScanMN","2017-03-01 13:06","0","0","SF1509 [NEW] Medical assistance (MA) drug dispensing provisions modifications http://bitly.com/W25ABj","","","","836925590934589441","https://twitter.com/LegiScanMN/status/836925590934589441"
"Kimmyrosempls","2017-03-01 01:16","0","0","Next project: fireplace update and repainting the drab green wall in the family room. My dad https://www.instagram.com/p/BRE6XPShqJD/","","","","836747041044742144","https://twitter.com/Kimmyrosempls/status/836747041044742144"
"JessiePerez1226","2017-03-01 00:35","0","0","Baby Girl saying Hi and getting WILD with the Peanut Gang @Xcel Energy Center https://www.instagram.com/p/BRE1nlVgzT3/","","@Xcel","","836736610226081795","https://twitter.com/JessiePerez1226/status/836736610226081795"
"JordanDye","2017-02-28 22:22","0","2","Get me to Seattle.. Miss the gang & can't wait to meet lil Ezekiel @MSP Airport https://www.instagram.com/p/BREmb5hBkNb/","","@MSP","","836703225860349952","https://twitter.com/JordanDye/status/836703225860349952"
"Hammarstedt09","2017-02-28 02:29","0","0","Anyone been to Puerto Vallarta, Mexico before? Any suggestions on what my sis and and I https://www.instagram.com/p/BRCd3LmD3A_/","","","","836402903430623232","https://twitter.com/Hammarstedt09/status/836402903430623232"
"chrisholmmusic","2017-02-27 23:09","0","0","Bukka White was my gateway drug to delta blues. Pickin' on some fun Bukka licks today. https://www.instagram.com/p/BRCHAFpDL6j/","","","","836352623167041536","https://twitter.com/chrisholmmusic/status/836352623167041536"
"sara09marsh","2017-02-26 19:41","0","0","One last photo: half hour, closing performance. Thanks gang. Love these people. @melday8 https://www.instagram.com/p/BQ_KZG0BWFq/","","@melday8","","835937864206659586","https://twitter.com/sara09marsh/status/835937864206659586"
"TanonHanzal","2017-02-26 05:34","0","0","Hanging out with my co-workers, playing Gang Beast. Great way to spend my night. #GeekSquadParty https://www.instagram.com/p/BQ9pe_UAATq/","","","#GeekSquadParty","835724765784641537","https://twitter.com/TanonHanzal/status/835724765784641537"
"_bootylove","2017-02-26 03:53","0","0","pretty gang always keep them niggas on geek","","","","835699230798905345","https://twitter.com/_bootylove/status/835699230798905345"
"LegiScanMN","2017-02-26 00:06","0","0","SF1110 [NEW] Minnesota a sanctuary state for immigration enforcement purposes http://bitly.com/VWiNLX","","","","835642136016072704","https://twitter.com/LegiScanMN/status/835642136016072704"
"JordanDye","2017-02-25 17:57","1","2","Ayyyy come hang with the gang ! Union Rooftop tonight.. S/O @THELIFEOFQUES & happy birthday to https://www.instagram.com/p/BQ8ZqiQBteR/","","@THELIFEOFQUES","","835549241745387520","https://twitter.com/JordanDye/status/835549241745387520"
"catrocketship","2017-02-25 14:50","0","1","Brought the gang out to @ungluedfargo in Fargo! Ready to start a day at the wonderful https://www.instagram.com/p/BQ8ERlEBjOo/","","@ungluedfargo","","835502201472606208","https://twitter.com/catrocketship/status/835502201472606208"
"_bootylove","2017-02-25 12:10","0","0","its gonna be hard to take down all the pictures n letters from my wall... but my family is making me do it :(","","","","835461952193310720","https://twitter.com/_bootylove/status/835461952193310720"
"LegiScanMN","2017-02-25 10:06","0","0","SF1454 [NEW] Federal immigration enforcement efforts scope of cooperation by state and local officials restriction http://bitly.com/XZ91XI","","","","835430681920618496","https://twitter.com/LegiScanMN/status/835430681920618496"
"KittsteinerRosa","2017-02-25 02:37","0","0","so all the spoon are on the wall which means you get like a ladle for your ramen soup https://www.instagram.com/p/BQ6wc-7FPms/","","","","835317881118339072","https://twitter.com/KittsteinerRosa/status/835317881118339072"
"saramontour","2017-02-24 19:08","0","1","Lisa's working her wall mural magic again in our studio! This time I get to see my logo come to https://www.instagram.com/p/BQ59B8dhNEk/","","","","835204800677470208","https://twitter.com/saramontour/status/835204800677470208"
"LegiScanMN","2017-02-24 05:56","0","0","HF1669 [NEW] Firearm transfer criminal background check required, and transfers excepted. http://bitly.com/WCu5VP","","","","835005473912946688","https://twitter.com/LegiScanMN/status/835005473912946688"
"joshuaellingson","2017-02-24 00:48","0","1","Wall, light, and ceiling goals. - - - - - - #lighting #interiors #walls #hotels #minneapolis https://www.instagram.com/p/BQ3_Gi2loHP/","","","#lighting #interiors #walls #hotels #minneapolis","834927881297997824","https://twitter.com/joshuaellingson/status/834927881297997824"
"LegiScanMN","2017-02-24 00:17","0","0","HF1581 [NEW] Natural resource enforcement and penalty provisions modified, and criminal penalties provided. http://bitly.com/YE6KBL","","","","834920061773230080","https://twitter.com/LegiScanMN/status/834920061773230080"
"LegiScanMN","2017-02-23 23:16","0","0","HF1403 [NEW] Alcohol and drug counselors added to the health professional education loan forgiveness program. http://bitly.com/WAIEt9","","","","834904827561918464","https://twitter.com/LegiScanMN/status/834904827561918464"
"LegiScanMN","2017-02-23 21:16","0","0","HF1069 [NEW] Rail carrier minimum crew size required, and criminal penalties imposed. http://bitly.com/WpVlGX","","","","834874577717198848","https://twitter.com/LegiScanMN/status/834874577717198848"
"hannah_hollen","2017-02-23 19:42","0","0","Question the Wall Itself: ""As Far as Possible"" What walls surround https://www.instagram.com/p/BQ3cGXSFzVRwouKyk3KW8byU8EEbF9ff1qrQ-I0/ ","","","","834850911642144768","https://twitter.com/hannah_hollen/status/834850911642144768"
"LegiScanMN","2017-02-23 03:57","0","0","HF1601 [NEW] Trespass expanded to include trespassing on a school bus, and criminal penalty imposed. http://bitly.com/WkNcDJ","","","","834613049885552640","https://twitter.com/LegiScanMN/status/834613049885552640"
"LegiScanMN","2017-02-22 22:06","0","0","SF1308 [NEW] Prescription drug price comparison human services commissioner online interactive application establ... http://bitly.com/YtLI8U","","","","834524751431397377","https://twitter.com/LegiScanMN/status/834524751431397377"
"LegiScanMN","2017-02-22 21:06","0","1","HF1269 [NEW] 340B drug identification and report process development required, alternative payment methodology fo... http://bitly.com/YPKxRc","","","","834509690528751616","https://twitter.com/LegiScanMN/status/834509690528751616"
"LegiScanMN","2017-02-22 20:16","0","0","HF1534 [NEW] Specialized opioid addiction treatment programs developed, wholesale drug distributor tax modified, ... http://bitly.com/YH1GMY","","","","834497087500853248","https://twitter.com/LegiScanMN/status/834497087500853248"
"BrentGeeMusic","2017-02-22 19:02","0","4","""Goodbye Mexico"" remix coming along . . . #brentgee #progressivehouse #techhouse https://www.instagram.com/p/BQ0yyQwAJmb/","","","#brentgee #progressivehouse #techhouse","834478576896528384","https://twitter.com/BrentGeeMusic/status/834478576896528384"
"wheresthemind","2017-02-22 16:48","0","0","you're alright, wall @Minneapolis, Minnesota https://www.instagram.com/p/BQ0jX7Gg_qS/","","@Minneapolis","","834444689793249280","https://twitter.com/wheresthemind/status/834444689793249280"
"erinnapoli","2017-02-22 16:40","0","0","Saw this on a friend's wall and had to share it! .. .. .. #mompreneur #momlife #smallbusiness https://www.instagram.com/p/BQ0ifFxF8dF/","","","#mompreneur #momlife #smallbusiness","834442740830199808","https://twitter.com/erinnapoli/status/834442740830199808"
"LegiScanMN","2017-02-22 07:56","0","0","SF1261 [NEW] Firearm transfers criminal background checks requirement http://bitly.com/XWJSgx","","","","834310801318096896","https://twitter.com/LegiScanMN/status/834310801318096896"
"BrentGeeMusic","2017-02-21 19:09","0","0","And we are back at it again. Mexico you have a deep place in my . I will unlock my inner https://www.instagram.com/p/BQyOwvvgKhK/","","","","834117889074544640","https://twitter.com/BrentGeeMusic/status/834117889074544640"
"LegiScanMN","2017-02-21 09:46","0","0","HF1481 [NEW] Assaulting firefighters or medical personnel enhanced criminal penalties provided. http://bitly.com/WsVNo3","","","","833976171050172416","https://twitter.com/LegiScanMN/status/833976171050172416"
"storminspank","2017-02-21 01:13","0","0","THE WALL. IT'S BIG AND IT'S COLD. #gameofthrones @Xcel Energy Center https://www.instagram.com/p/BQwTmpiDu7J/","","@Xcel","#gameofthrones","833847060499685378","https://twitter.com/storminspank/status/833847060499685378"
"Hammarstedt09","2017-02-21 00:18","0","1","Cheers to Monday being almost over! And cheers to a little Mexico getaway with the sis, https://www.instagram.com/p/BQwNSoKDAxW/","","","","833833182218874880","https://twitter.com/Hammarstedt09/status/833833182218874880"
"saramontour","2017-02-20 15:21","0","0","The sweetest sisters + the Wall O' Love. @Sara Montour  Photographer https://www.instagram.com/p/BQvP0CKB_X1/","","@Sara","","833697985963847680","https://twitter.com/saramontour/status/833697985963847680"
"LegiScanMN","2017-02-20 15:06","0","0","HF1134 [NEW] Prescription drug order filling time limited for opioid drugs. http://bitly.com/Wv7Hxy","","","","833694300726771714","https://twitter.com/LegiScanMN/status/833694300726771714"
"LegiScanMN","2017-02-20 13:46","0","0","HF929 [NEW] Pass requirement for use of state-supported trails amended, rulemaking authorized, and criminal penal... http://bitly.com/YGhG1I","","","","833674127395393541","https://twitter.com/LegiScanMN/status/833674127395393541"
"LegiScanMN","2017-02-19 11:16","0","0","SF1184 [NEW] Biological products substitution standards establishment and harmaceutical drug definition modification http://bitly.com/XWx3Ta","","","","833273973303558144","https://twitter.com/LegiScanMN/status/833273973303558144"
"YojiShimizu","2017-02-18 22:34","0","2","2220bluetwilight wall of fame at Eagan High @Eagan High School https://www.instagram.com/p/BQq32erlqf0/","","@Eagan","","833082350691041282","https://twitter.com/YojiShimizu/status/833082350691041282"
"BhealthyB","2017-02-18 19:36","0","0","Wall sits though. #BhealthyB #fit #legday @LA Fitness Brooklyn Park https://www.instagram.com/p/BQqjaCvA45v/","","@LA","#BhealthyB #fit #legday","833037384795164672","https://twitter.com/BhealthyB/status/833037384795164672"
"DakotaStudent","2017-02-18 17:29","0","2","Keynote speaker Steven Listopad talking about the John Wall New Voices Act bill that passed in https://www.instagram.com/p/BQqUso2hUg4/","","","","833005604394323969","https://twitter.com/DakotaStudent/status/833005604394323969"
"SkolKeyman","2017-02-18 03:39","0","0","Family meeting resolved. Now time for wings.... - Drinking a Wall's End at @rayjsamergrill - http://untp.beer/s/c418508743","","@rayjsamergrill","","832796616545415168","https://twitter.com/SkolKeyman/status/832796616545415168"
"WelcomeMCR","2017-02-17 22:15","0","0","I'm at ND/SD Border in Hankinson, ND https://www.swarmapp.com/c/64zqdvTQI2V","","","","832715116529537024","https://twitter.com/WelcomeMCR/status/832715116529537024"
"LegiScanMN","2017-02-17 19:36","0","0","HF1391 [NEW] Wage theft prohibited, payment of wages modified, civil and criminal penalties increased, administra... http://bitly.com/VG96Rv","","","","832675028407685120","https://twitter.com/LegiScanMN/status/832675028407685120"
"uselessFTP","2017-02-16 18:41","0","0","So, if the ""leaks are criminal"" but the leaked information was ""fake news"", then the leak couldn't possibly be criminal. Right?","","","","832298978360303617","https://twitter.com/uselessFTP/status/832298978360303617"
"LegiScanMN","2017-02-16 09:56","0","0","SF1047 [NEW] Background checks consistency for bureau of criminal apprehension (BCA) http://bitly.com/Yk9hRi","","","","832166755271372800","https://twitter.com/LegiScanMN/status/832166755271372800"
"WelcomeMCR","2017-02-16 02:47","0","0","I'm at ND/SD Border in Hankinson, ND https://www.swarmapp.com/c/iRliPfdwhUU","","","","832058713473216512","https://twitter.com/WelcomeMCR/status/832058713473216512"
"Mirrorlllusions","2017-02-15 22:24","0","0","""Target C.E.O Brian Cornell (Left) & Best Buy C.E.O Hubert Joly (Right) worry that a border https://www.instagram.com/p/BQjIVbKDBWB/","","","","831992693739896832","https://twitter.com/Mirrorlllusions/status/831992693739896832"
"russellrathbun","2017-02-14 17:39","0","0","Episode 3 up now, The Great Wall of China and The Salton Sea #podcast #saltonsea https://www.instagram.com/p/BQgC5jUDn3V/","","","#podcast #saltonsea","831558527063846913","https://twitter.com/russellrathbun/status/831558527063846913"
"elchris","2017-02-14 16:47","0","0","Delicious Valentine's Day cake. It feels criminal to eat it. #cake #valentine @Amore Coffee https://www.instagram.com/p/BQf87PwDmq5/","","@Amore","#cake #valentine","831545392034615296","https://twitter.com/elchris/status/831545392034615296"
"nfears32","2017-02-14 04:39","0","0","Friends who Wall Sit together Stay together Join us for a fun https://www.instagram.com/p/BQepo8egbvmWzVCCQUq5mUHTOE2PlphQDBzgUk0/ ","","","","831362248165748736","https://twitter.com/nfears32/status/831362248165748736"
"shawnmcmaster","2017-02-13 06:42","0","0","A busy weekend of lectures! Thanks to Jim and the gang at Twin Cities Magic in St. Paul, MN and https://www.instagram.com/p/BQcS5wYFr-v/","","","","831030773335592961","https://twitter.com/shawnmcmaster/status/831030773335592961"
"RainyDre__","2017-02-12 22:44","0","0","Alphabet Wall. @hunt & gather https://www.instagram.com/p/BQbcNNbAxW0/","","@hunt","","830910490385719296","https://twitter.com/RainyDre__/status/830910490385719296"
"KingMuhneyy12","2017-02-12 17:39","0","1","Call up the gang & they come n get ya @DeLaSalle High School https://www.instagram.com/p/BQa5TvmlsCF/","","@DeLaSalle","","830833761763880960","https://twitter.com/KingMuhneyy12/status/830833761763880960"
"pinya_for_life","2017-02-12 15:11","0","0","Just a friendly reminder that my dad is a beast. #beautiful #heart #mexico #unitedstates #pride https://www.instagram.com/p/BQaoUHVA4cF/","","","#beautiful #heart #mexico #unitedstates #pride","830796380599943170","https://twitter.com/pinya_for_life/status/830796380599943170"
"cfranklinphotos","2017-02-12 05:15","0","1","Pictures on the wall at Postmark Grille in Hudson, WI. #thepostmarkgrille #HudsonWI #hudson https://www.instagram.com/p/BQZkNJ9AxtA/","","","#thepostmarkgrille #HudsonWI #hudson","830646604998787072","https://twitter.com/cfranklinphotos/status/830646604998787072"
"Melchievous","2017-02-11 21:02","0","1","Nothing says I'm ready for Mexico, more than zinc, Advil, a plastic tumbler, and sugar. https://www.swarmapp.com/c/gvptgMzRxsq pic.twitter.com/iGJ8repVDJ","","","","830522415163772928","https://twitter.com/Melchievous/status/830522415163772928"
"Markysparkly","2017-02-11 19:32","0","0","FM was wall to wall but not here for breakfast. Hmmm good coffee too. (@CC Club in Minneapolis, MN) https://www.swarmapp.com/c/a3tAcPhFtZG","","@CC","","830499878371520516","https://twitter.com/Markysparkly/status/830499878371520516"
"rubybeth","2017-02-11 16:35","0","0","My coworker's collection of pop-up books is incredible--they fill a wall in her office // https://www.instagram.com/p/BQYNMLYgGAK/","","","","830455256844791808","https://twitter.com/rubybeth/status/830455256844791808"
"Jena9286","2017-02-10 20:44","0","0","I found our field hanging on the wall at the new Twins Grill at the https://www.instagram.com/p/BQWE4dpB8Y4iq4bd_dY-R0B-RotJlA9-fo9XOs0/ ","","","","830155509864898560","https://twitter.com/Jena9286/status/830155509864898560"
"dustingrice","2017-02-10 00:10","0","2","Always a pleasure hanging out & shooting with Ben Austin, shadow homies on the wall know what's https://www.instagram.com/p/BQT3mcWAY2e/","","","","829844836501028865","https://twitter.com/dustingrice/status/829844836501028865"
"JasperCMorgan","2017-02-09 19:21","0","0","Extra wall time preparing for summer job while hanging with the.incredible.holt Who is https://www.instagram.com/p/BQTWkbEgzuR/","","","","829772195400409088","https://twitter.com/JasperCMorgan/status/829772195400409088"
"saramontour","2017-02-09 17:33","0","0","Will you use the wall for good or evil? #walloflovesessions @Vandalia Tower https://www.instagram.com/p/BQTKMYWAIdw/","","@Vandalia","#walloflovesessions","829744980923125760","https://twitter.com/saramontour/status/829744980923125760"
"BuildItMpls","2017-02-09 16:56","0","1","Addiction should not be a criminal issue, it should be a public health issue. #secondchance https://www.instagram.com/p/BQTF-24DwvR/","","","#secondchance","829735719644045314","https://twitter.com/BuildItMpls/status/829735719644045314"
"KWollbear","2017-02-09 16:54","0","0","Ready for 85. Mexico here we come. #vacation #mexico #vitalvb https://www.instagram.com/p/BQTFv7XBtFTzTCEpIjIf5m4TCCNaddftturiIc0/ ","","","#vacation #mexico #vitalvb","829735205833289728","https://twitter.com/KWollbear/status/829735205833289728"
"saramontour","2017-02-08 18:11","0","0","The Wall doesn't ALWAYS bring happiness, it seems. #walloflovesessions @Sara Montour  https://www.instagram.com/p/BQQpwWoAjB7/","","@Sara","#walloflovesessions","829392173800050705","https://twitter.com/saramontour/status/829392173800050705"
"joshthebandboy","2017-02-08 14:52","0","1","He said he'd make America great again but our nighttime TV shows still don't have live big bands","","","","829342245174272001","https://twitter.com/joshthebandboy/status/829342245174272001"
"LovelyMpls","2017-02-08 13:32","0","1","thephantomhand and I painting a wall in The Makery space at Target. It's a new space for Target https://www.instagram.com/p/BQQJ3YTArXj/","","","","829322044198232064","https://twitter.com/LovelyMpls/status/829322044198232064"
"TomRoarty","2017-02-06 20:44","0","0","Yours truly just waiting for the next group of @crashedice racers to take out the wall behind me https://www.instagram.com/p/BQLxtcEFbYW/","","@crashedice","","828705981068693505","https://twitter.com/TomRoarty/status/828705981068693505"
"IowaTaylor","2017-02-06 03:43","0","0","Cargill at Odds With Trump as It Warns on Immigration, Trade - Bloomberg https://www.bloomberg.com/news/articles/2017-02-05/cargill-at-odds-with-trump-as-it-warns-on-immigration-trade ","","","","828449044334780416","https://twitter.com/IowaTaylor/status/828449044334780416"
"LegiScanMN","2017-02-06 00:16","0","0","SF593 [NEW] Prescription drug coverage prior authorization requirements modification; prescription drug benefit t... http://bitly.com/YDE2Rr","","","","828396796238032897","https://twitter.com/LegiScanMN/status/828396796238032897"
"LegiScanMN","2017-02-05 21:56","0","0","SF536 [NEW] Pharmacists drug refill without a prescription authority authorization and health plan coverage requi... http://bitly.com/XQjpB2","","","","828361642568212481","https://twitter.com/LegiScanMN/status/828361642568212481"
"J_Simms87","2017-02-05 17:29","0","0","I made it up the 12 ft warped wall!! It took me 5-6 times but I https://www.instagram.com/p/BQI2lCEANkLRqKnQIVQfxvPnDf4V_HBR32rtbo0/ ","","","","828294478612021249","https://twitter.com/J_Simms87/status/828294478612021249"
"cali_pygian","2017-02-05 03:39","0","0","Choir, beer, and the gang's all here @Lake Monster Brewing https://www.instagram.com/p/BQHXl3uAlBB/","","@Lake","","828085592143646720","https://twitter.com/cali_pygian/status/828085592143646720"
"Travis_Burton","2017-02-04 21:10","0","0","@SuitTieDelivery is making a run to the border, want some Taquitos? (@El Loro Mexican Restaurant in Burnsville, MN) https://www.swarmapp.com/c/622ERr8pHLV","","@SuitTieDelivery @El","","827987782878502912","https://twitter.com/Travis_Burton/status/827987782878502912"
"saramontour","2017-02-03 23:47","0","0","Holy. Moses. You GUYS. Lisa just instagrammed this photo of the finished Wall O' Love and I https://www.instagram.com/p/BQEYPTdAI5-/","","","","827664803107893248","https://twitter.com/saramontour/status/827664803107893248"
"SWISHHH47","2017-02-03 20:31","0","0","Headin to the lab LITTY off that #culture #migos #kellyprice #gang #swishteam @Minneapolis, https://www.instagram.com/p/BQEB2eQDFEj/","","@Minneapolis","#culture #migos #kellyprice #gang #swishteam","827615572313698304","https://twitter.com/SWISHHH47/status/827615572313698304"
"saramontour","2017-02-03 16:52","0","0","Lisa is adding to the wall today for our #walloflovesessions over the next couple of weeks! If https://www.instagram.com/p/BQDoxBRgGNc/","","","#walloflovesessions","827560412602368000","https://twitter.com/saramontour/status/827560412602368000"
"LegiScanMN","2017-02-03 16:16","0","0","HF747 [NEW] Prescription drug coverage prior authorization requirements modified, and drug benefit transparency d... http://bitly.com/Wem2hV","","","","827551319493849088","https://twitter.com/LegiScanMN/status/827551319493849088"
"LegiScanMN","2017-02-03 15:06","0","0","HF762 [NEW] Enhanced criminal penalties for crimes motivated by bias created. http://bitly.com/W6qWgK","","","","827533669778804736","https://twitter.com/LegiScanMN/status/827533669778804736"
"LegiScanMN","2017-02-03 10:46","0","0","HF798 [NEW] Criminal record expungement without petition authorized for individuals not guilty of a crime as a re... http://bitly.com/YItPTQ","","","","827468250984378369","https://twitter.com/LegiScanMN/status/827468250984378369"
"rysiphoto","2017-02-03 03:22","0","0","@crashedice #Freestyle! @unrlco athlete djbergeson #backflips off the big wall! #extremesports https://www.instagram.com/p/BQCMFZ3Da9y/","","@crashedice @unrlco","#Freestyle #backflips #extremesports","827356601694707713","https://twitter.com/rysiphoto/status/827356601694707713"
"rysiphoto","2017-02-02 21:32","0","2","#CrashedIce @mayorcoleman coming off of the @bfgoodrichtires wall this afternoon at the #StPaul https://www.instagram.com/p/BQBj92EjGaH/","","@mayorcoleman @bfgoodrichtires","#CrashedIce #StPaul","827268383611564036","https://twitter.com/rysiphoto/status/827268383611564036"
"PastorSteph","2017-02-02 14:43","0","1","The gang is together! Heading to Austin with three of my favorite women! @ifgathering https://www.instagram.com/p/BQA1JtfFKiP/","","@ifgathering","","827165437662216194","https://twitter.com/PastorSteph/status/827165437662216194"
"quornflour","2017-02-02 03:00","0","1","Sweets in front of a brick wall, that's a thing right? #eattherainbow #food #foodphotography http://ln.is/www.instagram.com/p/uGjzK ","","","#eattherainbow #food #foodphotography","826988723157995521","https://twitter.com/quornflour/status/826988723157995521"
"thingsiwander","2017-02-01 07:47","0","1","Now that is a wall full of booze. Downtown St. Paul is killing it on a Tuesday night at https://www.instagram.com/p/BP9gzFwBKai/","","","","826698467439374336","https://twitter.com/thingsiwander/status/826698467439374336"
"LegiScanMN","2017-01-31 18:56","0","0","HF671 [NEW] Permanent tax reduction authority provided to border city enterprise zones. http://bitly.com/WCBpkm","","","","826504526383431681","https://twitter.com/LegiScanMN/status/826504526383431681"
"ViolenceFreeMN","2017-01-31 15:15","0","0","Maplewood Police Chief Paul Schnell speaks on criminal justice system response at the Tennessee https://www.instagram.com/p/BP7vO-iDFlB/","","","","826448736989671425","https://twitter.com/ViolenceFreeMN/status/826448736989671425"
"HelpBoardshop","2017-01-31 01:56","0","0","We have this 8.5 @alienworkshop deck on the wall and YES, like every deck we sell, it comes with https://www.instagram.com/p/BP6T4hsBZzv/","","@alienworkshop","","826247847255289857","https://twitter.com/HelpBoardshop/status/826247847255289857"
"LonnieMcQ","2017-01-30 17:06","0","0","Small Businesses Uneasy Over Border-Adjustment Tax Plan - WSJ http://www.wsj.com/articles/small-businesses-uneasy-over-border-adjustment-tax-plan-1485712646 ","","","","826114499279089665","https://twitter.com/LonnieMcQ/status/826114499279089665"
"JordanLayneJohn","2017-01-30 16:34","0","1","Can't focus on anything because Mexico is 2 days away","","","","826106228967370752","https://twitter.com/JordanLayneJohn/status/826106228967370752"
"forgivenfound","2017-01-30 01:24","0","1","Just a fun time studying Immigration Law on a Sunday night after a tasty wrap (kinda forgot to https://www.instagram.com/p/BP3rW-SjHf9/","","","","825877260444037120","https://twitter.com/forgivenfound/status/825877260444037120"
"Green_Leaf_Art","2017-01-29 21:36","0","0","Sometimes I like to paint for myself (& my studio wall) & this is one of my favorite https://www.instagram.com/p/BP3RQGahgqJ/","","","","825819851423784960","https://twitter.com/Green_Leaf_Art/status/825819851423784960"
"mediachef","2017-01-29 20:49","0","0","Ice wall waiting for Miko Simmons. #blecteic #greatnorthern @_lailanasir_ @Barbette https://www.instagram.com/p/BP3L8joArs_/","","@_lailanasir_ @Barbette","#blecteic #greatnorthern","825808181326643200","https://twitter.com/mediachef/status/825808181326643200"
"LegiScanMN","2017-01-29 02:06","0","0","SF498 [NEW] Western border city enterprise zones permanent tax reduction http://bitly.com/Y3nVMI","","","","825525435496878080","https://twitter.com/LegiScanMN/status/825525435496878080"
"melissaagoodson","2017-01-28 19:39","0","0","Ice wall at the saintpaulwintercarnival. #ice #winteriscool @Saint https://www.instagram.com/p/BP0e7jZBUFMgKBbUzkhDRPbqNPp46wAWiFGygw0/ ","","@Saint","#ice #winteriscool","825428112578056193","https://twitter.com/melissaagoodson/status/825428112578056193"
"saramontour","2017-01-27 18:58","0","0","Lisa is killin' it on the Wall O' Love today! 10 in 10 Sessions are tomorrow and there are still https://www.instagram.com/p/BPx1k0lA2fQ/","","","","825055302911397888","https://twitter.com/saramontour/status/825055302911397888"
"LegiScanMN","2017-01-27 10:56","0","0","HF585 [NEW] Erroneous criminal records correction provided. http://bitly.com/W44sgn","","","","824934015090229249","https://twitter.com/LegiScanMN/status/824934015090229249"
"robmonroe","2017-01-27 05:29","0","0","@LynseyVanNevel Newnan was mentioned in Criminal Minds :)","","@LynseyVanNevel","","824851822988840960","https://twitter.com/robmonroe/status/824851822988840960"
"MastermindAlpo","2017-01-27 02:50","0","0","This guy, Mike A. , is a great host... This guy, Darin, is a t... (Exorcism Of Rachel Wall) http://untp.beer/s/c410228625 #photo","","","#photo","824811756086235137","https://twitter.com/MastermindAlpo/status/824811756086235137"
"BradNeums","2017-01-27 00:28","0","0","Still can't believe this happened. Finally got our pictures up on the All-American wall! Can't https://www.instagram.com/p/BPv2mDBlNBO/","","","","824776074726891520","https://twitter.com/BradNeums/status/824776074726891520"
"LegiScanMN","2017-01-27 00:26","0","0","HF592 [NEW] Alcohol and Other Drug Abuse Advisory Council eliminated. http://bitly.com/YxKPMu","","","","824775655262998528","https://twitter.com/LegiScanMN/status/824775655262998528"
"GeorgeReese","2017-01-26 15:10","0","0","Sure we do. If they are on the immigration ban list, hes not getting payments. If they are not in the list, he is getting payments. https://twitter.com/washingtonpost/status/824602574183604224 ","","","","824635574652956673","https://twitter.com/GeorgeReese/status/824635574652956673"
"LegiScanMN","2017-01-26 02:27","0","0","SF395 [NEW] Nonprofit nursing facilities in border cities operating payment rate modification http://bitly.com/Y2f6CY","","","","824443520039653380","https://twitter.com/LegiScanMN/status/824443520039653380"
"LegiScanMN","2017-01-24 13:06","0","0","HF396 [NEW] Forensic laboratory fee created in criminal cases. http://bitly.com/WxB7uZ","","","","823879630247567360","https://twitter.com/LegiScanMN/status/823879630247567360"
"LegiScanMN","2017-01-24 11:06","0","0","HF470 [NEW] Public safety motor vehicle tampering crime created, and criminal penalties established. http://bitly.com/WlZxHO","","","","823849483079450624","https://twitter.com/LegiScanMN/status/823849483079450624"
"LegiScanMN","2017-01-24 08:46","0","0","HF453 [NEW] Acts resulting in death or bodily harm to a pet or companion animal criminal penalties provided, and ... http://bitly.com/WIvHO1","","","","823814122823417856","https://twitter.com/LegiScanMN/status/823814122823417856"
"LegiScanMN","2017-01-24 07:06","0","0","HF443 [NEW] Pharmacists allowed to provide a drug refill without a prescription, insurance coverage required, and... http://bitly.com/WFBvb3","","","","823789060737105920","https://twitter.com/LegiScanMN/status/823789060737105920"
"LegiScanMN","2017-01-24 01:16","0","0","HF474 [NEW] Medical Practice Board criminal background checks authorized, and physicians exempted from criminal b... http://bitly.com/YC7Bmp","","","","823700931648880641","https://twitter.com/LegiScanMN/status/823700931648880641"
"lizzie_b","2017-01-23 17:06","0","0","Surely the most Instagrammed wall in MPLS? @The Bachelor Farmer https://www.instagram.com/p/BPnVp8VA2WE/","","@The","","823577734261735424","https://twitter.com/lizzie_b/status/823577734261735424"
"LegiScanMN","2017-01-23 06:37","0","0","SF251 [NEW] Criminal surcharge fees disbursement modification; peace officer training account dedicated amount es... http://bitly.com/W3EaL6","","","","823419445611663360","https://twitter.com/LegiScanMN/status/823419445611663360"
"LegiScanMN","2017-01-23 05:46","0","0","SF300 [NEW] Medical practice board criminal background checks authorization and exemption http://bitly.com/W6aFs4","","","","823406510160089088","https://twitter.com/LegiScanMN/status/823406510160089088"
"LegiScanMN","2017-01-23 05:28","0","0","SF252 [NEW] Pet or companion animal death or bodily harm infliction criminal penalties imposition http://bitly.com/Y0QieC","","","","823401987714719746","https://twitter.com/LegiScanMN/status/823401987714719746"
"sevenspokesbike","2017-01-23 04:32","0","0","2nd glance. Slat wall is up. Next: counter, trim, and door for the newly built bike room. https://www.instagram.com/p/BPl_WzqhDdS/","","","","823387960640827392","https://twitter.com/sevenspokesbike/status/823387960640827392"
"MRJJA","2017-01-23 02:52","0","1","They even had a #Motorhead #van painted on a wall at the #Minneapolis Institute of #Art. The https://www.instagram.com/p/BPlzhLzhnXw/","","","#Motorhead #van #Minneapolis #Art","823362808569962496","https://twitter.com/MRJJA/status/823362808569962496"
"AJHokes","2017-01-23 02:23","0","1","mexico was fun and all, but I am pretty excited to go back to duluth and sit in the middle of https://www.instagram.com/p/BPlwY_gD3lY/","","","","823355361692360704","https://twitter.com/AJHokes/status/823355361692360704"
"jessjhanson","2017-01-22 22:30","0","0","Tripod plyo push up to wall. Because I can't do them from my toes. Yet. #somedaymaybe #sweat @ https://www.instagram.com/p/BPlV9iZAMxt/","","@","#somedaymaybe #sweat","823296931766161409","https://twitter.com/jessjhanson/status/823296931766161409"
"MsChris1221","2017-01-22 19:13","0","1","Found the #memorial pucks of 3 late #mnwild fans on the new puck wall at Xcel. In memory of my https://www.instagram.com/p/BPk_ZgcAZXb/","","","#memorial #mnwild","823247316907913218","https://twitter.com/MsChris1221/status/823247316907913218"
"Mirrorlllusions","2017-01-22 07:25","0","0","It's a wall calendar on January 2017 of the #GreatestEver #MuhammadAli #RIP #CHAMP @Whittier Place https://www.instagram.com/p/BPjuWLdDqeD/","","@Whittier","#GreatestEver #MuhammadAli #RIP #CHAMP","823069081842675712","https://twitter.com/Mirrorlllusions/status/823069081842675712"
"Earth_Tourist","2017-01-22 00:50","0","0","Wall art @Nacho Mama's https://www.instagram.com/p/BPjBHkPhMMJ/","","@Nacho","","822969623519727618","https://twitter.com/Earth_Tourist/status/822969623519727618"
"raychelanne23","2017-01-21 23:34","0","0","Border battle ##OT @Williams Arena https://www.instagram.com/p/BPi4Yg6BMfPzZyl8Tlb8gOquFBSKIj7fDk_ymI0/ ","","@Williams","# #OT","822950417097060352","https://twitter.com/raychelanne23/status/822950417097060352"
"dunlap05","2017-01-21 19:36","0","0","Hands too small, can't build the wall! @Minnesota State Capitol https://www.instagram.com/p/BPidJcChAz4/","","@Minnesota","","822890525418135553","https://twitter.com/dunlap05/status/822890525418135553"
"mer3110","2017-01-21 18:41","0","0","Actual starting place of the Mississippi beginning to flow to the Gulf of Mexico. #pizitzlearns https://www.instagram.com/p/BPiW7Mlj5Kj/","","","#pizitzlearns","822876841706930177","https://twitter.com/mer3110/status/822876841706930177"
"tonyzaccardi","2017-01-21 04:45","0","15","Up in Coleraine, MN right now. Heading to the CAN border for a day of ice drinking at 5am. (I hate fishing). But a fun day with inlaws!","","","","822666303878164480","https://twitter.com/tonyzaccardi/status/822666303878164480"
"MSP_Legend","2017-01-21 02:40","0","0","They pulled out the WIN ...may go celebrate this won at Ol Mexico #RAHSpic.twitter.com/P4ff5wgRhZ","","","#RAHSpic","822634827522473984","https://twitter.com/MSP_Legend/status/822634827522473984"
