"username","date","retweets","favorites","text","geo","mentions","hashtags","id","permalink"
"kcbusymom","2017-04-19 23:16","0","0","new food, drug out of the house. #kansascity (@Zos Kitchen - @zoeskitchen in Kansas City, MO) https://www.swarmapp.com/c/7gH7kkbpG09","","@Zos @zoeskitchen","#kansascity","854836152557338624","https://twitter.com/kcbusymom/status/854836152557338624"
"vetbiz","2017-04-19 15:25","1","0","Ahh memories. Where were you when the Wall came down? VBRC President was there. While she is https://www.instagram.com/p/BTEmbGXjMWU/","","","","854717595244781569","https://twitter.com/vetbiz/status/854717595244781569"
"RoxanneKnight","2017-04-19 15:10","0","0","Exploration #graffiti #creativityeveryday #photographer #stlouis @Graffiti Wall https://www.instagram.com/p/BTEkuTYAwZO/","","@Graffiti","#graffiti #creativityeveryday #photographer #stlouis","854713858111549441","https://twitter.com/RoxanneKnight/status/854713858111549441"
"prfgetresults","2017-04-19 02:16","0","0","Looking for healthier drug-free solutions for hair and skin? Schedule your next consultation https://www.instagram.com/p/BTDMEqFFE7s/","","","","854518921499725824","https://twitter.com/prfgetresults/status/854518921499725824"
"petitemachine","2017-04-18 19:48","0","0","So full. I think I'm dying. @Taqueria Mexico Kc #4 https://www.instagram.com/p/BTCfs_GhGTXYQk7NNeDtGxnVbSwr4OQjnwBWGE0/ ","","@Taqueria","#4","854421339200815104","https://twitter.com/petitemachine/status/854421339200815104"
"abigailulmerr","2017-04-18 18:02","0","0","Already missing having the gang all together @Blue Springs, Missouri https://www.instagram.com/p/BTCTjaalRXSGrgCyolFK-DdcwGFmPTPSGiMYgM0/ ","","@Blue","","854394635418030080","https://twitter.com/abigailulmerr/status/854394635418030080"
"pauljeffersonks","2017-04-18 15:54","0","0","I'm at Rock Wall At Ambler Student Recreational Facility in Lawrence, KS https://www.swarmapp.com/c/lA0q5UGrrnN","","","","854362608304103424","https://twitter.com/pauljeffersonks/status/854362608304103424"
"gskygreenwalls","2017-04-17 21:59","1","0","This wall is at the Shawnee Mission School District, the largest school district in Kansas City. https://www.instagram.com/p/BTAJ3f2DhpX/","","","","854091850319364096","https://twitter.com/gskygreenwalls/status/854091850319364096"
"thefinley","2017-04-17 17:56","0","0","Why is the table plugged into the wall?","","","","854030783765512197","https://twitter.com/thefinley/status/854030783765512197"
"zdfs","2017-04-17 16:37","0","0","That is interesting. My only thing is that the bull is associated with bull market, Wall St., etc. Corrupted, basically.","","","","854011017772380160","https://twitter.com/zdfs/status/854011017772380160"
"pauljeffersonks","2017-04-17 15:28","0","0","I'm at Rock Wall At Ambler Student Recreational Facility in Lawrence, KS https://www.swarmapp.com/c/eA900WvqzML","","","","853993694977982464","https://twitter.com/pauljeffersonks/status/853993694977982464"
"dutchnewmanis","2017-04-17 02:15","1","2","Out here with the gang @jlbhood @therealJoeyCool tfoulk54 @scarthemonsterr @suli4q blvd816 https://www.instagram.com/p/BS-CbSQABuH/","","@jlbhood @therealJoeyCool @scarthemonsterr @suli4q","","853794008073633793","https://twitter.com/dutchnewmanis/status/853794008073633793"
"TheGaunce","2017-04-16 21:35","0","0","#TURNstl #Turneats the wall of records at the and chef Dave. dakstl getting ready for his https://www.instagram.com/p/BS9iYzVBVgw/","","","#TURNstl #Turneats","853723559566336000","https://twitter.com/TheGaunce/status/853723559566336000"
"AmanCraig22","2017-04-16 20:04","0","0","I'm at Optimist Ball Park in Mexico, MO https://www.swarmapp.com/c/9Mtg0VCM1Vl","","","","853700611216429058","https://twitter.com/AmanCraig22/status/853700611216429058"
"Griffdog2017","2017-04-16 18:01","0","1","Drinking an Urban Gang by @urbanchestnut at @urbanchestnut  http://untp.beer/s/c441293457","","@urbanchestnut @urbanchestnut","","853669645072691200","https://twitter.com/Griffdog2017/status/853669645072691200"
"QT904","2017-04-16 06:05","0","0","regrann from @doughhunter - With @QT904 & the gang! #HowItHappened - #regrann @Ft. https://www.instagram.com/p/BS73_NgFrRZ/","","@doughhunter @QT904 @Ft","#HowItHappened #regrann","853489591004909568","https://twitter.com/QT904/status/853489591004909568"
"Tawnymenster","2017-04-15 21:07","0","0","Much love for my gang @Cmu Cox Softball Complex https://www.instagram.com/p/BS65xYmBJWY/","","@Cmu","","853354048010854400","https://twitter.com/Tawnymenster/status/853354048010854400"
"DanSTL77","2017-04-15 19:27","0","0","Graffiti #downtownstl #STL @Graffiti Wall https://www.instagram.com/p/BS6u6_pjTR3/","","@Graffiti","#downtownstl #STL","853328937749032961","https://twitter.com/DanSTL77/status/853328937749032961"
"DanSTL77","2017-04-15 19:05","0","0","Graffiti #STL #downtownstl @Graffiti Wall https://www.instagram.com/p/BS6sagkDYNL/","","@Graffiti","#STL #downtownstl","853323395689328643","https://twitter.com/DanSTL77/status/853323395689328643"
"DanSTL77","2017-04-15 19:04","0","0","Graffiti #downtownstl #STL @Graffiti Wall https://www.instagram.com/p/BS6sUL_DPbk/","","@Graffiti","#downtownstl #STL","853323173743480833","https://twitter.com/DanSTL77/status/853323173743480833"
"TelSecure","2017-04-14 23:31","0","0","Need your TV wall mounted today? Call SecureTel LLC (636)327-3003 or stop by our showroom: 111 https://www.instagram.com/p/BS4mEgBgZc2/","","","","853027965936037888","https://twitter.com/TelSecure/status/853027965936037888"
"AmanCraig22","2017-04-14 22:53","0","0","I'm at Dagwood Jr. in Mexico, MO https://www.swarmapp.com/c/iOVnVjj1UuR","","","","853018335579172865","https://twitter.com/AmanCraig22/status/853018335579172865"
"TotalTrafficSTL","2017-04-14 21:11","0","0","Overturned vehicle in #WrightCity on I-70 EB before Routes T, stop and go traffic back to St Charles--Warren Cnty Border, delay of 1 min","","","#WrightCity","852992650303197186","https://twitter.com/TotalTrafficSTL/status/852992650303197186"
"utopiaentertain","2017-04-14 20:59","0","0","Tv screens on the wall. Whose coming tonight to the GLOW mixer? Tag your friends! We're getting https://www.instagram.com/p/BS4UoF_B-ce/","","","","852989621625421824","https://twitter.com/utopiaentertain/status/852989621625421824"
"iw3zay3","2017-04-14 18:23","0","0","Williams Gang #squad @Ballpark Village St. Louis https://www.instagram.com/p/BS4C0c_DSwhWGNOPGu3rbY-sEXUrq8EOe7tr2o0/ ","","@Ballpark","#squad","852950454187302912","https://twitter.com/iw3zay3/status/852950454187302912"
"pauljeffersonks","2017-04-14 16:30","0","0","I'm at Rock Wall At Ambler Student Recreational Facility in Lawrence, KS https://www.swarmapp.com/c/53BCpgzW7ix","","","","852922026696298496","https://twitter.com/pauljeffersonks/status/852922026696298496"
"tishponcedeleon","2017-04-14 02:16","0","0","Quite the #Toyota gang! #memorymaker #olathetoyota #raisedroyal #foreverroyal #sweetseats https://www.instagram.com/p/BS2UMA9hJPY/","","","#Toyota #memorymaker #olathetoyota #raisedroyal #foreverroyal #sweetseats","852707166481821696","https://twitter.com/tishponcedeleon/status/852707166481821696"
"SeanWMoore","2017-04-13 22:24","0","0","I am looking for a buyer on 5205 MEXICO GRAVEL ROAD #Columbia #MO #realestate http://tour.circlepix.com/home/5ZP2B2 pic.twitter.com/tR7o3WlbM4","","","#Columbia #MO #realestate","852648648877817857","https://twitter.com/SeanWMoore/status/852648648877817857"
"lori_ingrum","2017-04-13 18:17","0","0","Check out my newest listing in #Mexico! Tell me what you think! #realestate http://tour.circlepix.com/home/AX2X4G pic.twitter.com/qlIbSFg6T5","","","#Mexico #realestate","852586450985951232","https://twitter.com/lori_ingrum/status/852586450985951232"
"TODDStudentApts","2017-04-13 00:34","0","0","BOOK your spot at TODD and you could win a $5000 prize! Could be Mexico, could be a textbook  https://www.instagram.com/p/BSzjvSEA5oR/","","","","852319150974394371","https://twitter.com/TODDStudentApts/status/852319150974394371"
"JMBPSU","2017-04-13 00:19","0","0","I'm at Gang Nam in Overland Park, KS https://www.swarmapp.com/c/bQ3GjLk5ro4","","","","852315315736391684","https://twitter.com/JMBPSU/status/852315315736391684"
"dawncflv","2017-04-12 21:25","1","1","Was out shopping and ran across some cheap wall art that I had to buy. My friend @lindsay_hecker https://www.instagram.com/p/BSzOE69jQi3/","","@lindsay_hecker","","852271521821274112","https://twitter.com/dawncflv/status/852271521821274112"
"thebecker","2017-04-12 18:06","0","1","Carne asada from authentic hole-in-the-wall Mexican joints is the best! #ketology https://www.instagram.com/p/BSy3VXzhs-B/","","","#ketology","852221506473959424","https://twitter.com/thebecker/status/852221506473959424"
"Franco_di_Maso","2017-04-12 17:23","0","0","Missing the Missouri gang @Hermann, Missouri https://www.instagram.com/p/BSyyXHsAKaz/","","@Hermann","","852210568534663171","https://twitter.com/Franco_di_Maso/status/852210568534663171"
"kend0o","2017-04-12 00:59","0","0","You can't hang you ain't gang @Lake of the Ozarks https://www.instagram.com/p/BSw2cu7DMRrdDecui-_YPz3vZlUmp54KQB3wOc0/ ","","@Lake","","851962871496007681","https://twitter.com/kend0o/status/851962871496007681"
"Kelsey_Cannon","2017-04-11 22:25","0","1","Sharp Corner Tavern with my babes ...hole in the wall bars are the https://www.instagram.com/p/BSwwKVAhKuLVnwZTwPbQ23hPqRrY2hAk0O-BxY0/ ","","","","851924265083428864","https://twitter.com/Kelsey_Cannon/status/851924265083428864"
"JCorcione","2017-04-11 17:27","0","0","I'm at Jose Pepper's Border Grill & Cantina in Kansas City, MO https://www.swarmapp.com/c/k0q76V1dDVZ","","","","851849114409218050","https://twitter.com/JCorcione/status/851849114409218050"
"TelSecure","2017-04-11 17:08","0","0","Need your TV wall mounted today? Call SecureTel LLC (636)327-3003 or stop by our showroom: 111 https://www.instagram.com/p/BSwL1QxgA1h/","","","","851844369422352384","https://twitter.com/TelSecure/status/851844369422352384"
"economyofstyle","2017-04-10 22:00","0","0","Brick wall + red stripes = photographic magic #economyofstyle @St. Louis https://www.instagram.com/p/BSuIb-bDoie/","","@St","#economyofstyle","851555431411568640","https://twitter.com/economyofstyle/status/851555431411568640"
"lauraaprez","2017-04-10 21:25","0","0","Wandering through the empty streets of #KansasCity, MO. And yes, this city does border two https://www.instagram.com/p/BSuEdAhA-t6/","","","#KansasCity","851546669292425221","https://twitter.com/lauraaprez/status/851546669292425221"
"keyonharrold","2017-04-10 17:33","0","3","I love my Mom! (Proud Mom wall) home for her B-day @St. Louis https://www.instagram.com/p/BStp9Z-lx0H/","","@St","","851488413484290048","https://twitter.com/keyonharrold/status/851488413484290048"
"ffsprad","2017-04-10 02:23","0","0","Off the wall! @Busch Stadium https://www.instagram.com/p/BSsB0TIDho_iNmoqUQkgbJetkWzCakMgt583y00/ ","","@Busch","","851259417257443329","https://twitter.com/ffsprad/status/851259417257443329"
"stenSOUL","2017-04-10 01:43","0","0","Eye dropped a lil peat wee on the paintlouis wall today. I can smell https://www.instagram.com/p/BSr9LtNDj9AvWFXkyjcXMcVxXFxRLHB9auh05Y0/ ","","","","851249206681522176","https://twitter.com/stenSOUL/status/851249206681522176"
"ByzRiz","2017-04-09 02:49","0","0","Just some wall burm action before calling it a day. #mtb #shred @Two Rivers Mountain Bike Park https://www.instagram.com/p/BSpgAa8gq7f/","","@Two","#mtb #shred","850903569905659904","https://twitter.com/ByzRiz/status/850903569905659904"
"NeenaWill","2017-04-08 16:05","0","1","Caffeine is a wonderful thing! #Starbucks #coffee #GANG @Downtown St. Louis https://www.instagram.com/p/BSoWQn5lNyv/","","@Downtown","#Starbucks #coffee #GANG","850741409686704128","https://twitter.com/NeenaWill/status/850741409686704128"
"TotalTrafficSTL","2017-04-08 08:12","0","0","Accident. 2 right lanes closed on I-70 WB at St Charles--Warren Cnty Border #STLtraffic http://bit.ly/17hxde2","","","#STLtraffic","850622481622867968","https://twitter.com/TotalTrafficSTL/status/850622481622867968"
"rob_8421","2017-04-08 02:41","0","1","First Friday exploring! (@Border Brewing Company - @borderbrewco in Kansas City, MO w/ @chilger2916 @cakes89227) https://www.swarmapp.com/c/6jiPxHNfHEf","","@Border @borderbrewco @chilger2916 @cakes89227","","850539120652943360","https://twitter.com/rob_8421/status/850539120652943360"
"DarinSlyman","2017-04-08 02:35","0","1","So excited for my friends to be home from Mexico! #dsly #lifestyle #media #stl @Brennan's https://www.instagram.com/p/BSm5l9AFwgC/","","@Brennan","#dsly #lifestyle #media #stl","850537636037054465","https://twitter.com/DarinSlyman/status/850537636037054465"
"StacyMinnick","2017-04-08 01:13","0","0","Baseball game #2! Go Hornets! @Mexico High https://www.instagram.com/p/BSmwMjLjOIU/","","@Mexico","#2","850516962543370240","https://twitter.com/StacyMinnick/status/850516962543370240"
"vince_bertucci","2017-04-07 23:00","0","0","Oh snap... new wall pics and the @bearkomplex gear got here in record time!! Come and get it!! @ https://www.instagram.com/p/BSmg8R_AxGV/","","@bearkomplex @","","850483414612443138","https://twitter.com/vince_bertucci/status/850483414612443138"
"amandagaelic","2017-04-07 19:59","0","2","I think I'll just hang out here and read a bit of the wall. #mykindofdecorating #westbottomskc @ https://www.instagram.com/p/BSmMNgDlL7-/","","@","#mykindofdecorating #westbottomskc","850437833458413568","https://twitter.com/amandagaelic/status/850437833458413568"
"wall_brittany","2017-04-06 20:53","0","0","Baby girl, what's hatnin? @Missouri State University https://www.instagram.com/p/BSjtpuVltaS/","","@Missouri","","850089161914814468","https://twitter.com/wall_brittany/status/850089161914814468"
"ImpactSoul","2017-04-06 20:48","0","0","Back in my clubing days...at a little hole in the wall joint in N. Carolina where my cousin Tara https://www.instagram.com/p/BSjtAMVhVQ-/","","","","850087724312739840","https://twitter.com/ImpactSoul/status/850087724312739840"
"spotternetwork","2017-04-05 20:49","2","1","Spotr 0 miles N of FENTON, MO @20:48 UTC Rotating Wall Cloud>-Very very slow rotation observe looking West","","@20","","849725735774322689","https://twitter.com/spotternetwork/status/849725735774322689"
"3143152531y","2017-04-05 04:44","0","0","With all the talk about Mexico , why is no one asking Mexicans to defend Mexico? Fight for their country!","","","","849482876232097793","https://twitter.com/3143152531y/status/849482876232097793"
"spotternetwork","2017-04-05 01:02","0","1","Spotr 2 miles NE of REPUBLIC, MO @19:58 UTC Rotating Wall Cloud>-Wall cloud rotating. Two miles west of Republic. Looking WNW","","@19","","849426927215677440","https://twitter.com/spotternetwork/status/849426927215677440"
"fifiglitterbomb","2017-04-04 20:14","0","0","It's when you're up against the wall that your true character shows. #tuesdaytease #bond https://www.instagram.com/p/BSefkQwFUHH/","","","#tuesdaytease #bond","849354501601595392","https://twitter.com/fifiglitterbomb/status/849354501601595392"
"AdmissionDeanWU","2017-04-04 18:55","0","1","Congrats to all of our admitted students from Utah, New Mexico, Oklahoma, Arizona, Colorado, and https://www.instagram.com/p/BSeWg0kDBf-/","","","","849334585062301701","https://twitter.com/AdmissionDeanWU/status/849334585062301701"
"djjstyles314","2017-04-04 02:58","0","0","- comin soon ""if you know him tag him"" #jstyles2lit @Gang, Missouri https://www.instagram.com/p/BScpCdcAfzZ/","","@Gang","#jstyles2lit","849093848836001792","https://twitter.com/djjstyles314/status/849093848836001792"
"livifriedrich","2017-04-04 01:31","0","1","EVERYTHING is cooooool in Pittsburgh @Graffiti Wall https://www.instagram.com/p/BScYwFxgrjf/","","@Graffiti","","849071939503235073","https://twitter.com/livifriedrich/status/849071939503235073"
"RhinoHybrid","2017-04-03 21:23","0","0","Some say our training is off the wall. We see things differently. #Unconventional https://www.instagram.com/p/BScCpcMlDiw/","","","#Unconventional","849009432398884870","https://twitter.com/RhinoHybrid/status/849009432398884870"
"pauljeffersonks","2017-04-03 15:49","0","0","I'm at Rock Wall At Ambler Student Recreational Facility in Lawrence, KS https://www.swarmapp.com/c/eLPIFXzBAf2","","","","848925432653238273","https://twitter.com/pauljeffersonks/status/848925432653238273"
"lilgraceg","2017-04-02 18:38","0","0","#RESIST means to stand for the people who already make America great. -Aisha Dew @Ladybird Diner https://www.instagram.com/p/BSZK8vBhXkm/","","@Ladybird","#RESIST","848605465294512128","https://twitter.com/lilgraceg/status/848605465294512128"
"VegasSmokeJoint","2017-04-02 11:42","0","1","#openingday #mlb #legendary #roster from a 1961 #yankees gang! I love #baseball & hope those https://www.instagram.com/p/BSYbbhpDAOx/","","","#openingday #mlb #legendary #roster #yankees #baseball","848500971902775296","https://twitter.com/VegasSmokeJoint/status/848500971902775296"
"MotoHoseUSA","2017-04-01 18:51","0","0","Musquin landed on top of tough blocks and slid into the wall like he was sliding into 1st base @ https://www.instagram.com/p/BSWnqCQDfQY/","","@","","848246381580103680","https://twitter.com/MotoHoseUSA/status/848246381580103680"
"eltorreonkc","2017-04-01 17:30","0","0","Baby grand piano for some wall art #kcengagement #eltorreon #kcvenues #kcweddings #kcmo https://www.instagram.com/p/BSWechJgjpP/","","","#kcengagement #eltorreon #kcvenues #kcweddings #kcmo","848226126770184192","https://twitter.com/eltorreonkc/status/848226126770184192"
"RichardShoaf","2017-03-31 16:00","0","0","Just added to our wall for a little girl @Lake Saint Louis, Missouri https://www.instagram.com/p/BSTvThhh7Fo/","","@Lake","","847840990014586881","https://twitter.com/RichardShoaf/status/847840990014586881"
"Branion","2017-03-31 15:11","0","0","Todays run @switchfoot I am my own affliction.There aint no drug 2 make me well.I made a Mess http://ln.is/www.instagram.com/p/Ty6JV ","","@switchfoot","","847828700926267394","https://twitter.com/Branion/status/847828700926267394"
"AlexCamp05","2017-03-31 01:43","0","0","Walmart got us like #Sophiaevangeline @ashlehehe @Mexico, Missouri https://www.instagram.com/p/BSSNPDDB3KU/","","@ashlehehe @Mexico","#Sophiaevangeline","847625435873554432","https://twitter.com/AlexCamp05/status/847625435873554432"
"JCorcione","2017-03-31 00:27","0","0","I'm at Jose Pepper's Border Grill & Cantina in Kansas City, MO https://www.swarmapp.com/c/dPEXIB4ZrdP","","","","847606210274541570","https://twitter.com/JCorcione/status/847606210274541570"
"ArduinoMatthew","2017-03-30 01:22","0","0","Dinner with Gang from the Lab @Mission Taco Joint - Soulard https://www.instagram.com/p/BSPlgeLgCSv/","","@Mission","","847257662194556928","https://twitter.com/ArduinoMatthew/status/847257662194556928"
"djjstyles314","2017-03-29 23:07","0","0","- I had to BosS up 4 A Check - @Gang, Missouri https://www.instagram.com/p/BSPWpOHAgpc/","","@Gang","","847223806267490310","https://twitter.com/djjstyles314/status/847223806267490310"
"davidjhinson","2017-03-29 01:51","1","1","Checkout the new hat wall in the @druryuniversity bookstore! @Drury University https://www.instagram.com/p/BSNEm2phe9x/","","@druryuniversity @Drury","","846902668484227074","https://twitter.com/davidjhinson/status/846902668484227074"
"TotalTrafficSTL","2017-03-29 01:37","0","0","Accident in #SaintPeters on Mexico Rd west of Belleau Crk Rd #STLtraffic http://bit.ly/17hxde2","","","#SaintPeters #STLtraffic","846899165594509312","https://twitter.com/TotalTrafficSTL/status/846899165594509312"
"suaevents","2017-03-29 01:23","0","1","Students making wall art hangings! Thanks to the @yarnbarnks for their help tonight. @KU https://www.instagram.com/p/BSNBYvUFdWW/","","@yarnbarnks @KU","","846895590130659329","https://twitter.com/suaevents/status/846895590130659329"
"RealSparkMarley","2017-03-28 22:20","0","3","MY #GanGBro bankshed700 SINGLE""GANG"" OUT NOW!!! #SOUNDCLOUD #youtube #Datpiff!!! https://www.instagram.com/p/BSMsYwYBCww/","","","#GanGBro #SOUNDCLOUD #youtube #Datpiff","846849406687096833","https://twitter.com/RealSparkMarley/status/846849406687096833"
"RealSparkMarley","2017-03-28 22:19","0","3","MY #GanGBro bankshed700 SINGLE""GANG"" OUT NOW!!! #SOUNDCLOUD #youtube #Datpiff!!! https://www.instagram.com/p/BSMsV6xBm7G/","","","#GanGBro #SOUNDCLOUD #youtube #Datpiff","846849312113909764","https://twitter.com/RealSparkMarley/status/846849312113909764"
"RealSparkMarley","2017-03-28 22:18","0","3","MY #GanGMember bankshed700 SINGLE""GANG"" OUT NOW!!! #SOUNDCLOUD #youtube #Datpiff!!! https://www.instagram.com/p/BSMsPWxB1Di/","","","#GanGMember #SOUNDCLOUD #youtube #Datpiff","846849086137425921","https://twitter.com/RealSparkMarley/status/846849086137425921"
"LegiScanMO","2017-03-28 03:06","0","0","HCB9 [NEW] Modifies provisions relating to criminal proceedings http://bitly.com/2ostI1s","","","","846559143616004096","https://twitter.com/LegiScanMO/status/846559143616004096"
"ChrissiRuns","2017-03-28 02:58","0","3","Tonight's workout looked like this: 1 mile run 100 squats 100 push-ups 100 wall balls 50 https://www.instagram.com/p/BSKnZ5eBppW/","","","","846556977169776640","https://twitter.com/ChrissiRuns/status/846556977169776640"
"PauILy","2017-03-28 01:57","1","0","It's nice to be on the other side of the brown wall. #Clubseats #117Beersinarow. @Scottrade Center https://www.instagram.com/p/BSKgdjaDZ95/","","@Scottrade","#Clubseats #117Beersinarow","846541712268951552","https://twitter.com/PauILy/status/846541712268951552"
"AlexCamp05","2017-03-27 23:47","0","0","Happy 3rd birthday to this little shorty! #moriahpristine pbandj_raza @Mexico, Missouri https://www.instagram.com/p/BSKRlsMBeVk/","","@Mexico","#moriahpristine","846509019678224384","https://twitter.com/AlexCamp05/status/846509019678224384"
"djjstyles314","2017-03-27 23:05","0","0","drizzy_jeff #Jstyles2Lit #sum slight GO BOOK drizzy_jeff RIGHT NOW @Gang, Missouri https://www.instagram.com/p/BSKMt_FgRt8/","","@Gang","#Jstyles2Lit #sum","846498317097996288","https://twitter.com/djjstyles314/status/846498317097996288"
"leahck55","2017-03-27 22:25","0","5","99 bottles of beer on the wall... @Scottrade Center https://www.instagram.com/p/BSKIOGeBZZ9/","","@Scottrade","","846488404455936000","https://twitter.com/leahck55/status/846488404455936000"
"Iamhasnaatkhan","2017-03-27 19:00","1","0","I either dress like Im gong to a red carpet event or like a homeless drug addict. There is no in between.","","","","846436876248662017","https://twitter.com/Iamhasnaatkhan/status/846436876248662017"
"bigeyejim","2017-03-27 18:52","0","0","New Sunnies? #ogieyewear #seraphineyewear #independenteyewear @Eye to Eye Optometry - Mexico, MO https://www.instagram.com/p/BSJvylUgdl4/","","@Eye","#ogieyewear #seraphineyewear #independenteyewear","846434679565815811","https://twitter.com/bigeyejim/status/846434679565815811"
"shoplaville","2017-03-27 17:11","0","0","Happy Monday to all my fellow #girlbosses out there! Tag your shopping gang and favorite https://www.instagram.com/p/BSJkRuLjwz3/","","","#girlbosses","846409378282586115","https://twitter.com/shoplaville/status/846409378282586115"
"stlmixtapeking","2017-03-27 13:16","0","0","regrann from westsidecain - (link in bio) Trap Money Gang Ent. #PRESSPLAY: ""take money https://www.instagram.com/p/BSJJbHEDQVU/","","","#PRESSPLAY","846350331470602240","https://twitter.com/stlmixtapeking/status/846350331470602240"
"CarissaFiggins","2017-03-26 16:08","0","0","Prayer wall at @harvestercc #takeoneleaveone #needprayer? http://HarvesterChristian.org/prayer-wall @ https://www.instagram.com/p/BSG4P3Ghd2L/","","@harvestercc @","#takeoneleaveone #needprayer","846031066922024960","https://twitter.com/CarissaFiggins/status/846031066922024960"
"TelSecure","2017-03-25 23:52","0","0","Need your TV wall mounted today? Call SecureTel LLC (636)327-3003 or stop by our showroom: 111 https://www.instagram.com/p/BSFIihRgK61/","","","","845785414061436928","https://twitter.com/TelSecure/status/845785414061436928"
"AmanCraig22","2017-03-25 20:42","0","1","Fishing with the boy, Cameron and Brooke (@Plunket Park in Mexico, MO) https://www.swarmapp.com/c/iO5ZQK5Ah37","","@Plunket","","845737693204135940","https://twitter.com/AmanCraig22/status/845737693204135940"
"old_sin","2017-03-25 19:59","0","0","Its a gas gang thing @Ferguson, Missouri https://www.instagram.com/p/BSEt2tkAcRGaiEkiL18JIoaCpR7zmhwSRDUStY0/ ","","@Ferguson","","845726733840142337","https://twitter.com/old_sin/status/845726733840142337"
"darciebakes","2017-03-24 23:42","0","0","I probably looked like a creeper/criminal casing this house, but I always love admiring their https://www.instagram.com/p/BSCilIEAnt-/","","","","845420477636120576","https://twitter.com/darciebakes/status/845420477636120576"
"mrs_munsell","2017-03-24 22:43","0","1","Great #quote on the wall at @brennansstl #bar #centralwestendstl @Brennan's https://www.instagram.com/p/BSCb54Hl3gY/","","@brennansstl @Brennan","#quote #bar #centralwestendstl","845405796041216005","https://twitter.com/mrs_munsell/status/845405796041216005"
"TelSecure","2017-03-24 22:27","0","0","Need your TV wall mounted today? Call SecureTel LLC (636)327-3003 or stop by our showroom: 111 https://www.instagram.com/p/BSCaD9IgqO5/","","","","845401739717214208","https://twitter.com/TelSecure/status/845401739717214208"
"fastsignskc","2017-03-24 22:07","0","0","Drab to Fab! Almost impossible to tell it's the same wall! We updated this Country Club Bank https://www.instagram.com/p/BSCXuJkge_t/","","","","845396594690281472","https://twitter.com/fastsignskc/status/845396594690281472"
"TurkeyHillRanch","2017-03-24 22:00","0","0","First Look: We've added a traverse wall in the corner of the gym. In the next couple of weeks we https://www.instagram.com/p/BSCW9SglUzo/","","","","845394918994575361","https://twitter.com/TurkeyHillRanch/status/845394918994575361"
"thefirstdark","2017-03-24 17:45","0","0","Just posted a photo @Mexico, Missouri https://www.instagram.com/p/BSB5xVqgBsM/","","@Mexico","","845330724928540677","https://twitter.com/thefirstdark/status/845330724928540677"
"stevew1952","2017-03-24 14:47","0","0","Wall Art @Near Downtown, Kansas City, Missouri https://www.instagram.com/p/BSBlcs_hgqs/","","@Near","","845286039698624514","https://twitter.com/stevew1952/status/845286039698624514"
"dwward","2017-03-24 12:50","0","0","THIS! backs against the wall, they will finds votes today. https://twitter.com/jonathanweisman/status/845223104427253760 ","","","","845256381854896128","https://twitter.com/dwward/status/845256381854896128"
"Go_Dj_Lante","2017-03-24 05:21","0","0","Gang turnt with @djtab314 #GetInTune #SlipAction @MOOD Ultra Lounge https://www.instagram.com/p/BSAkoJmB4Ht/","","@djtab314 @MOOD","#GetInTune #SlipAction","845143492569444352","https://twitter.com/Go_Dj_Lante/status/845143492569444352"
"ArtisticAngelMW","2017-03-24 03:20","0","0","""Devil Wears Nada"" This Glam Ma is going To Mexico for Spring break! #artisticangel https://www.instagram.com/p/BSAWxQEFHGQ/","","","#artisticangel","845113026701381632","https://twitter.com/ArtisticAngelMW/status/845113026701381632"
"KateMcMillin27","2017-03-24 02:14","0","1","Lucy checking out all of the other ""Lucy's"" on her wall. #lucy #letsgoblues #toddler @St. Louis https://www.instagram.com/p/BSAPPK7BSKM/","","@St","#lucy #letsgoblues #toddler","845096458894266368","https://twitter.com/KateMcMillin27/status/845096458894266368"
"AmanCraig22","2017-03-23 23:11","0","0","Guy in front of me just ordered $80 worth of food. Dang, son. (@China King in Mexico, MO) https://www.swarmapp.com/c/7BLS7ZVqa05","","@China","","845050358892298241","https://twitter.com/AmanCraig22/status/845050358892298241"
"SeanWMoore","2017-03-23 18:25","0","0","I am looking for a buyer on 5205 MEXICO GRAVEL ROAD #Columbia #MO #realestate http://tour.circlepix.com/home/5ZP2B2 pic.twitter.com/BeFH94meuh","","","#Columbia #MO #realestate","844978361734615040","https://twitter.com/SeanWMoore/status/844978361734615040"
"LDI_Interiors","2017-03-23 15:00","0","0","When you want to be manly but you support PETA Loved the wall art at https://www.instagram.com/p/BR_CD2JBT1W/","","","","844926743584526337","https://twitter.com/LDI_Interiors/status/844926743584526337"
"COMMISSION2013","2017-03-23 01:09","0","0","In the gym with the Gang what gang. #bangbanggang bigmike615 @Gold's Gym https://www.instagram.com/p/BR9jBfRgnxK/","","@Gold","#bangbanggang","844717757476278272","https://twitter.com/COMMISSION2013/status/844717757476278272"
"Ash_Heidbreder","2017-03-22 21:10","0","0","An unexpected short but sweet lunch date with this gang for https://www.instagram.com/p/BR9HsBIBQwBaBZ4ruq99I72E_mqBNfrtzA6CT40/ ","","","","844657653628395520","https://twitter.com/Ash_Heidbreder/status/844657653628395520"
"boredintellect","2017-03-21 21:09","0","1","Noodle, the Italian wall lizard @Poehler Loft Apartments https://www.instagram.com/p/BR6ivQkBrDq/","","@Poehler","","844294917438373888","https://twitter.com/boredintellect/status/844294917438373888"
"thebecker","2017-03-21 19:24","0","0","Exploring my new neighborhood today and found a hole in the wall taqueria within walking https://www.instagram.com/p/BR6WvFghu6s/","","","","844268522934943744","https://twitter.com/thebecker/status/844268522934943744"
"ryan_stock94","2017-03-21 17:04","0","1","Thanks to @vonlag for my new friend #souvenirs #mexico @Alpha Phi https://www.instagram.com/p/BR6GrQRFWY9YYicKbnJc7xGgAu61c3ue2WU4p40/ ","","@vonlag @Alpha","#souvenirs #mexico","844233211278512133","https://twitter.com/ryan_stock94/status/844233211278512133"
"AmazingTRAPier","2017-03-21 15:56","0","0","Creation - _unfocused_photography_ @Graffiti Wall https://www.instagram.com/p/BR5-46oBlev/","","@Graffiti","","844216091790327808","https://twitter.com/AmazingTRAPier/status/844216091790327808"
"thefirstdark","2017-03-21 03:11","0","0","#RG'd via: mystic_rose11 ""Happy spring equinox!"" @Mexico, Missouri https://www.instagram.com/p/BR4nXsOgayo/","","@Mexico","#RG","844023627960016896","https://twitter.com/thefirstdark/status/844023627960016896"
"AyoMissDarkSkin","2017-03-21 00:15","0","0","Trey Songz really think somebody about to pay $221 to see him at The Pageant. Cocaine is one helluva drug.","","","","843979336415875073","https://twitter.com/AyoMissDarkSkin/status/843979336415875073"
"SofiedeSade","2017-03-20 14:21","0","4","Feelin' good after having some nice Jamison, and an AMAZING St. Patty's show with girl gang https://www.instagram.com/p/BR3PPG9BxFJ/","","","","843829816985960449","https://twitter.com/SofiedeSade/status/843829816985960449"
"grogg","2017-03-20 05:43","0","1","I thought it was an allegorical reference to the fall of the Berlin Wall but I could be wrong maybe","","","","843699474082009088","https://twitter.com/grogg/status/843699474082009088"
"Bandz_Margera","2017-03-19 22:10","0","0","@cigarsbackwoods Should Sponsor Us... : @Freak_Gang #MACLife #FrEPVol3 @St. Louis https://www.instagram.com/p/BR1gI8ogr6U/","","@cigarsbackwoods @Freak_Gang @St","#MACLife #FrEPVol3","843585515416903680","https://twitter.com/Bandz_Margera/status/843585515416903680"
"sydonee","2017-03-19 16:23","0","1","Saturday's are for the #kcstreetcar and beer. #kc #beerme @Border Brewing Company https://www.instagram.com/p/BR04cfOgD0O/","","@Border","#kcstreetcar #kc #beerme","843498222916161536","https://twitter.com/sydonee/status/843498222916161536"
"Bandz_Margera","2017-03-19 14:50","0","0","Blessed to See 22.. Got My Dawgs wit Me its Nothing I Can't Do #MACLife : @Freak_Gang @St. https://www.instagram.com/p/BR0txqWgRpg/","","@Freak_Gang @St","#MACLife","843474762668105728","https://twitter.com/Bandz_Margera/status/843474762668105728"
"srdavis96","2017-03-19 14:41","0","0","thanks for singing 90's music at hole in the wall bars with me, ily lots @Dog Prairie Tavern https://www.instagram.com/p/BR0swfXgVn5/","","@Dog","","843472524688216065","https://twitter.com/srdavis96/status/843472524688216065"
"SadieAlexius2","2017-03-19 03:39","0","0","the gang is finally together...just missin one more, AKA Nia @ https://www.instagram.com/p/BRzg9VmhskoWQpz07kVOdDSrbCo7-UW-q1-dno0/ ","","@","","843305842032091136","https://twitter.com/SadieAlexius2/status/843305842032091136"
"nolukeno","2017-03-19 02:52","0","0","Wall of Television @No Other Pub https://www.instagram.com/p/BRzbm3qFWmWYSYNPtjU-VjQYKWJNn_yEu6g6Ck0/ ","","@No","","843294076682338304","https://twitter.com/nolukeno/status/843294076682338304"
"Bandz_Margera","2017-03-18 19:54","0","0","GANG @Richmond Heights, Missouri https://www.instagram.com/p/BRyr1EuAGEw/","","@Richmond","","843189006460424193","https://twitter.com/Bandz_Margera/status/843189006460424193"
"CarusosDeli","2017-03-18 17:40","0","0","Our snack wall is fully stocked with your favorite candies and snack mixes! #snackwall https://www.instagram.com/p/BRycdF0hmzb/","","","#snackwall","843155197585047556","https://twitter.com/CarusosDeli/status/843155197585047556"
"thatricki","2017-03-18 15:00","0","0","Flexing gallery wall skillz @the barn @DezRey Arabians https://www.instagram.com/p/BRyKK3Ihn0Y/","","@the @DezRey","","843114990458433537","https://twitter.com/thatricki/status/843114990458433537"
"TelSecure","2017-03-18 13:15","0","0","Need your TV wall mounted today? Call SecureTel LLC (636)327-3003 or stop by our showroom: 111 https://www.instagram.com/p/BRx-Eo1AMaX/","","","","843088386915287040","https://twitter.com/TelSecure/status/843088386915287040"
"missippilive","2017-03-18 01:11","0","0","This is my great grandfather and his brother back in the day. @Mexico, Missouri https://www.instagram.com/p/BRwrSMfgxs6/","","@Mexico","","842906333875769346","https://twitter.com/missippilive/status/842906333875769346"
"DrAngeliquePhD","2017-03-17 16:37","0","0","If you're eating the wall, you're doing #sugardetox wrong! Lol Trust meeeeeee! There is a way to https://www.instagram.com/p/BRvwd4NACnW/","","","#sugardetox","842776991703224321","https://twitter.com/DrAngeliquePhD/status/842776991703224321"
"emdezo","2017-03-17 13:45","0","0","Walked in and saw this on the wall. Love this! #autismparenting #autism @Abilities First https://www.instagram.com/p/BRvcutPFz8h/","","@Abilities","#autismparenting #autism","842733599615008768","https://twitter.com/emdezo/status/842733599615008768"
"thefirstdark","2017-03-17 03:47","0","0","Ms. Ives... (Unknowntumblrartist) #Vanessa_Ives #MotherOfEvil #PennyDreadful @Mexico, Missouri https://www.instagram.com/p/BRuYTk0ApPD/","","@Mexico","#Vanessa_Ives #MotherOfEvil #PennyDreadful","842583132704464896","https://twitter.com/thefirstdark/status/842583132704464896"
"AmanCraig22","2017-03-17 02:49","0","1","#marchmadness can't get enough @Mexico, Missouri https://www.instagram.com/p/BRuRtcRgUsG46g247k677zNi1MhNKBA_IIXfZE0/ ","","@Mexico","#marchmadness","842568620521803776","https://twitter.com/AmanCraig22/status/842568620521803776"
"brussell53","2017-03-17 00:03","0","0","Samantha Bee's group keeping running tab on wall budget! SMH pic.twitter.com/68vhB4OHR5","","","","842526659295297536","https://twitter.com/brussell53/status/842526659295297536"
"SeanWMoore","2017-03-16 20:29","0","0","I would love to show you my #listing at 5205 MEXICO GRAVEL ROAD #Columbia #MO #realestate http://tour.circlepix.com/home/5ZP2B2 pic.twitter.com/HhJuunojhX","","","#listing #Columbia #MO #realestate","842472886975643648","https://twitter.com/SeanWMoore/status/842472886975643648"
"waldomac00","2017-03-16 02:37","0","0","Marcus at the MHS Senior Academic Banquet 2017 @Mexico High https://www.instagram.com/p/BRrrg6JjWS6XjV-pxXmz1EeSilY05I6agG-ZcY0/ ","","@Mexico","","842203159594471424","https://twitter.com/waldomac00/status/842203159594471424"
"designsbysuzn","2017-03-16 00:05","0","0","Yum!! More fajitas! @On The Border Mexican Grill & Cantina https://www.instagram.com/p/BRraJYpAjuX/","","@On","","842164959110938624","https://twitter.com/designsbysuzn/status/842164959110938624"
"designsbysuzn","2017-03-15 23:57","0","0","Elder Pall was showing Maggie the plan of salvation in his burrito! (Don't ask!) @On The Border https://www.instagram.com/p/BRrZKvsA3iT/","","@On","","842162806761885697","https://twitter.com/designsbysuzn/status/842162806761885697"
"designsbysuzn","2017-03-15 23:55","0","0","Elder Limon loving his fajitas! @On The Border Mexican Grill & Cantina https://www.instagram.com/p/BRrZATyAqHw/","","@On","","842162451261071361","https://twitter.com/designsbysuzn/status/842162451261071361"
"i__pooteD","2017-03-15 20:48","0","0","People be randomly coming up to me asking the weirdest shit. Do I really still look like a drug dealer?","","","","842115242247237632","https://twitter.com/i__pooteD/status/842115242247237632"
"3143152531y","2017-03-15 08:49","0","0","If you say religious persecution of Muslims will not make America great again, neither will Muslim terrorists allowed into the US!","","","","841934360827842560","https://twitter.com/3143152531y/status/841934360827842560"
"LstMbrs","2017-03-14 19:44","1","1","#happy314 From your favorite gang @St. Louis https://www.instagram.com/p/BRoXZ5CjqGa/","","@St","#happy314","841736733146378243","https://twitter.com/LstMbrs/status/841736733146378243"
"AllThingsMikita","2017-03-14 16:39","0","0","Trying not to use the wall behind me to do my headstand/variations. #Yoga practice is so https://www.instagram.com/p/BRoCP5CFgVP/","","","#Yoga","841690227244687360","https://twitter.com/AllThingsMikita/status/841690227244687360"
"Bandz_Margera","2017-03-13 02:25","3","0","P-Rocc Live in Concert March 23rd at Cicero's in The Delmar Loop ! Come Jam with The Gang ! @ https://www.instagram.com/p/BRj7yKjgb_X/","","@","","841113030381428741","https://twitter.com/Bandz_Margera/status/841113030381428741"
"jasoncupp","2017-03-13 00:00","0","0","Took time to get my #HolsteeManifesto #art on the wall in the dining room by the entry as a https://www.instagram.com/p/BRjrIpHFyk0/","","","#HolsteeManifesto #art","841076426140966912","https://twitter.com/jasoncupp/status/841076426140966912"
"BreakoutFitSTL","2017-03-12 22:16","0","0","Had a great time with this crew at the Creve Coeur Lake 7k today! Great job gang! @Creve Coeur https://www.instagram.com/p/BRjfOnBgLy8/","","@Creve","","841050244787912704","https://twitter.com/BreakoutFitSTL/status/841050244787912704"
"zacharyjbabcock","2017-03-12 18:01","0","0","I went from drug addiction & spending 5 years in #prison to #familyman and #entrepreneur. 5 steps to #success https://www.amazon.com/gp/aw/d/0692795251/ref=mp_s_a_1_1?ie=UTF8&qid=1476975610&sr=8-1&pi=SY200_QL40&keywords=prison+to+promised+land&dpPl=1&dpID=51p-olR6NxL&ref=plSrch ","","","#prison #familyman #entrepreneur #success","840986051476934657","https://twitter.com/zacharyjbabcock/status/840986051476934657"
"AyoMissDarkSkin","2017-03-12 09:51","0","0","My fat ass walking in the dark eating chips and walked into a wall","","","","840862785160515584","https://twitter.com/AyoMissDarkSkin/status/840862785160515584"
"Gardentstate","2017-03-11 22:51","0","1","Stacey's HBC KC Tap Tour Stop #2 (@Border Brewing Company - @borderbrewco) https://www.swarmapp.com/c/kwI1LYRuQUo pic.twitter.com/WrCn4aKAX8","","@Border @borderbrewco","#2","840696611651112960","https://twitter.com/Gardentstate/status/840696611651112960"
"mrkick316","2017-03-11 20:51","1","1","Some kind of way your ghost from the past seem to follow you the Bible calls drug use sorcery. https://www.instagram.com/p/BRgwsLIBnFO/","","","","840666422019678209","https://twitter.com/mrkick316/status/840666422019678209"
"zacharyjbabcock","2017-03-11 19:01","0","0","I went from drug addiction & spending 5 years in #prison to #familyman and #entrepreneur. 5 steps to #success https://www.amazon.com/gp/aw/d/0692795251/ref=mp_s_a_1_1?ie=UTF8&qid=1476975610&sr=8-1&pi=SY200_QL40&keywords=prison+to+promised+land&dpPl=1&dpID=51p-olR6NxL&ref=plSrch ","","","#prison #familyman #entrepreneur #success","840638781002809344","https://twitter.com/zacharyjbabcock/status/840638781002809344"
"Xtineala","2017-03-11 18:34","0","0","As foretold by both the ancient prophecy, and this primitive wall painting, the return of the https://www.instagram.com/p/BRghEE5ABEu/","","","","840632060570157057","https://twitter.com/Xtineala/status/840632060570157057"
"TelSecure","2017-03-11 18:25","0","0","Need your TV wall mounted today? Call SecureTel LLC (636)327-3003 or stop by our showroom: 111 https://www.instagram.com/p/BRgf-nbAd1f/","","","","840629670517309440","https://twitter.com/TelSecure/status/840629670517309440"
"RLassiterPhoto","2017-03-10 22:11","0","0","Change out your wall portraits often but keep them stored safe and https://www.instagram.com/p/BReVD4sDsD5/","","","","840324225554628608","https://twitter.com/RLassiterPhoto/status/840324225554628608"
"zacharyjbabcock","2017-03-10 19:01","0","1","I went from drug addiction & spending 5 years in #prison to #familyman and #entrepreneur. 5 steps to #success https://www.amazon.com/gp/aw/d/0692795251/ref=mp_s_a_1_1?ie=UTF8&qid=1476975610&sr=8-1&pi=SY200_QL40&keywords=prison+to+promised+land&dpPl=1&dpID=51p-olR6NxL&ref=plSrch ","","","#prison #familyman #entrepreneur #success","840276511043276802","https://twitter.com/zacharyjbabcock/status/840276511043276802"
"Plasma_Tracks","2017-03-10 16:58","0","0","Karting trophies for the gearup_fseries being assembled! @Plasma-Tracks Race Track Wall Art and https://www.instagram.com/p/BRdxS-Klf1L/","","@Plasma","","840245548561158145","https://twitter.com/Plasma_Tracks/status/840245548561158145"
"EncoreBoutique","2017-03-10 05:13","0","0","I PICKED A WALL COLOR For our DINING ROOM!!! @amyhowardhome Get In Gear one step paint could https://www.instagram.com/p/BRcgmNIg-Pf/","","@amyhowardhome","","840068082504630272","https://twitter.com/EncoreBoutique/status/840068082504630272"
"spotternetwork","2017-03-10 00:53","0","0","Spotr 2 miles N of EBENEZER, MO @18:52 UTC Not Rotating Wall Cloud>-Wall Cloud In Pleasant Hope With Frequent Lightning And Thunder","","@18","","840002555161804800","https://twitter.com/spotternetwork/status/840002555161804800"
"spotternetwork","2017-03-09 22:40","0","0","Spotr 3 miles SSE of NASHVILLE, MO @22:40 UTC Not Rotating Wall Cloud>-Wall Cloud - roataing","","@22","","839969262022373377","https://twitter.com/spotternetwork/status/839969262022373377"
"eltorreonkc","2017-03-09 20:14","0","0","Framing out the wall for the kitchen @El Torreon https://www.instagram.com/p/BRbi3dVAqQ1/","","@El","","839932336846286849","https://twitter.com/eltorreonkc/status/839932336846286849"
"autoburroughs","2017-03-09 19:36","0","0","In Mexico the gimmick is to find a local junky with a government script whereby they are allowed a certain quantity every month.","","","","839922748583313408","https://twitter.com/autoburroughs/status/839922748583313408"
"zacharyjbabcock","2017-03-09 19:01","0","0","I went from drug addiction & spending 5 years in #prison to #familyman and #entrepreneur. 5 steps to #success https://www.amazon.com/gp/aw/d/0692795251/ref=mp_s_a_1_1?ie=UTF8&qid=1476975610&sr=8-1&pi=SY200_QL40&keywords=prison+to+promised+land&dpPl=1&dpID=51p-olR6NxL&ref=plSrch ","","","#prison #familyman #entrepreneur #success","839914116215095299","https://twitter.com/zacharyjbabcock/status/839914116215095299"
"KenMoire","2017-03-09 18:20","0","0","Somebody is getting drug tested. @Quest Diagnostics https://www.instagram.com/p/BRbV05LALv24WV1UHMf-6Ktfc690whsz2f_kBA0/ ","","@Quest","","839903669625700356","https://twitter.com/KenMoire/status/839903669625700356"
"SeanWMoore","2017-03-09 15:43","0","0","I would love to show you my #listing at 5205 MEXICO GRAVEL ROAD #Columbia #MO #realestate http://tour.circlepix.com/home/5ZP2B2 pic.twitter.com/oehHiM1c2b","","","#listing #Columbia #MO #realestate","839864146455756800","https://twitter.com/SeanWMoore/status/839864146455756800"
"censoredtroll","2017-03-09 00:17","1","1","@loafystopit @nana_gang_ #youngmucho @Art Hill, Forest Park https://www.instagram.com/p/BRZZ2fXjFW_/","","@loafystopit @nana_gang_ @Art","#youngmucho","839631065539100673","https://twitter.com/censoredtroll/status/839631065539100673"
"censoredtroll","2017-03-09 00:15","1","1","@loafystopit @nana_gang_ Lol should I tag @grantcardone for his video shout out @Art Hill, https://www.instagram.com/p/BRZZog2jY_E/","","@loafystopit @nana_gang_ @grantcardone @Art","","839630626835824641","https://twitter.com/censoredtroll/status/839630626835824641"
"censoredtroll","2017-03-09 00:10","1","1","@nana_gang_ @loafystopit @Art Hill, Forest Park https://www.instagram.com/p/BRZZHZTDZqd/","","@nana_gang_ @loafystopit @Art","","839629454469173248","https://twitter.com/censoredtroll/status/839629454469173248"
"plsleet","2017-03-08 20:36","0","0","#graffitiart #stlouis @Graffiti Wall https://www.instagram.com/p/BRZApJFBSmG/","","@Graffiti","#graffitiart #stlouis","839575608807976961","https://twitter.com/plsleet/status/839575608807976961"
"censoredtroll","2017-03-08 20:00","1","1","@loafystopit @nana_gang_ @Art Hill, Forest Park https://www.instagram.com/p/BRY8iAWjhVv/","","@loafystopit @nana_gang_ @Art","","839566590924492803","https://twitter.com/censoredtroll/status/839566590924492803"
"zacharyjbabcock","2017-03-08 19:01","0","0","I went from drug addiction & spending 5 years in #prison to #familyman and #entrepreneur. 5 steps to #success https://www.amazon.com/gp/aw/d/0692795251/ref=mp_s_a_1_1?ie=UTF8&qid=1476975610&sr=8-1&pi=SY200_QL40&keywords=prison+to+promised+land&dpPl=1&dpID=51p-olR6NxL&ref=plSrch ","","","#prison #familyman #entrepreneur #success","839551743671304193","https://twitter.com/zacharyjbabcock/status/839551743671304193"
"AlexJohnmeyer","2017-03-08 06:46","0","0","Thank you to everyone who came out to support @artscopestl at Wall Ball 2017! #stlouisartist https://www.instagram.com/p/BRXhntrA3EK/","","@artscopestl","#stlouisartist","839366644174630912","https://twitter.com/AlexJohnmeyer/status/839366644174630912"
"josuemaroficial","2017-03-08 04:32","0","0","#Colombia #Mexico #Brasil y yo. @Heartland Community https://www.instagram.com/p/BRXSQEsjGmu/","","@Heartland","#Colombia #Mexico #Brasil","839332850155552768","https://twitter.com/josuemaroficial/status/839332850155552768"
"zacharyjbabcock","2017-03-07 19:01","0","0","I went from drug addiction & spending 5 years in #prison to #familyman and #entrepreneur. 5 steps to #success https://www.amazon.com/gp/aw/d/0692795251/ref=mp_s_a_1_1?ie=UTF8&qid=1476975610&sr=8-1&pi=SY200_QL40&keywords=prison+to+promised+land&dpPl=1&dpID=51p-olR6NxL&ref=plSrch ","","","#prison #familyman #entrepreneur #success","839189313447473152","https://twitter.com/zacharyjbabcock/status/839189313447473152"
"iembot_lsx","2017-03-07 04:48","0","0","At 10:41 PM, Mexico [Audrain Co, MO] EMERGENCY MNGR reports HAIL of nickel size (M0.88 INCH) #LSX http://mesonet.agron.iastate.edu/lsr/#LSX/201703070441/201703070441 ","","","#LSX #LSX","838974526499225601","https://twitter.com/iembot_lsx/status/838974526499225601"
"AmanCraig22","2017-03-07 00:19","0","0","Patents meeting (@Mexico High School in Mexico, MO) https://www.swarmapp.com/c/9FDSeIfQoLf","","@Mexico","","838906921570684931","https://twitter.com/AmanCraig22/status/838906921570684931"
"dwward","2017-03-06 22:36","0","0","Sure but @realDonaldTrump concern is not the past; he's worried about criminal prosecutions and impeachment. We'll see https://twitter.com/redsteeze/status/838796853894385664 ","","@realDonaldTrump","","838881108393668608","https://twitter.com/dwward/status/838881108393668608"
"zacharyjbabcock","2017-03-06 19:01","0","2","I went from drug addiction & spending 5 years in #prison to #familyman and #entrepreneur. 5 steps to #success https://www.amazon.com/gp/aw/d/0692795251/ref=mp_s_a_1_1?ie=UTF8&qid=1476975610&sr=8-1&pi=SY200_QL40&keywords=prison+to+promised+land&dpPl=1&dpID=51p-olR6NxL&ref=plSrch ","","","#prison #familyman #entrepreneur #success","838826935996272641","https://twitter.com/zacharyjbabcock/status/838826935996272641"
"JessieMM","2017-03-06 13:03","1","0","Yours truly with the newest addition to our home. I now introduce you to our wall deer, Charles https://www.instagram.com/p/BRTDKVfFqLr/","","","","838736723165212673","https://twitter.com/JessieMM/status/838736723165212673"
"LegiScanMO","2017-03-06 03:46","0","0","SB499 [NEW] Relating to the offense of driving with prohibited blood alcohol or drug content http://bitly.com/1jPDG68","","","","838596529782915072","https://twitter.com/LegiScanMO/status/838596529782915072"
"thepoetBAC","2017-03-06 03:44","0","0","Colossal woman and bad-ass @lamerperle adding her first two tapes to the print wall. Screenings https://www.instagram.com/p/BRSDRrZlg3s/","","@lamerperle","","838596237410582532","https://twitter.com/thepoetBAC/status/838596237410582532"
"mmcghee84","2017-03-06 01:12","0","1","I know how I'm decorating my empty wall now! #ilovemydog #melissamcgheephotography https://www.instagram.com/p/BRRx1-tjDAC/","","","#ilovemydog #melissamcgheephotography","838557895784599552","https://twitter.com/mmcghee84/status/838557895784599552"
"Game_TimeChuck","2017-03-05 21:30","0","0","I just wanna be there for the gang, that's easy @My House Nightclub & Sports Bar https://www.instagram.com/p/BRRYagQjymj/","","@My","","838501977143259137","https://twitter.com/Game_TimeChuck/status/838501977143259137"
"trichmond713","2017-03-05 21:12","0","0","More photos popping up in front of my photo wall mural @kcangelsrockbar Pictured: The lovely https://www.instagram.com/p/BRRWZY8Brzn/","","@kcangelsrockbar","","838497538101530624","https://twitter.com/trichmond713/status/838497538101530624"
"zacharyjbabcock","2017-03-05 21:01","0","0","I went from drug addiction & spending 5 years in #prison to #familyman and #entrepreneur. 5 steps to #success https://www.amazon.com/gp/aw/d/0692795251/ref=mp_s_a_1_1?ie=UTF8&qid=1476975610&sr=8-1&pi=SY200_QL40&keywords=prison+to+promised+land&dpPl=1&dpID=51p-olR6NxL&ref=plSrch ","","","#prison #familyman #entrepreneur #success","838494641985040384","https://twitter.com/zacharyjbabcock/status/838494641985040384"
"dwward","2017-03-05 20:40","1","1","With a new injunction to follow since it is still a violation of the Immigration & Naturalization Act to discriminate on national origin. https://twitter.com/brianklaas/status/838459517964795905 ","","","","838489514339348485","https://twitter.com/dwward/status/838489514339348485"
"LegiScanMO","2017-03-05 08:16","0","0","HB1133 [NEW] Modifies various provisions relating to criminal offenses http://bitly.com/1aTHT0G","","","","838302105211383808","https://twitter.com/LegiScanMO/status/838302105211383808"
"LegiScanMO","2017-03-05 07:26","0","0","SB512 [NEW] Modifies various criminal offenses including assault, harassment, acceding to corruption, and drivin... http://bitly.com/18CHQq6","","","","838289537646329856","https://twitter.com/LegiScanMO/status/838289537646329856"
"ChaseFord777","2017-03-05 01:33","0","6","State Bound @Mexico, Missouri https://www.instagram.com/p/BRPPe6yBWhOoblWQa2Gwm0mMaRPrhywYG7LoXs0/ ","","@Mexico","","838200860345688065","https://twitter.com/ChaseFord777/status/838200860345688065"
"AlexJohnmeyer","2017-03-05 00:33","0","1","Wall Ball!!!! @Majorette https://www.instagram.com/p/BRPIjO1gwBJ/","","@Majorette","","838185619461386240","https://twitter.com/AlexJohnmeyer/status/838185619461386240"
"JohnLKeckMusic","2017-03-04 23:38","0","0","I'm excited to say I have an official Bob Myers orginal work of art on my wall. Bob is not only https://www.instagram.com/p/BRPCQg7llMS/","","","","838171785040445441","https://twitter.com/JohnLKeckMusic/status/838171785040445441"
"erinshelby5","2017-03-04 21:31","0","0","free & wild @Graffiti Wall https://www.instagram.com/p/BROzvmVj2d4xUcQ-wLQ9KZ627Iw0hIDGNWZ7j00/ ","","@Graffiti","","838139866345050117","https://twitter.com/erinshelby5/status/838139866345050117"
"zacharyjbabcock","2017-03-04 21:00","0","1","I went from drug addiction & spending 5 years in #prison to #familyman and #entrepreneur. 5 steps to #success https://www.amazon.com/gp/aw/d/0692795251/ref=mp_s_a_1_1?ie=UTF8&qid=1476975610&sr=8-1&pi=SY200_QL40&keywords=prison+to+promised+land&dpPl=1&dpID=51p-olR6NxL&ref=plSrch ","","","#prison #familyman #entrepreneur #success","838132186503122947","https://twitter.com/zacharyjbabcock/status/838132186503122947"
"DarinSlyman","2017-03-04 18:54","0","0","Bringing the Mexico to STL. #dsly #lifestyle #newmedia #stl @Demun Oyster Bar https://www.instagram.com/p/BROh0QPlNIi/","","@Demun","#dsly #lifestyle #newmedia #stl","838100448276021248","https://twitter.com/DarinSlyman/status/838100448276021248"
"417EscapeRoom","2017-03-04 18:54","0","0","Mom's Gang did great in the Cure! They found the Antidote and saved the world!!! https://www.instagram.com/p/BROhx7rl1KP/","","","","838100363614031879","https://twitter.com/417EscapeRoom/status/838100363614031879"
"MadisonRawson","2017-03-04 17:18","0","1","zoo day w the gang! @Kansas City Zoo https://www.instagram.com/p/BROWx5wD21ztWFfCMPm6zPwpg5N4prMWNubf740/ ","","@Kansas","","838076177893974016","https://twitter.com/MadisonRawson/status/838076177893974016"
"Sydneynicolestr","2017-03-04 15:06","1","2","gang gang it's debbie day #wgispringfield @Springfield, Missouri https://www.instagram.com/p/BROHo51hsU1/","","@Springfield","#wgispringfield","838042886432120832","https://twitter.com/Sydneynicolestr/status/838042886432120832"
"Vedransaldo","2017-03-04 13:49","0","0","Woke up and saw these shadows of plants in my living room on the wall and it just looked https://www.instagram.com/p/BRN-3p2hCrk/","","","","838023592126234624","https://twitter.com/Vedransaldo/status/838023592126234624"
"LegiScanMO","2017-03-04 11:36","0","0","HB1144 [NEW] Removes the termination date for the Missouri Rx Prescription Drug Program http://bitly.com/1aU8HOv","","","","837990066387632128","https://twitter.com/LegiScanMO/status/837990066387632128"
"LegiScanMO","2017-03-04 06:26","0","0","SB523 [NEW] Relating to criminal background checks for child care providers http://bitly.com/1f1WwTM","","","","837912158612635648","https://twitter.com/LegiScanMO/status/837912158612635648"
"Mari_eWatson","2017-03-04 01:45","0","1","Thank You, Center Creative Arts (COCA) Recently I was inducted on COCA's Alumni Wall. https://www.instagram.com/p/BRMsArADPU-/","","","","837841384279269376","https://twitter.com/Mari_eWatson/status/837841384279269376"
"TelSecure","2017-03-04 00:25","0","0","Need your TV wall mounted today? Call SecureTel LLC (636)327-3003. Or stop by our showroom: 111 https://www.instagram.com/p/BRMi3a5AQRa/","","","","837821271790452738","https://twitter.com/TelSecure/status/837821271790452738"
"sheldonstl","2017-03-03 23:42","1","1","Washington Park Cemetery memory wall. #firstfridaysgc @Sheldon Concert Hall and Art Galleries https://www.instagram.com/p/BRMd7r-j0G4/","","@Sheldon","#firstfridaysgc","837810424326270976","https://twitter.com/sheldonstl/status/837810424326270976"
"zacharyjbabcock","2017-03-03 21:01","0","1","I went from drug addiction & spending 5 years in #prison to #familyman and #entrepreneur. 5 steps to #success https://www.amazon.com/gp/aw/d/0692795251/ref=mp_s_a_1_1?ie=UTF8&qid=1476975610&sr=8-1&pi=SY200_QL40&keywords=prison+to+promised+land&dpPl=1&dpID=51p-olR6NxL&ref=plSrch ","","","#prison #familyman #entrepreneur #success","837769936659415040","https://twitter.com/zacharyjbabcock/status/837769936659415040"
"Bandz_Margera","2017-03-03 19:39","0","0","Of Course I'm Going on First .... But Come Jam with Me & The Gang Tomorrow Evening at The https://www.instagram.com/p/BRMCHh6gG8M/","","","","837749257117581312","https://twitter.com/Bandz_Margera/status/837749257117581312"
"mzlovelychi","2017-03-03 17:46","0","0","Beer Wall #drinks #beer #random #adventure #kansascity @99 Hops House https://www.instagram.com/p/BRL1PRfjE-C/","","@99","#drinks #beer #random #adventure #kansascity","837720938116427777","https://twitter.com/mzlovelychi/status/837720938116427777"
"makroberts_","2017-03-03 02:10","1","1","The wall says it all . pic creds: @ericloethen @The Rieger https://www.instagram.com/p/BRKKGbMBDahcgPtHlvOzbE05-qt2iS9x7TCfPA0/ ","","@ericloethen @The","","837485341460185088","https://twitter.com/makroberts_/status/837485341460185088"
"daniel_bugz","2017-03-03 01:13","0","0","Paint Louis @Graffiti Wall https://www.instagram.com/p/BRKDheHhJwP/","","@Graffiti","","837470879726514176","https://twitter.com/daniel_bugz/status/837470879726514176"
"jdweis1972","2017-03-03 01:11","0","0","Just posted a photo @Taqueria Mexico Kc #4 https://www.instagram.com/p/BRKDYmEhapf/","","@Taqueria","#4","837470566659452929","https://twitter.com/jdweis1972/status/837470566659452929"
"AmanCraig22","2017-03-03 00:11","0","0","A little ball practice (@Mexico High School in Mexico, MO) https://www.swarmapp.com/c/kPy7ZgNyWP9","","@Mexico","","837455247677214725","https://twitter.com/AmanCraig22/status/837455247677214725"
"AmanCraig22","2017-03-03 00:00","0","0","Finishing up baseball practice #fortheloveofthegame @Mexico High https://www.instagram.com/p/BRJ7MnHAUUHtABQcM9dom1FqFjnq8t_nHSV9v80/ ","","@Mexico","#fortheloveofthegame","837452565008826373","https://twitter.com/AmanCraig22/status/837452565008826373"
"zacharyjbabcock","2017-03-02 21:01","0","1","I went from drug addiction & spending 5 years in #prison to #familyman and #entrepreneur. 5 steps to #success https://www.amazon.com/gp/aw/d/0692795251/ref=mp_s_a_1_1?ie=UTF8&qid=1476975610&sr=8-1&pi=SY200_QL40&keywords=prison+to+promised+land&dpPl=1&dpID=51p-olR6NxL&ref=plSrch ","","","#prison #familyman #entrepreneur #success","837407635565608960","https://twitter.com/zacharyjbabcock/status/837407635565608960"
"eltorreonkc","2017-03-02 19:32","0","0","Large 1930's wall sconce from the Art Deco period for above the wardrobe our bride's dressing https://www.instagram.com/p/BRJchU0gtMi/","","","","837385105970761728","https://twitter.com/eltorreonkc/status/837385105970761728"
"Plasma_Tracks","2017-03-02 18:29","0","0","Trophy season is in full swing! @Plasma-Tracks Race Track Wall Art and Motorsports Trophies https://www.instagram.com/p/BRJVVdSgBAn/","","@Plasma","","837369305822072832","https://twitter.com/Plasma_Tracks/status/837369305822072832"
"SeanWMoore","2017-03-02 15:18","0","0","I am looking for a buyer on 5205 MEXICO GRAVEL ROAD #Columbia #MO #realestate http://tour.circlepix.com/home/5ZP2B2 pic.twitter.com/a1pnfzGYSr","","","#Columbia #MO #realestate","837321189135560706","https://twitter.com/SeanWMoore/status/837321189135560706"
"LaMarr_22","2017-03-02 04:58","1","2","BENTLEY GANG #BentleyRecords #TwentyTwo #TAC #supportlocalmusic #AlmightyJ #madmax @St. Louis https://www.instagram.com/p/BRH4dowlw1q/","","@St","#BentleyRecords #TwentyTwo #TAC #supportlocalmusic #AlmightyJ #madmax","837165094018646016","https://twitter.com/LaMarr_22/status/837165094018646016"
"Fosterkatrina98","2017-03-02 03:45","0","0","Neat wall at Neighborhood Cafe-Waldo #waldoweek #nofilters @Neighborhood Cafe-Waldo https://www.instagram.com/p/BRHwJjpgYOj/","","@Neighborhood","#waldoweek #nofilters","837146795134287872","https://twitter.com/Fosterkatrina98/status/837146795134287872"
"sherryanne_72","2017-03-01 23:46","0","2","Working on the border of the rainbow baby blanket. Six more colors to go. #crochetaddict @ https://www.instagram.com/p/BRHUxgpBG12/","","@","#crochetaddict","837086597313085440","https://twitter.com/sherryanne_72/status/837086597313085440"
"zacharyjbabcock","2017-03-01 21:01","0","0","I went from drug addiction & spending 5 years in #prison to #familyman and #entrepreneur. 5 steps to #success https://www.amazon.com/gp/aw/d/0692795251/ref=mp_s_a_1_1?ie=UTF8&qid=1476975610&sr=8-1&pi=SY200_QL40&keywords=prison+to+promised+land&dpPl=1&dpID=51p-olR6NxL&ref=plSrch ","","","#prison #familyman #entrepreneur #success","837045194092605442","https://twitter.com/zacharyjbabcock/status/837045194092605442"
"LegiScanMO","2017-03-01 19:16","0","0","HB1110 [NEW] Modifies provisions relating to the Missouri Rx Prescription Drug Program http://bitly.com/JhmPvl","","","","837018633784143873","https://twitter.com/LegiScanMO/status/837018633784143873"
"shinobifitness","2017-03-01 06:36","0","0","After 5 months, Jeff beat that wall! #ShinobiFitness, #futureninjawarrior, https://www.instagram.com/p/BRFe7AtjvuJ/","","","#ShinobiFitness #futureninjawarrior","836827437895909376","https://twitter.com/shinobifitness/status/836827437895909376"
"LegiScanMO","2017-03-01 03:46","0","0","HB1102 [NEW] Establishes the ""Prescription Drug Monitoring Program Act"" http://bitly.com/18CLS1P","","","","836784592694693889","https://twitter.com/LegiScanMO/status/836784592694693889"
"LegiScanMO","2017-03-01 00:16","0","0","HB1107 [NEW] Eliminates the criminal penalty for carrying a concealed weapon into any area where firearms are res... http://bitly.com/Jh1HFz","","","","836731744179007488","https://twitter.com/LegiScanMO/status/836731744179007488"
"BrothersMusicKC","2017-02-28 23:45","1","2","Some #superfresh Records on the wall here @brothersmusickc !! We're open until 8pm!! Come stop https://www.instagram.com/p/BREv3XfgWcQ/","","@brothersmusickc","#superfresh","836723955599822848","https://twitter.com/BrothersMusicKC/status/836723955599822848"
"iz_marti","2017-02-28 22:27","0","0","Sent this team off to New Mexico to lead worship at the youth convention! Praying that God uses https://www.instagram.com/p/BREm9mMglFL/","","","","836704390459371520","https://twitter.com/iz_marti/status/836704390459371520"
"zacharyjbabcock","2017-02-28 21:01","1","1","I went from drug addiction & spending 5 years in #prison to #familyman and #entrepreneur. 5 steps to #success https://www.amazon.com/gp/aw/d/0692795251/ref=mp_s_a_1_1?ie=UTF8&qid=1476975610&sr=8-1&pi=SY200_QL40&keywords=prison+to+promised+land&dpPl=1&dpID=51p-olR6NxL&ref=plSrch ","","","#prison #familyman #entrepreneur #success","836682839534014464","https://twitter.com/zacharyjbabcock/status/836682839534014464"
"AubreyNicole07","2017-02-28 19:54","0","0","You're the only one I'd cross the Missouri-Kansas border for @ https://www.instagram.com/p/BREVTLmD5Yo5yFiqX8mV9ocaKwl6Rgi0Y8xfis0/ ","","@","","836665806020816901","https://twitter.com/AubreyNicole07/status/836665806020816901"
"grogg","2017-02-28 18:45","0","12","saw pro-ACA, pro-planned parenthood, and anti-wall signs as I drove by. This kind of thing just doesn't happen here. Heart warming stuff.","","","","836648467271319552","https://twitter.com/grogg/status/836648467271319552"
"wall_brittany","2017-02-28 16:47","0","0","You never fail to take my breath away #blessed @Sequiota Park https://www.instagram.com/p/BREAAtSFicY/","","@Sequiota","#blessed","836618730545250304","https://twitter.com/wall_brittany/status/836618730545250304"
"3143152531y","2017-02-27 23:08","0","0","Should our government only enforce immigration laws against the drug dealer?","","","","836352351061565440","https://twitter.com/3143152531y/status/836352351061565440"
"Plasma_Tracks","2017-02-27 21:46","0","0","12"" Chuckwalla! @Plasma-Tracks Race Track Wall Art and Motorsports Trophies https://www.instagram.com/p/BRB9fa1AJHY/","","@Plasma","","836331707234152448","https://twitter.com/Plasma_Tracks/status/836331707234152448"
"zacharyjbabcock","2017-02-27 21:01","0","0","I went from drug addiction & spending 5 years in #prison to #familyman and #entrepreneur. 5 steps to #success https://www.amazon.com/gp/aw/d/0692795251/ref=mp_s_a_1_1?ie=UTF8&qid=1476975610&sr=8-1&pi=SY200_QL40&keywords=prison+to+promised+land&dpPl=1&dpID=51p-olR6NxL&ref=plSrch ","","","#prison #familyman #entrepreneur #success","836320352666005505","https://twitter.com/zacharyjbabcock/status/836320352666005505"
"sherryanne_72","2017-02-27 03:10","0","0","Rainbow baby blanket is almost done. Just need to add the border. #crochetaddict Pattern by https://www.instagram.com/p/BQ_9x2EBtjQ/","","","#crochetaddict","836050868428394497","https://twitter.com/sherryanne_72/status/836050868428394497"
"TheSarahGrant","2017-02-27 00:33","0","0","Shine bright like the sun @Lake Chapala Mexico https://www.instagram.com/p/BQ_rzislchC/","","@Lake","","836011351118073856","https://twitter.com/TheSarahGrant/status/836011351118073856"
"MichaelCano77","2017-02-26 02:19","0","0","Restroom wall movie critic. #everbodysacritic #westport #kansascity @the Foundry at McCoy's https://www.instagram.com/p/BQ9TIXtAZrJ/","","@the","#everbodysacritic #westport #kansascity","835675607338008576","https://twitter.com/MichaelCano77/status/835675607338008576"
"JustaWiseMan","2017-02-25 18:30","0","0","Bead gang bang bang! Who else down here? @Soulard Market St. Louis https://www.instagram.com/p/BQ8dflaDy69/","","@Soulard","","835557722292641792","https://twitter.com/JustaWiseMan/status/835557722292641792"
"SavageHuw","2017-02-25 15:10","0","0","The 2017 Border Battle Tournament...182 teams playing this weekend at the OP Complex! It's https://www.instagram.com/p/BQ8Gm_mjmUR/","","","","835507337347678210","https://twitter.com/SavageHuw/status/835507337347678210"
"3143152531y","2017-02-25 11:40","0","0","No one is against legal immigration. All they need is an application. This is so difficult to understand?","","","","835454543316021248","https://twitter.com/3143152531y/status/835454543316021248"
"StacyMinnick","2017-02-25 03:26","0","1","Yeah Hornets!!! @Mexico High https://www.instagram.com/p/BQ62AW0jJtN/","","@Mexico","","835330087344013316","https://twitter.com/StacyMinnick/status/835330087344013316"
"thefirstdark","2017-02-25 03:13","0","0","Just posted a photo @Mexico, Missouri https://www.instagram.com/p/BQ60gWmgG00/","","@Mexico","","835326785357242368","https://twitter.com/thefirstdark/status/835326785357242368"
"StacyMinnick","2017-02-25 02:20","0","0","Let's go Hornets! Beat those Bulldogs!! Last regular season basketball game. @Mexico High https://www.instagram.com/p/BQ6ua1fDQPm/","","@Mexico","","835313405070356481","https://twitter.com/StacyMinnick/status/835313405070356481"
"AmanCraig22","2017-02-25 01:01","1","0","I'm at Mexico High School in Mexico, MO https://www.swarmapp.com/c/eXf0Q7XAl5h","","","","835293517475872768","https://twitter.com/AmanCraig22/status/835293517475872768"
"Kingyella","2017-02-24 18:17","0","0","@OfficialWebbie signing my wall. He said he luv #StLouis n can't wait to hit the stage tonight https://www.instagram.com/p/BQ53H5el-BX/","","@OfficialWebbie","#StLouis","835191901313716226","https://twitter.com/Kingyella/status/835191901313716226"
"thefirstdark","2017-02-24 07:13","0","0","Just posted a photo @Mexico, Missouri https://www.instagram.com/p/BQ4rOPLgQi4/","","@Mexico","","835024895071354880","https://twitter.com/thefirstdark/status/835024895071354880"
"SeanWMoore","2017-02-23 20:31","0","0","I am looking for a buyer on 5205 MEXICO GRAVEL ROAD #Columbia #MO #realestate http://tour.circlepix.com/home/5ZP2B2 pic.twitter.com/2HWJ8XSSqt","","","#Columbia #MO #realestate","834863212843585537","https://twitter.com/SeanWMoore/status/834863212843585537"
"RhymesWithLost","2017-02-23 03:19","0","0","I'm at Little Mexico in Alton, IL https://www.swarmapp.com/c/9mMHsua8DCP","","","","834603494703251456","https://twitter.com/RhymesWithLost/status/834603494703251456"
"toddgthompson","2017-02-22 20:28","0","0","I enjoyed speaking at #Leavenworth #Rotary last week about criminal issues facing the community. https://www.instagram.com/p/BQ08nriB0qV/","","","#Leavenworth #Rotary","834500206607495168","https://twitter.com/toddgthompson/status/834500206607495168"
"YungLuchieATL","2017-02-22 16:15","1","0","Meet My Fam @joeleighrattray and the gang ""February 24! St. Louis get ready ! Meet & Greet https://www.instagram.com/p/BQ0fnKvA3C_/","","@joeleighrattray","","834436416994213888","https://twitter.com/YungLuchieATL/status/834436416994213888"
"Mr_SoAmbitious","2017-02-22 14:03","0","0","Jamming to Kool & The Gang for my cardio session this morning ! #ilovecardio #fastedcardio https://www.instagram.com/p/BQ0QiXsDN-Q/","","","#ilovecardio #fastedcardio","834403265848696832","https://twitter.com/Mr_SoAmbitious/status/834403265848696832"
"BRiTTANYNiC0lED","2017-02-22 04:45","0","0","His first time there so he was a little scared sitting on the wall. #arthill #forestpark #nephew https://www.instagram.com/p/BQzQRX4jPF-/","","","#arthill #forestpark #nephew","834262834645184514","https://twitter.com/BRiTTANYNiC0lED/status/834262834645184514"
"lovedamaybe","2017-02-22 01:52","0","0","Amado Espinoza Trio Well, 2/3 of them Bolivia, Mexico, Kansas Based in OP/KC Favorites of https://www.instagram.com/p/BQy83gxDwKp/","","","","834219276227723265","https://twitter.com/lovedamaybe/status/834219276227723265"
"AmanCraig22","2017-02-22 00:44","0","0","Bball baby (@Mexico High School in Mexico, MO) https://www.swarmapp.com/c/46fqQvpysHs","","@Mexico","","834202175983202308","https://twitter.com/AmanCraig22/status/834202175983202308"
"billtb","2017-02-21 20:13","0","1","There's a wall between us. Just kidding ... seeing Great Wall with the love of my life on date day. (at @gqti) https://www.swarmapp.com/c/ehpyBQGH8KI","","@gqti","","834134083152261120","https://twitter.com/billtb/status/834134083152261120"
"Grant_Pearsick","2017-02-21 14:02","0","0","""Looks like a fun gang"" @Bromigos https://www.instagram.com/p/BQxrq7uDvYi/","","@Bromigos","","834040724756758528","https://twitter.com/Grant_Pearsick/status/834040724756758528"
"TallulahBelles1","2017-02-21 13:46","1","1","Stop by today and take a look at our photo wall and get to know @TallulahBelles1 a little https://www.instagram.com/p/BQxpvwHjxOi/","","@TallulahBelles1","","834036500505374721","https://twitter.com/TallulahBelles1/status/834036500505374721"
"grogg","2017-02-21 05:05","0","0","where are you going on your next holiday? We just got back from Mexico/LA/Vegas. doing Grand Canyon/Yellowstone next.","","","","833905561473277956","https://twitter.com/grogg/status/833905561473277956"
"FORMULA4HEALTH","2017-02-21 01:19","0","0","Wall sits aren't so bad when it's 75 degrees in the #STL ! #mondaymotivation #holiday https://www.instagram.com/p/BQwUWBXAl4X/","","","#STL #mondaymotivation #holiday","833848685666697216","https://twitter.com/FORMULA4HEALTH/status/833848685666697216"
"AmanCraig22","2017-02-21 01:19","1","0","I'm at Mosers in Mexico, MO https://www.swarmapp.com/c/6q6kXVMRztL","","","","833848682302865409","https://twitter.com/AmanCraig22/status/833848682302865409"
"3143152531y","2017-02-21 01:05","0","0","Illegal, means you are already committing a criminal act! Got that illegal immigrants?","","","","833845010646851590","https://twitter.com/3143152531y/status/833845010646851590"
"coorslightking","2017-02-20 23:35","0","0","Late lunch / early dinner #onthebordermexicangrill @On The Border https://www.instagram.com/p/BQwIa_hlUP90f_0WbNZR_-6Tr3Ocgh3ZYhoahU0/ ","","@On","#onthebordermexicangrill","833822476119527425","https://twitter.com/coorslightking/status/833822476119527425"
"Plasma_Tracks","2017-02-20 19:02","0","0","racetrack_cmp trophies getting tagged! @Plasma-Tracks Race Track Wall Art and Motorsports Trophies https://www.instagram.com/p/BQvpKZJAcX3/","","@Plasma","","833753729002328065","https://twitter.com/Plasma_Tracks/status/833753729002328065"
"pord_33","2017-02-20 17:50","0","1","Interesting painting on the wall! @University City, Missouri https://www.instagram.com/p/BQvg5HzAnn2mT54yvKc681sb0HuNiKSM5-Cjvo0/ ","","@University","","833735545494892547","https://twitter.com/pord_33/status/833735545494892547"
"LOVEVCL","2017-02-20 02:44","0","0","I climbed a wall for my birthday. @rokcclimb https://www.instagram.com/p/BQt5MMlAwULCrjBRx2V2GIfRUtvrY-bQyA6RL40/ ","","@rokcclimb","","833507499181502464","https://twitter.com/LOVEVCL/status/833507499181502464"
"randall_kc","2017-02-20 01:26","0","1","Not bad for a Sunday afternoon project. #patio #wall #outdoors https://www.instagram.com/p/BQtwQ6HFQVuCZUZC6UXdYM8TVZrIStfRSVaqV00/ ","","","#patio #wall #outdoors","833487878890123264","https://twitter.com/randall_kc/status/833487878890123264"
"jamesreb","2017-02-19 20:44","0","0","Groupon has cheap tickets for the MU-KU Border Showdown hockey game at Silverstein this https://www.instagram.com/p/BQtP-25gxRU/","","","","833416881629446145","https://twitter.com/jamesreb/status/833416881629446145"
"samuraihawk","2017-02-19 19:56","0","0","Nathan only takes me to the finest breweries. (@Border Brewing Company - @borderbrewco in Kansas City, MO) https://www.swarmapp.com/c/c6LiX7nXHaN","","@Border @borderbrewco","","833404948478038020","https://twitter.com/samuraihawk/status/833404948478038020"
"Vedransaldo","2017-02-19 16:00","0","0","Infrared vinyl getting displayed on my wall along side all your other merch and autographs love https://www.instagram.com/p/BQsviSDh558/","","","","833345534135906304","https://twitter.com/Vedransaldo/status/833345534135906304"
"daniel_bugz","2017-02-19 01:05","0","0","Paint Louis @Graffiti Wall https://www.instagram.com/p/BQrJFkOBOlH/","","@Graffiti","","833120246772883458","https://twitter.com/daniel_bugz/status/833120246772883458"
"BenParkerMusic","2017-02-18 22:14","0","0","Who said folk wasn't a hotbed of drug use. @folkalliance #benintheusa @sonoftownhall @Folk https://www.instagram.com/p/BQq1fD4A-sc/","","@folkalliance @sonoftownhall @Folk","#benintheusa","833077143445839875","https://twitter.com/BenParkerMusic/status/833077143445839875"
"fierygremlin","2017-02-18 19:06","0","0","Being a fatty today! Fajita nachos! @On The Border Mexican Grill & Cantina https://www.instagram.com/p/BQqgASsjqjm/","","@On","","833029907844300802","https://twitter.com/fierygremlin/status/833029907844300802"
"fierygremlin","2017-02-18 19:02","0","0","Day drinkin! @CJArtman32 @On The Border Mexican Grill & Cantina https://www.instagram.com/p/BQqfjrTDupY/","","@CJArtman32 @On","","833028922103234560","https://twitter.com/fierygremlin/status/833028922103234560"
"Erica_N_Madrid","2017-02-17 17:00","0","0","When you think you're honestly about to do a full split against the wall, while in a bridge, but https://www.instagram.com/p/BQnsxqahNRC/","","","","832635777758605315","https://twitter.com/Erica_N_Madrid/status/832635777758605315"
"ninamariarec","2017-02-17 04:11","1","1","I'll b in tha studio tonight with my brain and no drug... Wassup @Dreams2Legends","","@Dreams2Legends","","832442200302686208","https://twitter.com/ninamariarec/status/832442200302686208"
"reaganmkerr","2017-02-16 20:31","0","0","Gallery wall install has me feeling like... Dance party at afinefetekc with https://www.instagram.com/p/BQlgJ5Xl4sm/","","","","832326552704708609","https://twitter.com/reaganmkerr/status/832326552704708609"
"vetbiz","2017-02-15 22:09","0","0","One reason we like working at the VBRC office downtowntrex. This wall. Some days you just need a https://www.instagram.com/p/BQjGne6B_Nd/","","","","831988913573023745","https://twitter.com/vetbiz/status/831988913573023745"
"LegiScanMO","2017-02-15 22:06","0","0","SB423 [NEW] Removes the termination date for the MO Rx Prescription Drug Program http://bitly.com/ZCzawr","","","","831988075416997893","https://twitter.com/LegiScanMO/status/831988075416997893"
"FITMJC","2017-02-13 21:35","1","1","Third (& final!) week of our shoulder seriesagain ft @cresseysp for their wall slides with https://www.instagram.com/p/BQd5HQaB5W9/","","@cresseysp","","831255535861133312","https://twitter.com/FITMJC/status/831255535861133312"
"SpynStudio","2017-02-13 16:10","0","0","*New El Corazn with Wings is mounted on a wooden frame and floats off the wall. #stvalentine https://www.instagram.com/p/BQdT5qyltzT/","","","#stvalentine","831173706416267270","https://twitter.com/SpynStudio/status/831173706416267270"
"Maudes_Market","2017-02-13 03:28","0","0","He didn't quite know how to get off the wall. @Butterfly House Faust Park https://www.instagram.com/p/BQb8ub3jJK6/","","@Butterfly","","830982067206905859","https://twitter.com/Maudes_Market/status/830982067206905859"
"grogg","2017-02-13 01:38","0","1","So, 2017 Topps is better than 2016, but the blurry backgrounds and borderless cards that end up wasting more space than a border still hurt.","","","","830954351678078976","https://twitter.com/grogg/status/830954351678078976"
"AmanCraig22","2017-02-12 16:28","0","0","I'm at Genesis Church in Mexico, MO https://www.swarmapp.com/c/9LP9b8t3f0r","","","","830815848805855232","https://twitter.com/AmanCraig22/status/830815848805855232"
"3143152531y","2017-02-12 14:06","0","0","It is time to crack down on all of the illegal immigration. By the way they are not documented therefore they don't pay taxes Jim Ovala!","","","","830780157673738240","https://twitter.com/3143152531y/status/830780157673738240"
"EncoreBoutique","2017-02-12 03:34","0","0","Sometimes we don't paint. Sometimes we make cool modern wall hangings for a special girl's https://www.instagram.com/p/BQZYiY0AEJf/","","","","830620950362222592","https://twitter.com/EncoreBoutique/status/830620950362222592"
"Tigerone55","2017-02-12 02:48","0","0","First beer light for the wall or ceiling using my favorite Boulevard https://www.instagram.com/p/BQZTT0ujqSXmavmXo3vVGo2rIYe58n31ibmULU0/ ","","","","830609450717290496","https://twitter.com/Tigerone55/status/830609450717290496"
"BreakoutFitSTL","2017-02-11 19:46","1","2","Another fun Fight For Air Stairclimb boot camp in the books!! Great job this morning gang!! @ https://www.instagram.com/p/BQYi_n8hGhr/","","@","","830503207172349952","https://twitter.com/BreakoutFitSTL/status/830503207172349952"
"KingvegasSTL","2017-02-11 01:35","0","0","Chillin' at the Serpentine wall on a mild winter day with my honey. #walk #healthy #winter https://www.instagram.com/p/BQWmN8ylJJf/","","","#walk #healthy #winter","830228821618151428","https://twitter.com/KingvegasSTL/status/830228821618151428"
"AmanCraig22","2017-02-11 01:18","0","0","A little Frida night bball (@Mexico High School in Mexico, MO) https://www.swarmapp.com/c/ivsy1z2tWvh","","@Mexico","","830224356206845952","https://twitter.com/AmanCraig22/status/830224356206845952"
"ayeejuliaaa","2017-02-10 23:45","0","0","@Graffiti Wall https://www.instagram.com/p/BQWWnrMAXUSTH8z5Zn-rSM1n5H5io4THhQsG4I0/ ","","@Graffiti","","830201155649146880","https://twitter.com/ayeejuliaaa/status/830201155649146880"
"AmazingTRAPier","2017-02-09 23:45","0","0","Everyday I'm creating something new for the youth #bless @Graffiti Wall https://www.instagram.com/p/BQT0yZVARiI/","","@Graffiti","#bless","829838648162000896","https://twitter.com/AmazingTRAPier/status/829838648162000896"
"covetedhome","2017-02-09 22:58","0","0","Plants a million | To the window, to the wall! What do you think? Gush on about your favorite https://www.instagram.com/p/BQTvaJ-B2lI/","","","","829826829380759552","https://twitter.com/covetedhome/status/829826829380759552"
"3143152531y","2017-02-09 22:37","0","0","Build toll booties on the border of Mexico. Let's make money from the illegals crossing. It will pay for our healthcare.","","","","829821640812949504","https://twitter.com/3143152531y/status/829821640812949504"
"creationsbycath","2017-02-09 17:19","0","0","Beautiful wall art... a perfect way to express your love... Especially since I am giving a 25% https://www.instagram.com/p/BQTIm69gKWT/","","","","829741493631975425","https://twitter.com/creationsbycath/status/829741493631975425"
"SeanWMoore","2017-02-09 15:27","0","0","I am looking for a buyer on 5205 MEXICO GRAVEL ROAD #Columbia #MO #realestate http://tour.circlepix.com/home/5ZP2B2 pic.twitter.com/cz6Bu864qq","","","#Columbia #MO #realestate","829713299407147009","https://twitter.com/SeanWMoore/status/829713299407147009"
"thefirstdark","2017-02-08 19:25","0","0","#mykindaofday @Mexico Meadows Apartments https://www.instagram.com/p/BQQySjLDpR4/","","@Mexico","#mykindaofday","829410940265324545","https://twitter.com/thefirstdark/status/829410940265324545"
"thefirstdark","2017-02-07 20:43","0","0","And so I shall have it... @Mexico Meadows Apartments https://www.instagram.com/p/BQOWZoQAlvM/","","@Mexico","","829068133474369536","https://twitter.com/thefirstdark/status/829068133474369536"
"AmazingTRAPier","2017-02-07 20:28","0","1","Moves _unfocused_photography_ @Graffiti Wall https://www.instagram.com/p/BQOUoLTgUAB/","","@Graffiti","","829064240585666564","https://twitter.com/AmazingTRAPier/status/829064240585666564"
"rlambkin","2017-02-07 19:58","0","0","#Trump and his followers are analogous to a border collie and a herd of sheep. Trump barks, and the sheep react, well, sheepishly.","","","#Trump","829056705346560004","https://twitter.com/rlambkin/status/829056705346560004"
"dorimarielove","2017-02-07 06:09","0","0","This very poster hung on hollyscott09's wall as a teenager. Holly and I met at Vaca Pena. Very https://www.instagram.com/p/BQMyZylBUvX/","","","","828848236408381441","https://twitter.com/dorimarielove/status/828848236408381441"
"YakBoyFresh","2017-02-07 04:52","1","4","The feeling of the Holy Spirit is better then any drug , any buzz, any high I've ever https://www.instagram.com/p/BQMpkwbgym3/","","","","828828824263655424","https://twitter.com/YakBoyFresh/status/828828824263655424"
"mbeesonwoodwork","2017-02-06 23:48","0","0","Here's end of the day. Got the wall temporarily sheeted with wood instead of the metal. This https://www.instagram.com/p/BQMGvHbjdIC/","","","","828752215061962752","https://twitter.com/mbeesonwoodwork/status/828752215061962752"
"shinobifitness","2017-02-06 19:11","0","2","A little precision wall jump. #shinobifitness, #boxjump, #precision, #americanninjawarrior, https://www.instagram.com/p/BQLnCU5lQUn/","","","#shinobifitness #boxjump #precision #americanninjawarrior","828682512054501376","https://twitter.com/shinobifitness/status/828682512054501376"
"TotalTrafficSTL","2017-02-06 08:12","0","0","Accident in #Wentzville on Mexico Rd east of State Hwy P #STLtraffic http://bit.ly/17hxde2","","","#Wentzville #STLtraffic","828516808122589184","https://twitter.com/TotalTrafficSTL/status/828516808122589184"
"ansoniaserrano","2017-02-06 04:07","0","1","Newest member of the Ace Gang, meet Cheese @University of Central Missouri https://www.instagram.com/p/BQJ_kcXgDqj/","","@University","","828454980667445248","https://twitter.com/ansoniaserrano/status/828454980667445248"
"greenheadfever","2017-02-06 01:47","0","0","Whole gang out for a hike! Beautiful day. #hiking #naturerocks @Cuivre River State Park https://www.instagram.com/p/BQJvmAig3H_/","","@Cuivre","#hiking #naturerocks","828419848778690560","https://twitter.com/greenheadfever/status/828419848778690560"
"Shea_Lizzy","2017-02-05 20:37","0","1","We will now officially be able to climb your wall Mr. Trump @The https://www.instagram.com/p/BQJMFnyBydf-R1aIVPjv0JRCZ_uCGwZvTaape40/ ","","@The","","828341768298991616","https://twitter.com/Shea_Lizzy/status/828341768298991616"
"inkcapps","2017-02-05 19:41","0","0","The wall of Nathan... @Spillen Ink https://www.instagram.com/p/BQJFvBjAKc9/","","@Spillen","","828327798129451008","https://twitter.com/inkcapps/status/828327798129451008"
"TwinCityCEO","2017-02-05 08:39","0","2","in KC in the cut Rollin' Doobies Up!.. #GANG @WAVE - Lounge & Grill https://www.instagram.com/p/BQH56Z-AZHfByIQse8L0YrW2Ejl1JqmEQkt2lI0/ ","","@WAVE","#GANG","828161066702094336","https://twitter.com/TwinCityCEO/status/828161066702094336"
"SheldonPegram","2017-02-05 02:21","0","0","Just posted a photo @On The Border Mexican Grill & Cantina https://www.instagram.com/p/BQHOqR5lQF9/","","@On","","828065957536989184","https://twitter.com/SheldonPegram/status/828065957536989184"
"ModestDweeb","2017-02-04 21:14","0","0","March to the Arch for immigration and refugees. #nomuslimban https://www.instagram.com/p/BQGrdJhAA7JNiV2Qs1rA-cBN20IqcS_sr_g-rw0/ ","","","#nomuslimban","827988680744828929","https://twitter.com/ModestDweeb/status/827988680744828929"
"BrianLegate","2017-02-04 20:32","0","0","#STL Protest Against Muslim Ban and Immigration Orders #CAIR #lovethyneighbor @Thomas F. https://www.instagram.com/p/BQGmtqplUFs/","","@Thomas","#STL #CAIR #lovethyneighbor","827978114114453509","https://twitter.com/BrianLegate/status/827978114114453509"
"OutlawFitness","2017-02-04 14:11","0","1","These Tribers crushed it! Rowing, wall balls and planking team workout! @Iron Tribe Fitness https://www.instagram.com/p/BQF7ItpgUBm/","","@Iron","","827882287714938881","https://twitter.com/OutlawFitness/status/827882287714938881"
"TheBoeingCenter","2017-02-03 20:50","0","0","The gang's all here @the #MOCC awards ceremony  #supplychain #innovation #monsanto #college https://www.instagram.com/p/BQED9pbDWLU/","","@the","#MOCC #supplychain #innovation #monsanto #college","827620218134478848","https://twitter.com/TheBoeingCenter/status/827620218134478848"
"thefirstdark","2017-02-03 17:29","0","0","Stevie.!!! #eternal @Mexico Meadows Apartments https://www.instagram.com/p/BQDs940DMsN/","","@Mexico","#eternal","827569646605856772","https://twitter.com/thefirstdark/status/827569646605856772"
"thefirstdark","2017-02-03 17:19","0","0","#eternal @City of Mexico https://www.instagram.com/p/BQDr1OlDrb5/","","@City","#eternal","827567150592356353","https://twitter.com/thefirstdark/status/827567150592356353"
"thefirstdark","2017-02-03 17:06","0","0","#eternal @Mexico Meadows Apartments https://www.instagram.com/p/BQDqacvDyHO/","","@Mexico","#eternal","827564031384891392","https://twitter.com/thefirstdark/status/827564031384891392"
"JCorcione","2017-02-03 01:00","0","0","I'm at Jose Pepper's Border Grill & Cantina in Kansas City, MO https://www.swarmapp.com/c/h6OGmhQJ221","","","","827320834779914246","https://twitter.com/JCorcione/status/827320834779914246"
"BannadStudios","2017-02-02 04:04","0","0","This is so accurate...lol...I think I need this printed and framed for the wall in my https://www.instagram.com/p/BP_sDXAh0ne/","","","","827004686599204864","https://twitter.com/BannadStudios/status/827004686599204864"
"StacyDempsey","2017-02-02 03:11","5","8","they are no longer ""protesting"". This is now criminal mayhem. Arrest them all.","","","","826991346321915906","https://twitter.com/StacyDempsey/status/826991346321915906"
"c_marie1390","2017-02-02 02:07","0","0","Spending some quality time with @keele101racing tonight at the ER. Wall-1, Kaleb-0. #bustedface https://www.instagram.com/p/BP_etschiPE/","","@keele101racing","#bustedface","826975353339990016","https://twitter.com/c_marie1390/status/826975353339990016"
"andybondurant","2017-02-01 23:23","0","0","Immigration, walls, reform - most of us don't have the solution. Through long talks with people https://www.instagram.com/p/BP_L897j-G4/","","","","826934100208582658","https://twitter.com/andybondurant/status/826934100208582658"
"shinobifitness","2017-02-01 19:05","0","0","When your daughter wants to video tape you running the warped wall, even though your right https://www.instagram.com/p/BP-uWoGFM6e/","","","","826869044015935489","https://twitter.com/shinobifitness/status/826869044015935489"
"MusicRecordShop","2017-01-31 21:26","0","1","Love having these wall racks back! @Dotzack- .ZACK https://www.instagram.com/p/BP8ZxW4AKp7/","","@Dotzack","","826542285651320832","https://twitter.com/MusicRecordShop/status/826542285651320832"
"shinobifitness","2017-01-31 06:18","0","0","4 year old Ella, showing the safe/proper way to come down a 10' warped wall, if you can't make https://www.instagram.com/p/BP6x3FxliBU/","","","","826313783958179840","https://twitter.com/shinobifitness/status/826313783958179840"
"itsaulbeer","2017-01-31 02:58","0","0","Drinking an Urban Gang by @urbanchestnut at @urbanchestnut  http://untp.beer/s/c412022121","","@urbanchestnut @urbanchestnut","","826263257098883073","https://twitter.com/itsaulbeer/status/826263257098883073"
"TallulahBelles1","2017-01-31 02:34","0","1","Always remember to expect the unexpected. Who knew there was a behind that aluminum wall? https://www.instagram.com/p/BP6YOF-lF56/","","","","826257399992483848","https://twitter.com/TallulahBelles1/status/826257399992483848"
"SeanWMoore","2017-01-31 00:35","0","0","I am looking for a renter on 5205 MEXICO GRAVEL RD #Columbia #MO #realestate http://tour.circlepix.com/home/GSENML pic.twitter.com/mK9PyNmWBs","","","#Columbia #MO #realestate","826227329693126656","https://twitter.com/SeanWMoore/status/826227329693126656"
"FITMJC","2017-01-30 16:35","0","0","Day of Week 1 (out of three) of our shoulder health series featuring @cresseysp back to wall https://www.instagram.com/p/BP5TrJGh7Fp/","","@cresseysp","","826106649588830209","https://twitter.com/FITMJC/status/826106649588830209"
"TheSauceShop","2017-01-30 05:09","0","0","Wall art at Woodyard BBQ in Kansas City. Get the FREE Sauce Shop App in the Apple and Android https://www.instagram.com/p/BP4FJwSj8Ng/","","","","825933982093176832","https://twitter.com/TheSauceShop/status/825933982093176832"
"thefirstdark","2017-01-30 00:08","0","0","Just posted a photo @Mexico, Missouri https://www.instagram.com/p/BP3irOND59h/","","@Mexico","","825858164981714944","https://twitter.com/thefirstdark/status/825858164981714944"
"Gardentstate","2017-01-29 21:26","0","1","Imperial Coffee Stout (@Border Brewing Company - @borderbrewco in Kansas City, MO) https://www.swarmapp.com/c/ksFTdwup7cO pic.twitter.com/o6kIIC2xLK","","@Border @borderbrewco","","825817474667073537","https://twitter.com/Gardentstate/status/825817474667073537"
"GoodmanImage","2017-01-29 20:08","0","1","Protest at Lambert International Airport on immigration @Lambert-St. Louis International https://www.instagram.com/p/BP3HK3Pj8Pw/","","@Lambert","","825797681536708609","https://twitter.com/GoodmanImage/status/825797681536708609"
"GoodmanImage","2017-01-29 20:05","0","0","Protest on immigration at Lambert Saint Louis International Airport @Lambert-St. Louis https://www.instagram.com/p/BP3G5IpjDsj/","","@Lambert","","825797092950032384","https://twitter.com/GoodmanImage/status/825797092950032384"
"Peinado_Liz","2017-01-29 19:28","1","3","No ban. No wall. America is home to all! @Lambert-St. Louis International Airport (Official) https://www.instagram.com/p/BP3Csl1htsa/","","@Lambert","","825787845000384513","https://twitter.com/Peinado_Liz/status/825787845000384513"
"Miira_Insights","2017-01-29 05:53","0","0","Fight the New Drug https://beyoutifulimperfection.wordpress.com/2017/01/28/fight-the-new-drug pic.twitter.com/GEKmdFn4iP","","","","825582526509023232","https://twitter.com/Miira_Insights/status/825582526509023232"
"garmsu","2017-01-29 00:20","0","0","The Zou is not the same without The Springfield Tailgate Gang. @ https://www.instagram.com/p/BP0_NoTAoEHfwkOBPoMlc4dJj1W8Z2AAQC2J9k0/ ","","@","","825498707126845444","https://twitter.com/garmsu/status/825498707126845444"
"OhJuliaAnn","2017-01-28 23:38","0","0","Mirror mirror on the wall, who loves selfies most of all? @Saint Louis Galleria https://www.instagram.com/p/BP06chRgogu/","","@Saint","","825488238278242304","https://twitter.com/OhJuliaAnn/status/825488238278242304"
"ke6cct","2017-01-28 17:41","0","0","thanks for shutting of immigration flow to keep terror potential low.","","","","825398498715512832","https://twitter.com/ke6cct/status/825398498715512832"
"CarissaFiggins","2017-01-28 15:54","0","0","Last goodbyes or until we see you again. @Mexico United Methodist Church https://www.instagram.com/p/BP0FVinDkgG/","","@Mexico","","825371438022529024","https://twitter.com/CarissaFiggins/status/825371438022529024"
"ElizabethAult","2017-01-28 14:42","0","0","#aisforactivist after hearing Trump's plan for immigration, I wanted https://www.instagram.com/p/BPz9H_jBetUmnMnbr3m_BqtF6UvAp33mm_e4cI0/ ","","","#aisforactivist","825353377370353665","https://twitter.com/ElizabethAult/status/825353377370353665"
"3143152531y","2017-01-27 19:30","0","0","That is Mexico's problem.","","","","825063446605619201","https://twitter.com/3143152531y/status/825063446605619201"
"MillsRecords","2017-01-27 16:44","0","1","That New Release wall is looking nice and new. Grab some sun today and come snag a new record. https://www.instagram.com/p/BPxlqexhvZW/","","","","825021682121207808","https://twitter.com/MillsRecords/status/825021682121207808"
"thefirstdark","2017-01-27 11:20","0","0","""Who do you wanna be today?"" #makeitcount @Mexico Meadows Apartments https://www.instagram.com/p/BPxBPFMDkxH/","","@Mexico","#makeitcount","824940205266321409","https://twitter.com/thefirstdark/status/824940205266321409"
"LootRockGang","2017-01-27 05:37","0","0","Next month, we are doing another Loot Rock Gang Duo show. Come to Lamotte Cafe in Fredericktown, https://www.instagram.com/p/BPwZ5ychs9T/","","","","824853714863140866","https://twitter.com/LootRockGang/status/824853714863140866"
"TheRealYG17","2017-01-27 02:41","0","1","My pilot was British. He is clearly taking a job an American can do. We should build a 40,000 foot wall along the Atlantic coastline. #MAGA!","","","#MAGA","824809642299637761","https://twitter.com/TheRealYG17/status/824809642299637761"
"Shockettes","2017-01-26 22:28","0","1","Prefer a beautiful wall that celebrates diversity and community . @cityOfKCK @Downtown Kansas City https://www.instagram.com/p/BPvo5pMjV-T/","","@cityOfKCK @Downtown","","824745957153726464","https://twitter.com/Shockettes/status/824745957153726464"
"RallyFormals","2017-01-26 21:40","0","0","Loving this lil black wall in the store! #lbd #backinblack #blackcelebration #shopstegen @Rally https://www.instagram.com/p/BPvjWskgWOn/","","@Rally","#lbd #backinblack #blackcelebration #shopstegen","824733761384435714","https://twitter.com/RallyFormals/status/824733761384435714"
"jennrosenblatt","2017-01-26 21:08","1","2","Half the gang is here! #lnk #thetoiletdress #pipelineinnovators #ladieslaunchlincoln @Alamo https://www.instagram.com/p/BPvfwGJAcz9/","","@Alamo","#lnk #thetoiletdress #pipelineinnovators #ladieslaunchlincoln","824725835714334720","https://twitter.com/jennrosenblatt/status/824725835714334720"
"SeanWMoore","2017-01-26 15:15","0","0","I am looking for a buyer on 5205 MEXICO GRAVEL ROAD #Columbia #MO #realestate http://tour.circlepix.com/home/5ZP2B2 pic.twitter.com/0gdqLmmCjb","","","#Columbia #MO #realestate","824636820746964992","https://twitter.com/SeanWMoore/status/824636820746964992"
"LegiScanMO","2017-01-25 23:36","0","0","SB344 [NEW] Creates a procedure for the expungement of criminal records relating to prostitution http://bitly.com/Zc6dau","","","","824400686318292993","https://twitter.com/LegiScanMO/status/824400686318292993"
"Cassidysb247","2017-01-25 23:34","0","0","Finally got my mug wall! Yes I collect mugs and yes I have too https://www.instagram.com/p/BPtLosigHHvr7CcOp8MSFF6rV2j1qaGoHylT8g0/ ","","","","824400129725575168","https://twitter.com/Cassidysb247/status/824400129725575168"
"RPinkasHernan","2017-01-25 15:38","0","0","Build the wall then BLAST IT DOWN!!! #dumptrump #notrumpnokkknofascistusa #nowalls https://www.instagram.com/p/BPsVKbxAun6/","","","#dumptrump #notrumpnokkknofascistusa #nowalls","824280339954749440","https://twitter.com/RPinkasHernan/status/824280339954749440"
"AmanCraig22","2017-01-25 01:53","0","0","Let's go Dawgs (@Mexico High School in Mexico, MO) https://www.swarmapp.com/c/bjDgTd43T3p","","@Mexico","","824072792484311044","https://twitter.com/AmanCraig22/status/824072792484311044"
"LegiScanMO","2017-01-24 23:16","0","0","HB736 [NEW] Establishes the ""911 Good Samaritan Act"" which gives a person immunity from criminal liability for a ... http://bitly.com/ZBDjRf","","","","824033085624877056","https://twitter.com/LegiScanMO/status/824033085624877056"
"ArchElements","2017-01-24 20:42","0","0","Wall to wall carpet  Designed and fabricated this 15' long run of display racking for carpet https://www.instagram.com/p/BPqTJtrBH3Q/","","","","823994441564200960","https://twitter.com/ArchElements/status/823994441564200960"
"LegiScanMO","2017-01-24 18:27","0","1","HB710 [NEW] Allows a participant in drug court to receive medication assisted treatment if under the care of a ph... http://bitly.com/X9hmdw","","","","823960338903273473","https://twitter.com/LegiScanMO/status/823960338903273473"
"robertsn300","2017-01-23 23:04","0","0","Ever had to go so bad you pooped on a wall? #dogshaming @Missouri Western State University https://www.instagram.com/p/BPn-jeAAXqU/","","@Missouri","#dogshaming","823667671757623298","https://twitter.com/robertsn300/status/823667671757623298"
"Plasma_Tracks","2017-01-23 16:59","0","0","12"" aluminum putnampark & racemir @Plasma-Tracks Race Track Wall Art and Motorsports Trophies https://www.instagram.com/p/BPnUyw3ApDM/","","@Plasma","","823575842655649793","https://twitter.com/Plasma_Tracks/status/823575842655649793"
"catbacker77","2017-01-23 00:04","0","0","Drinking a Wall's End by @northgatebrew @The Wight House  http://untp.beer/s/c409280363 #photo","","@northgatebrew @The","#photo","823320389946327040","https://twitter.com/catbacker77/status/823320389946327040"
"RichieTheHippie","2017-01-22 02:41","0","0","Gang Rule #1 Dont Tell @City of East Saint Louis https://www.instagram.com/p/BPi1E29lkaO/","","@City","#1","822997575804469249","https://twitter.com/RichieTheHippie/status/822997575804469249"
"SneakerGirl","2017-01-22 02:15","0","0","Hey, we should take a picture.... I know...let's do a wall sit. https://www.instagram.com/p/BPjK398Dz7NmyqOx7W62NO1Sd6g3wcKdT-nnxU0/ ","","","","822991082447368193","https://twitter.com/SneakerGirl/status/822991082447368193"
"AmanCraig22","2017-01-21 21:19","0","1","Finally home and clean. Feel good. (@Humble Home in Mexico, MO) https://www.swarmapp.com/c/hkLubSIf71N","","@Humble","","822916565117140992","https://twitter.com/AmanCraig22/status/822916565117140992"
"mewsicmamma","2017-01-21 17:47","0","0","First stop Mom's favorite, On The Border. Emerson likes it when I point at him. @On The https://www.instagram.com/p/BPiQvVfgmtZ/","","@On","","822863236794122240","https://twitter.com/mewsicmamma/status/822863236794122240"
"mjlaaker6","2017-01-21 03:29","0","0","Make America great again @Sigma Phi Epsilon at Missouri S&T https://www.instagram.com/p/BPgugCaBAC6/","","@Sigma","","822647209955098627","https://twitter.com/mjlaaker6/status/822647209955098627"
"dwntownpiercing","2017-01-21 03:13","0","0","Weight gang @Iron Age Tattoo https://www.instagram.com/p/BPgsvRchA5F/","","@Iron","","822643347173019652","https://twitter.com/dwntownpiercing/status/822643347173019652"
"AngSuperPowers","2017-01-21 00:27","0","8","Today was about a wall of kindness, not hate! #NoNameCallingWeek #InagurationDay2017 #ravenpride @Ravonics1710 @gsa_onw @GLSENpic.twitter.com/u4qQpbX7dl  at Olathe Northwest High School","","@Ravonics1710 @gsa_onw @GLSENpic","#NoNameCallingWeek #InagurationDay2017 #ravenpride","822601520160063488","https://twitter.com/AngSuperPowers/status/822601520160063488"
"Gtune73","2017-01-20 17:14","0","0","Mexico I'm balling like I'm Mexico @Kansas City, Missouri https://www.instagram.com/p/BPfoJ9UD_r8I-77FBfUEUMXm3u2mLaHUHnv0JY0/ ","","@Kansas","","822492522509377536","https://twitter.com/Gtune73/status/822492522509377536"
"aaronlaxton","2017-01-20 13:10","0","0","On a day like today, you dress like you are going to a funeral. @Criminal Justice Ministry http://ln.is/www.instagram.com/p/3lmkj ","","@Criminal","","822431034092482560","https://twitter.com/aaronlaxton/status/822431034092482560"
