"username","date","retweets","favorites","text","geo","mentions","hashtags","id","permalink"
"GrazingFarm","2017-04-19 21:21","0","0","#daisyonthefarm. A serious couch snuggling I'm here for you mom kind of border collie. No lap https://www.instagram.com/p/BTFPKG9hnOl/","","","#daisyonthefarm","854807172751826944","https://twitter.com/GrazingFarm/status/854807172751826944"
"chuckgianakos","2017-04-19 18:44","0","0","On a wall on #mainstreet #art #work #city #stroudsburg #pa #pennsylvania - I thoroughly enjoyed https://www.instagram.com/p/BTE9MeDhLqj/","","","#mainstreet #art #work #city #stroudsburg #pa #pennsylvania","854767668578078720","https://twitter.com/chuckgianakos/status/854767668578078720"
"TUSidelines","2017-04-19 16:53","1","3","Spencer Wall (no auto correct this time) retires the side in order in the third as Colonie leads BSpa 2-0","","","","854739787579785216","https://twitter.com/TUSidelines/status/854739787579785216"
"GoodSpiritsNews","2017-04-19 15:11","0","0","Berlin Wall @Museum of Science & Technology - MOST https://www.instagram.com/p/BTEk33FgqBj/","","@Museum","","854714181437796352","https://twitter.com/GoodSpiritsNews/status/854714181437796352"
"ImanIPAguy","2017-04-18 22:43","0","1","Birthday beer with my wife Michele M.! - Drinking a Gang of Blades @East Greenbush, NY - http://untp.beer/s/c441954714 #photo","","@East","#photo","854465554832388100","https://twitter.com/ImanIPAguy/status/854465554832388100"
"djcurtkrez","2017-04-18 08:21","1","0","Repost via @maserati_styles - w/ repostwhiz app: T.I & FRIENDS LIVE IN CONCERT HUSTLE GANG https://www.instagram.com/p/BTBRFQDluo_/","","@maserati_styles","","854248484135948289","https://twitter.com/djcurtkrez/status/854248484135948289"
"ChrisEcto1","2017-04-17 18:06","0","0","16x20 ""Lace and Heels"". DM me to get this on your wall. Spring cleaning discount so ask https://www.instagram.com/p/BS_vOU2hVvG/","","","","854033258190741508","https://twitter.com/ChrisEcto1/status/854033258190741508"
"brewshark88","2017-04-16 23:05","0","0","After the Border Wall is built, the U.S. will re-instate the Draft and the draftees will be sent to the vegetable and fruit fields.","","","","853746264642637824","https://twitter.com/brewshark88/status/853746264642637824"
"RahnelleJ","2017-04-16 17:58","0","0","Who's not gang, bitch? Let me find out @Gordon's Tap Room http://ln.is/www.instagram.com/p/JjIiZ ","","@Gordon","","853669017906753536","https://twitter.com/RahnelleJ/status/853669017906753536"
"EmergeGalleryNY","2017-04-16 16:53","0","0","Time to make the donuts! Behind the scenes with artist Amy Puccio. Amy creates wonderful wall https://www.instagram.com/p/BS9CD4bFp-m/","","","","853652477832560643","https://twitter.com/EmergeGalleryNY/status/853652477832560643"
"TaylorHillJ","2017-04-16 12:53","0","1","""I had a dream now I'm tryna keep the vision; No more non-violent drug offenders in the https://www.instagram.com/p/BS8mpELARej/","","","","853592176609177601","https://twitter.com/TaylorHillJ/status/853592176609177601"
"tarotakizawart","2017-04-15 16:59","0","1","Thank you very much for everyone who came out last night for the opening at @cfac my next wall https://www.instagram.com/p/BS6eBmmFBUc/","","@cfac","","853291759622860800","https://twitter.com/tarotakizawart/status/853291759622860800"
"VintageMeegan","2017-04-15 16:16","0","0","Nothing says Spring like psychedelic wall art... frogs butterflies mushrooms ... this piece https://www.instagram.com/p/BS6ZEUHjh3G/","","","","853280849239961604","https://twitter.com/VintageMeegan/status/853280849239961604"
"iotportal1","2017-04-15 14:38","0","0","#10: Black Edge: Inside Information, Dirty Money, and the Quest to Bring Down the Most Wanted Man on Wall Street http://dlvr.it/Nv7bqg pic.twitter.com/2devVNAlgR","","","#10","853256153697894401","https://twitter.com/iotportal1/status/853256153697894401"
"kyliefletcher7","2017-04-15 01:00","0","1","some things never change @Mexico Point Park https://www.instagram.com/p/BS4wPejF87J/","","@Mexico","","853050346771550208","https://twitter.com/kyliefletcher7/status/853050346771550208"
"AnakiKHearts","2017-04-14 18:22","0","1","Thanks to a switch on the wall by the bed. @emersonresort @loveroxie77 #happyanniversary https://www.instagram.com/p/BS4Cr22A9Vy/","","@emersonresort @loveroxie77","#happyanniversary","852950157721206788","https://twitter.com/AnakiKHearts/status/852950157721206788"
"RussettLauren","2017-04-13 22:35","0","0","gablusig & I found a cool wall today before we spent all our money:) https://www.instagram.com/p/BS165rogmbWtQRvvpuh1Q2QUa2X5yoan0x4NgI0/ ","","","","852651562430328832","https://twitter.com/RussettLauren/status/852651562430328832"
"NatashaKrolo_","2017-04-13 17:19","0","0","When your study area has a big orange wall that's just staring at https://www.instagram.com/p/BS1WrfIB78kKgBwU1VyU3tbcpEIte6dGVCMAss0/ ","","","","852571910005170176","https://twitter.com/NatashaKrolo_/status/852571910005170176"
"ChrisEcto1","2017-04-13 14:43","0","0","16x20 Jordan 1 ... DM to get this on your wall. #jordan1 #jordans #jordan #sneakerhead https://www.instagram.com/p/BS1E2cIgroz/","","","#jordan1 #jordans #jordan #sneakerhead","852532703778025472","https://twitter.com/ChrisEcto1/status/852532703778025472"
"Katieoevents","2017-04-13 11:13","0","0","#tbt to this fabulous image from clarkwalkerstudio of this beautifully designed flower wall at https://www.instagram.com/p/BS0s2Xtl-kn/","","","#tbt","852479931632189440","https://twitter.com/Katieoevents/status/852479931632189440"
"djcurtkrez","2017-04-12 17:54","1","0","Repost via @maserati_styles - w/ repostwhiz app: HUSTLE GANG TOUR MAY 12th @MidHudsonCC https://www.instagram.com/p/BSy17_Algxd/","","@maserati_styles @MidHudsonCC","","852218441104855040","https://twitter.com/djcurtkrez/status/852218441104855040"
"MichelelaMaison","2017-04-12 10:38","0","0","Yellow roses are an unexpected feminine touch to this metal wall planter. #baldwinsville, https://www.instagram.com/p/BSyED5jDVe9/","","","#baldwinsville","852108756288770049","https://twitter.com/MichelelaMaison/status/852108756288770049"
"iotportal1","2017-04-12 02:20","0","0","#9: Black Edge: Inside Information, Dirty Money, and the Quest to Bring Down the Most Wanted Man on Wall Street http://dlvr.it/NsZT8t","","","#9","851983282207981568","https://twitter.com/iotportal1/status/851983282207981568"
"TheNectarsMusic","2017-04-11 22:45","1","1","Sometimes life puts up a brick wall, and that's when you cover it with a brontosaurus made of https://www.instagram.com/p/BSwyZbpAZhn/","","","","851929179557949441","https://twitter.com/TheNectarsMusic/status/851929179557949441"
"djcurtkrez","2017-04-11 00:46","0","0","Repost via @maserati_styles - w/ repostwhiz app: T.I & FRIENDS LIVE IN CONCERT HUSTLE GANG https://www.instagram.com/p/BSubZeplRce/","","@maserati_styles","","851597289105883138","https://twitter.com/djcurtkrez/status/851597289105883138"
"iotportal1","2017-04-10 20:01","0","0","#7: Black Edge: Inside Information, Dirty Money, and the Quest to Bring Down the Most Wanted Man on Wall Street http://dlvr.it/Ns0Gcl","","","#7","851525621406511104","https://twitter.com/iotportal1/status/851525621406511104"
"dzinermom","2017-04-10 19:21","0","0","I'm at NY/MA Border in West Stockbridge, MA https://www.swarmapp.com/c/gSReSEnJucn","","","","851515492623945728","https://twitter.com/dzinermom/status/851515492623945728"
"iotportal1","2017-04-10 07:55","0","0","#8: A Man for All Markets: From Las Vegas to Wall Street, How I Beat the Dealer and the Market http://dlvr.it/NrjySj","","","#8","851342947178000384","https://twitter.com/iotportal1/status/851342947178000384"
"AndyArthur","2017-04-09 23:13","0","0","Diabetes Epidemic In Mexico Is Fueled By Deep-Fried Tamales And Many Gallons Of Soda http://www.npr.org/sections/goatsandsoda/2017/04/08/522184483/pork-tacos-topped-with-fries-fuel-for-mexicos-diabetes-epidemic ","","","","851211399774720001","https://twitter.com/AndyArthur/status/851211399774720001"
"iotportal1","2017-04-09 19:51","0","0","#10: A Man for All Markets: From Las Vegas to Wall Street, How I Beat the Dealer and the Market http://dlvr.it/NrXfCW","","","#10","851160586360508416","https://twitter.com/iotportal1/status/851160586360508416"
"iotportal1","2017-04-09 13:48","0","0","#7: Black Edge: Inside Information, Dirty Money, and the Quest to Bring Down the Most Wanted Man on Wall Street http://dlvr.it/NrRPzf","","","#7","851069230589943808","https://twitter.com/iotportal1/status/851069230589943808"
"dzinermom","2017-04-09 11:50","0","0","I'm at NY/MA Border in West Stockbridge, MA https://www.swarmapp.com/c/e0GItuxFmvc","","","","851039505045999617","https://twitter.com/dzinermom/status/851039505045999617"
"CraftyKrystin","2017-04-09 02:21","0","0","Fast Food Pairing Course 3: Run For the Border Carnitas Quesadilla and Mexican White Rice w/ https://www.instagram.com/p/BSpcyUjBUDC/","","","","850896490574659584","https://twitter.com/CraftyKrystin/status/850896490574659584"
"dzinermom","2017-04-08 18:05","0","0","Wall of mulch, anyone? (@Fastrac Herkimer Road in Utica, NY) https://www.swarmapp.com/c/dNDd8kreIYq pic.twitter.com/yDUQbOZLPK","","@Fastrac","","850771673477525504","https://twitter.com/dzinermom/status/850771673477525504"
"TuCochitica","2017-04-08 15:54","0","0","Gang I missed them so much @Hamilton College https://www.instagram.com/p/BSoVCJClI8J/","","@Hamilton","","850738711776067584","https://twitter.com/TuCochitica/status/850738711776067584"
"djcurtkrez","2017-04-08 10:36","0","0","PLEASE SHARE T.I THE KING OF THE SOUTH LIVE IN CONCERT HUSTLE GANG TOUR  https://www.instagram.com/p/BSnvCBXFlyJ/","","","","850658571805216768","https://twitter.com/djcurtkrez/status/850658571805216768"
"iotportal1","2017-04-08 07:37","0","0","#7: Black Edge: Inside Information, Dirty Money, and the Quest to Bring Down the Most Wanted Man on Wall Street http://dlvr.it/NqyrJR","","","#7","850613485369139200","https://twitter.com/iotportal1/status/850613485369139200"
"jbstclair1987","2017-04-08 00:46","0","0","The serpentine wall with crotches mahogany panels is stained and ready for finishing. Call us https://www.instagram.com/p/BSmtFErA8W1/","","","","850510107339370496","https://twitter.com/jbstclair1987/status/850510107339370496"
"MeadMetalMunch","2017-04-07 22:42","0","0","No big deal just Jeremy Marshall and the gang from Lagunitas. #ilovemyjob #cbgny #lagunitas https://www.instagram.com/p/BSme3zaBrXC/","","","#ilovemyjob #cbgny #lagunitas","850478866741186560","https://twitter.com/MeadMetalMunch/status/850478866741186560"
"NewhouseSU","2017-04-07 19:18","3","9","A close-up of the words of the First Amendment, lining a wall in Newhouse 3. Photo by Javier https://www.instagram.com/p/BSmHldflQYm/","","","","850427665572122636","https://twitter.com/NewhouseSU/status/850427665572122636"
"iotportal1","2017-04-07 13:29","0","0","#10: Black Edge: Inside Information, Dirty Money, and the Quest to Bring Down the Most Wanted Man on Wall Street http://dlvr.it/Nqf1nD","","","#10","850339729547476992","https://twitter.com/iotportal1/status/850339729547476992"
"motoole725","2017-04-07 13:03","0","0","Criminal Justice Section Chair Sherry Levin Wallach (criminal) and Former President Vince Doyle https://www.instagram.com/p/BSlcnWSA7CU/","","","","850333160290344960","https://twitter.com/motoole725/status/850333160290344960"
"motoole725","2017-04-06 15:19","0","0","Trial Academy 2017 Direct Examinations with Manny Romero (civil) and Carrie Cohen (criminal). https://www.instagram.com/p/BSjHaC2gztm/","","","","850005048822308864","https://twitter.com/motoole725/status/850005048822308864"
"shamula","2017-04-06 13:55","0","0","Office wall memory. (@355 Roy H. Park Hall in Ithaca, NY) https://www.swarmapp.com/c/0rjoHKqzsFL pic.twitter.com/fLA3bp7yrL","","@355","","849983944326041601","https://twitter.com/shamula/status/849983944326041601"
"ROMEOLBFAM_","2017-04-05 23:25","0","2","Only #upstateny you will see a wall of clouds @Brown's Brewing Company https://www.instagram.com/p/BShaL-YjwIq/","","@Brown","#upstateny","849764878508314625","https://twitter.com/ROMEOLBFAM_/status/849764878508314625"
"tarotakizawart","2017-04-05 23:18","0","0","Happy Rothko #pattern #painting #art #wall #rothko #orange #yellow #syracuse #mfa #letsbedragons https://www.instagram.com/p/BShZXlhlDFe/","","","#pattern #painting #art #wall #rothko #orange #yellow #syracuse #mfa #letsbedragons","849763078166245376","https://twitter.com/tarotakizawart/status/849763078166245376"
"jbstclair1987","2017-04-05 18:49","0","0","The cornice and the columns are now installed, up next is the 40 ft Serpentine wall. @Otesaga https://www.instagram.com/p/BSg6l10ANfT/","","@Otesaga","","849695392111439874","https://twitter.com/jbstclair1987/status/849695392111439874"
"iotportal1","2017-04-05 00:59","0","0","#6: Black Edge: Inside Information, Dirty Money, and the Quest to Bring Down the Most Wanted Man on Wall Street http://dlvr.it/NpS9Cl","","","#6","849426175084687361","https://twitter.com/iotportal1/status/849426175084687361"
"CongruentStory","2017-04-04 16:14","0","0","BTS from yesterdays shoot. This scene was super fun. The practicals on the wall were two https://www.instagram.com/p/BSeEHYWlqme/","","","","849294134410174465","https://twitter.com/CongruentStory/status/849294134410174465"
"ivyprepster","2017-04-04 14:49","0","1","Millerton, NY on the NY/Conn border about 2hrs from Manhattan. Nice little town! #millerton https://www.instagram.com/p/BSd6XpMje6b/","","","#millerton","849272692125708290","https://twitter.com/ivyprepster/status/849272692125708290"
"V_e_n_Z_e_t_A","2017-04-04 06:27","0","0","@alexgreycosm chilling with the FunGuy wall statue I gave him..Lol #sculpture #sculpt #artist https://www.instagram.com/p/BFwJTNsTCBT/","","@alexgreycosm","#sculpture #sculpt #artist","849146401388806145","https://twitter.com/V_e_n_Z_e_t_A/status/849146401388806145"
"iotportal1","2017-04-03 18:43","0","0","#5: Black Edge: Inside Information, Dirty Money, and the Quest to Bring Down the Most Wanted Man on Wall Street http://dlvr.it/Nnss33","","","#5","848969151184076804","https://twitter.com/iotportal1/status/848969151184076804"
"irenechaffee","2017-04-03 10:37","0","0",""" @V_of_Europe: Scary stuff from years ago at Spain's border. But the situation is much worse now. Southern Europe is being overrun. Invasion","","@V_of_Europe","","848846887998435329","https://twitter.com/irenechaffee/status/848846887998435329"
"schemy95","2017-04-03 02:42","0","0","Like I said a nice day to jump off a wall. #skate #skatelife #monster #dsd #devilstreetdecks @ https://www.instagram.com/p/BSaCbmqjIhw/","","@","#skate #skatelife #monster #dsd #devilstreetdecks","848727475068784640","https://twitter.com/schemy95/status/848727475068784640"
"schemy95","2017-04-02 14:45","0","0","It's a good day to jump off of a wall @City of Hudson https://www.instagram.com/p/BSYwUztDcXz/","","@City","","848546922520608768","https://twitter.com/schemy95/status/848546922520608768"
"iotportal1","2017-04-02 06:28","0","0","#4: Black Edge: Inside Information, Dirty Money, and the Quest to Bring Down the Most Wanted Man on Wall Street http://dlvr.it/NnDCpx","","","#4","848421784026202112","https://twitter.com/iotportal1/status/848421784026202112"
"ArtofLauraJaen","2017-04-01 22:46","0","1","A moth has been hanging out on my wall for the last 24 hours.... #moth #bug #bugs #newroomie https://www.instagram.com/p/BSXCk0NgbYi/","","","#moth #bug #bugs #newroomie","848305575553323008","https://twitter.com/ArtofLauraJaen/status/848305575553323008"
"Lotsurb","2017-04-01 22:38","0","0","The girls' TV room is coming along nicely. Just some more wall https://www.instagram.com/p/BSXBrHpBj_8t1jUu-_lh4uXlb6s5c7StZBlAlI0/ ","","","","848303595913043968","https://twitter.com/Lotsurb/status/848303595913043968"
"mrbradenbradley","2017-04-01 16:52","0","0","Saturdays with The Wall Street Journal are always better when your client takes over the page. https://www.instagram.com/p/BSWaFCaD0UX/","","","","848216533855862789","https://twitter.com/mrbradenbradley/status/848216533855862789"
"iotportal1","2017-04-01 11:48","0","0","#4: Black Edge: Inside Information, Dirty Money, and the Quest to Bring Down the Most Wanted Man on Wall Street http://dlvr.it/NmxqpN","","","#4","848140035324915713","https://twitter.com/iotportal1/status/848140035324915713"
"sroche33","2017-03-31 19:54","0","0","I'm at NY/MA Border in West Stockbridge, MA https://www.swarmapp.com/c/eMMoUprLn7U","","","","847899914550083585","https://twitter.com/sroche33/status/847899914550083585"
"DraughtPorn","2017-03-31 19:25","0","0","Burial Gang of Blades DIPA on tap now. https://www.beermenus.com/places/17907-draught-industries?s_id=4262946  @burialbeer #BeerMenus","","@burialbeer","#BeerMenus","847892651085094912","https://twitter.com/DraughtPorn/status/847892651085094912"
"iotportal1","2017-03-31 11:38","0","0","#5: Black Edge: Inside Information, Dirty Money, and the Quest to Bring Down the Most Wanted Man on Wall Street http://dlvr.it/NmWQmY","","","#5","847775113256751105","https://twitter.com/iotportal1/status/847775113256751105"
"ZachAlbareda","2017-03-31 00:20","1","16","Everyone tweeting about rainbow shack..... do me a favor next time ya go in and look who's on the wall #Yump #Legend","","","#Yump #Legend","847604587603279872","https://twitter.com/ZachAlbareda/status/847604587603279872"
"EmilyVmg","2017-03-30 23:31","0","1","Today a new friend became a US citizen. These will be my congrats to her. #immigration #citizen https://www.instagram.com/p/BSR-GdIAU_b/","","","#immigration #citizen","847592052426764288","https://twitter.com/EmilyVmg/status/847592052426764288"
"russianswimmer","2017-03-30 17:36","0","0","I'm at New York / Pennsylvania / New Jersey Border in Port Jervis, NY https://www.swarmapp.com/c/5B0zYfUUCUB","","","","847502754259939329","https://twitter.com/russianswimmer/status/847502754259939329"
"mhubregsen","2017-03-30 17:13","0","0","I love my gallery wall @Le Moyne College https://www.instagram.com/p/BSRS25Dj0R1/","","@Le","","847496956695818242","https://twitter.com/mhubregsen/status/847496956695818242"
"dijflickinger","2017-03-30 15:23","0","0","Just posted a photo @Vermont / New York Border https://www.instagram.com/p/BSRGWaBDPPY/","","@Vermont","","847469449795969025","https://twitter.com/dijflickinger/status/847469449795969025"
"iotportal1","2017-03-29 23:20","0","0","#4: Black Edge: Inside Information, Dirty Money, and the Quest to Bring Down the Most Wanted Man on Wall Street http://dlvr.it/NlqjgC","","","#4","847226902020411392","https://twitter.com/iotportal1/status/847226902020411392"
"FashionableHost","2017-03-29 20:51","0","0","Reese clearly needs a bright pink @courtlycheck bath tub... and wall paper... and towels  https://www.instagram.com/p/BSPHDoWBalS/","","@courtlycheck","","847189534278168576","https://twitter.com/FashionableHost/status/847189534278168576"
"Smth_Criminal","2017-03-29 15:54","0","0","What 40 Years of Success Looks Like #SigmaCuse #StillThrillin @Drumlins Country Club https://www.instagram.com/p/BSOk_pVDt_f/","","@Drumlins","#SigmaCuse #StillThrillin","847114634205302784","https://twitter.com/Smth_Criminal/status/847114634205302784"
"Zack_Southcott","2017-03-27 01:10","0","0","Just cause she's being adventurous in Mexico, while I'm in the lame Roc @California https://www.instagram.com/p/BSH2PBBl0pn/","","@California","","846167384167763968","https://twitter.com/Zack_Southcott/status/846167384167763968"
"ifly2ifly","2017-03-26 21:20","0","0","I'm at New York / Pennsylvania / New Jersey Border in Port Jervis, NY https://www.swarmapp.com/c/2s6PmeAa5NK","","","","846109632380768256","https://twitter.com/ifly2ifly/status/846109632380768256"
"MickRelyea","2017-03-26 19:46","0","0","The finished bar wall, ready for pick up. Almost a shame I'll never see it installed. #finishing https://www.instagram.com/p/BSHRPlWjJad/","","","#finishing","846086031581609985","https://twitter.com/MickRelyea/status/846086031581609985"
"RomesFlashback","2017-03-26 17:12","0","0","My Sunday DIY project!! The cedar smells amazing!! Loving how this concrete wall that won't hold https://www.instagram.com/p/BSG_oLvluBz/","","","","846047298618560513","https://twitter.com/RomesFlashback/status/846047298618560513"
"Bino___B","2017-03-26 16:41","0","0","Keep it in the fam, thats gang. White lil bih love my name. I aint even have to kick game - https://www.instagram.com/p/BSG7zjzlBHl/","","","","846039398831607810","https://twitter.com/Bino___B/status/846039398831607810"
"joeygabz4","2017-03-26 14:30","0","0","Last nights Athletic Wall of Fame induction ceremony. I've never played along side a better https://www.instagram.com/p/BSGtEWchs3z/","","","","846006484429361153","https://twitter.com/joeygabz4/status/846006484429361153"
"alemonton28","2017-03-25 21:39","0","0","A million reasons @Mexico (village), New York https://www.instagram.com/p/BSE5YBkjM5e/","","@Mexico","","845752074319151104","https://twitter.com/alemonton28/status/845752074319151104"
"kyliefletcher7","2017-03-25 20:06","0","0","missing the game & my girls @Mexico High School https://www.instagram.com/p/BSEuqWdlppL/","","@Mexico","","845728528423436288","https://twitter.com/kyliefletcher7/status/845728528423436288"
"caity73388","2017-03-25 14:10","0","1","It was some chilly rain this morning in Mexico, but that didn't stop the #EagleFire! We rucked https://www.instagram.com/p/BSEF_5aD0_b/","","","#EagleFire","845639090548690944","https://twitter.com/caity73388/status/845639090548690944"
"BE_DigitalJen","2017-03-25 02:41","0","0","Love this wall at @hotelonnorth @Hotel on North https://www.instagram.com/p/BSC3HOPD8kE/","","@hotelonnorth @Hotel","","845465621781516288","https://twitter.com/BE_DigitalJen/status/845465621781516288"
"EddieSilverio1","2017-03-24 21:13","0","4","@CCSomos2017 G9vernor announces Immigration Legal services cialition that will be lead by https://www.instagram.com/p/BSCRm2tBap3/","","@CCSomos2017","","845383143892828160","https://twitter.com/EddieSilverio1/status/845383143892828160"
"mfaulkner4","2017-03-24 19:35","0","0","On my way home! @Canada - US Border https://www.instagram.com/p/BSCGWcbF8Tm/","","@Canada","","845358398388539393","https://twitter.com/mfaulkner4/status/845358398388539393"
"aghlexus","2017-03-24 18:46","0","0","Fiercest gang in the game @Grant Hall https://www.instagram.com/p/BSCAtpgg5L93k0R6wQ8EVc19Sif5B0uVrd7SoA0/ ","","@Grant","","845346004949979143","https://twitter.com/aghlexus/status/845346004949979143"
"Jah_allah","2017-03-24 12:41","0","0","Me & PNB @pnbrock last night at his concert at Proctors Theater GANG!!! @Proctors https://www.instagram.com/p/BSBW8nbhehP/","","@pnbrock @Proctors","","845254146382950400","https://twitter.com/Jah_allah/status/845254146382950400"
"magnetic_eye","2017-03-24 01:55","0","0","The Wall [Redux] | this will rule | #Repost @worshipperband  We will be adding our version of https://www.instagram.com/p/BSANDfAAgiI/","","@worshipperband","#Repost","845091658333065217","https://twitter.com/magnetic_eye/status/845091658333065217"
"CherryArtspace","2017-03-24 00:35","0","0","A little cherry juice mixed with red paint - everyone left their mark on the wall. https://www.instagram.com/p/BSAD23PgxSS/","","","","845071432887533570","https://twitter.com/CherryArtspace/status/845071432887533570"
"iotportal1","2017-03-23 21:38","0","0","#9: The Spider Network: The Wild Story of a Math Genius, a Gang of Backstabbing Bankers, and One of the Greatest http://dlvr.it/NjDxJ3","","","#9","845026900355383296","https://twitter.com/iotportal1/status/845026900355383296"
"iotportal1","2017-03-23 15:36","0","0","#7: The Spider Network: The Wild Story of a Math Genius, a Gang of Backstabbing Bankers, and One of the Greatest http://dlvr.it/Nj65ZV","","","#7","844935796402499584","https://twitter.com/iotportal1/status/844935796402499584"
"adrianxbradley","2017-03-22 22:48","0","0","Mirror mirror on the wall @Albany, New York https://www.instagram.com/p/BR9RkYRBWB4/","","@Albany","","844682222829371392","https://twitter.com/adrianxbradley/status/844682222829371392"
"NewhouseSU","2017-03-22 21:10","0","0","Izzy Hattem, a junior TRF major, uses the Interactive Media Wall in Newhouse 2. Photo by Rachel https://www.instagram.com/p/BR9HtErFTcc/","","","","844657685194788866","https://twitter.com/NewhouseSU/status/844657685194788866"
"AndyArthur","2017-03-22 16:50","0","1","How to Make the Most of Your Fire with a Reflecting Wall http://www.outdoorlife.com/how-to-make-most-your-fire-with-reflecting-wall?dom=rss-default&src=syn ","","","","844592025592725504","https://twitter.com/AndyArthur/status/844592025592725504"
"iotportal1","2017-03-21 21:20","0","0","#7: A Man for All Markets: From Las Vegas to Wall Street, How I Beat the Dealer and the Market http://dlvr.it/NhGsBJ","","","#7","844297638086258688","https://twitter.com/iotportal1/status/844297638086258688"
"trucker_derek","2017-03-21 13:58","0","0","I'm at New York / Pennsylvania / New Jersey Border in Port Jervis, NY https://www.swarmapp.com/c/0zNyEOoTICr","","","","844186331425247232","https://twitter.com/trucker_derek/status/844186331425247232"
"iotportal1","2017-03-21 03:12","0","0","#8: A Man for All Markets: From Las Vegas to Wall Street, How I Beat the Dealer and the Market http://dlvr.it/Ngv77B","","","#8","844023799473352705","https://twitter.com/iotportal1/status/844023799473352705"
"RunawayHomeBand","2017-03-21 00:58","0","0","Riding #4wheelers near the #canadian border last week. Tonight we're on the road in the https://www.instagram.com/p/BR4YJ4sgHn-/","","","#4wheelers #canadian","843990169858572288","https://twitter.com/RunawayHomeBand/status/843990169858572288"
"iotportal1","2017-03-19 20:58","0","0","#7: A Man for All Markets: From Las Vegas to Wall Street, How I Beat the Dealer and the Market http://dlvr.it/NgLCqH","","","#7","843567287047081984","https://twitter.com/iotportal1/status/843567287047081984"
"AndyArthur","2017-03-19 14:06","0","0","UNCOVERING HIDDEN MEANINGS IN THE DRUG CULTURE http://davidsisler.com/07-21-2003.htm","","","","843463771368517633","https://twitter.com/AndyArthur/status/843463771368517633"
"iotportal1","2017-03-18 20:52","0","0","#7: A Man for All Markets: From Las Vegas to Wall Street, How I Beat the Dealer and the Market http://dlvr.it/NfznJH","","","#7","843203416679571456","https://twitter.com/iotportal1/status/843203416679571456"
"shaunw","2017-03-18 17:32","0","0","Sugar Mill Gang @Greenwich, New York https://www.instagram.com/p/BRybjycjeROnlgensBQjb7_dFhnakj00A6B5Xs0/ ","","@Greenwich","","843153231761096706","https://twitter.com/shaunw/status/843153231761096706"
"galleyDi","2017-03-18 17:03","0","0","Fleishers is closing. Today is their last day on Wall Street. We are sad to see you go:( @ https://www.instagram.com/p/BRyYMx3Aeqo/","","@","","843145839870730240","https://twitter.com/galleyDi/status/843145839870730240"
"btfykisses","2017-03-18 16:15","0","0","I'm at New York / Pennsylvania / New Jersey Border in Port Jervis, NY https://www.swarmapp.com/c/7jUtqtvlE8W","","","","843133840495443968","https://twitter.com/btfykisses/status/843133840495443968"
"iotportal1","2017-03-18 08:47","0","0","#8: A Man for All Markets: From Las Vegas to Wall Street, How I Beat the Dealer and the Market http://dlvr.it/Nfn9nL","","","#8","843020966632415232","https://twitter.com/iotportal1/status/843020966632415232"
"fe8mats","2017-03-18 04:37","1","0","Look! It's my life! # # # # #snow #wall @The Red Hook Country Inn https://www.instagram.com/p/BRxC0r_hGdX/","","@The","# # # # #snow #wall","842958097253453824","https://twitter.com/fe8mats/status/842958097253453824"
"BekeBeau","2017-03-17 00:14","0","1","God greeted me at the border.... #inthevalley #lookingforblessings @Fair Haven, Vermont https://www.instagram.com/p/BRt_9_Ll2M_/","","@Fair","#inthevalley #lookingforblessings","842529612341088256","https://twitter.com/BekeBeau/status/842529612341088256"
"mfaulkner4","2017-03-16 21:56","0","0","Crossing the Canada - USA border at Hill Island. Gorgeous views traveling over the big bridge! https://www.instagram.com/p/BRtwLYelsul/","","","","842494889745141760","https://twitter.com/mfaulkner4/status/842494889745141760"
"iotportal1","2017-03-16 20:29","0","0","#8: A Man for All Markets: From Las Vegas to Wall Street, How I Beat the Dealer and the Market http://dlvr.it/Nf659X","","","#8","842472978956746752","https://twitter.com/iotportal1/status/842472978956746752"
"iotportal1","2017-03-16 02:19","0","1","#10: A Man for All Markets: From Las Vegas to Wall Street, How I Beat the Dealer and the Market http://dlvr.it/NdkQC9","","","#10","842198730862354432","https://twitter.com/iotportal1/status/842198730862354432"
"saltcitysigns","2017-03-15 14:14","0","0","Wall letters installed by Salt City Signs. @Syracuse, New York https://www.instagram.com/p/BRqWaxsFT9Z/","","@Syracuse","","842016036119547905","https://twitter.com/saltcitysigns/status/842016036119547905"
"AndyArthur","2017-03-15 02:04","0","0","Donald John Trump says Make America Great Again. Many Trump supporters say America was great in the 1950s. I reme... http://andyarthur.org/make-america-snow-again.html ","","","","841832439961939969","https://twitter.com/AndyArthur/status/841832439961939969"
"EvelynZaida","2017-03-14 21:28","0","1","#Snow almost covering #Driveway #Wall!!! #WorstSnowstorm #20inchesofsnow #20inches https://www.instagram.com/p/BRojWoDD_qP/","","","#Snow #Driveway #Wall #WorstSnowstorm #20inchesofsnow #20inches","841762994916864000","https://twitter.com/EvelynZaida/status/841762994916864000"
"AndyArthur","2017-03-14 18:52","0","0","Chart: Per Capita GDP in Mexico (Current Dollars) http://andyarthur.org/chart-per-capita-gdp-in-mexico-current-dollars.html ","","","","841723718007050240","https://twitter.com/AndyArthur/status/841723718007050240"
"iotportal1","2017-03-14 18:31","0","0","#5: A Man for All Markets: From Las Vegas to Wall Street, How I Beat the Dealer and the Market http://dlvr.it/Nd6Dn6","","","#5","841718400653045760","https://twitter.com/iotportal1/status/841718400653045760"
"TheLastPradaG","2017-03-14 14:47","0","0","Alumni Wall at Occ #family @SRC Arena and Events Center https://www.instagram.com/p/BRn1eXajFB6aduYgC5jP7yEYx3NpM9pgtMb8So0/ ","","@SRC","#family","841662106051182592","https://twitter.com/TheLastPradaG/status/841662106051182592"
"iotportal1","2017-03-14 06:24","0","0","#4: A Man for All Markets: From Las Vegas to Wall Street, How I Beat the Dealer and the Market http://dlvr.it/Ncr41N","","","#4","841535393979813892","https://twitter.com/iotportal1/status/841535393979813892"
"hjcollado","2017-03-14 03:17","0","0","Playing in the snow (@New York / Pennsylvania / New Jersey Border in Port Jervis, NY) https://www.swarmapp.com/c/9LsyCzNtFDS","","@New","","841488485680844800","https://twitter.com/hjcollado/status/841488485680844800"
"briantoinetteee","2017-03-12 23:19","0","0","something possessed me to stand on the edge of a wall at the top of https://www.instagram.com/p/BRjmepQgJfu630ABYVhBMMWGqpPw87KkFI0FQ80/ ","","","","841066180018393092","https://twitter.com/briantoinetteee/status/841066180018393092"
"tbday1","2017-03-12 20:09","0","0","This is the start of the only wall we should be building. Muchas https://www.instagram.com/p/BRjQrBjghPGxD_Jctt9MPx-bml3dQE7mz9Oh9A0/ ","","","","841018227392147462","https://twitter.com/tbday1/status/841018227392147462"
"AloisStudio","2017-03-11 23:49","0","0","SOL LEWITT A Wall Drawing Retrospective. This one is from his Mid-Career 1980s to 1990s. https://www.instagram.com/p/BRhFGCylX3_/","","","","840711308819468289","https://twitter.com/AloisStudio/status/840711308819468289"
"alemonton28","2017-03-11 14:13","0","0","Tbt 7 months ago #seventhmonth #us #efmoment #efexchangestories @Mexico (village), New York https://www.instagram.com/p/BRgDOz5j4OQ/","","@Mexico","#seventhmonth #us #efmoment #efexchangestories","840566464163807232","https://twitter.com/alemonton28/status/840566464163807232"
"iotportal1","2017-03-10 05:47","0","0","#9: A Man for All Markets: From Las Vegas to Wall Street, How I Beat the Dealer and the Market http://dlvr.it/Nb7Z84","","","#9","840076551827857408","https://twitter.com/iotportal1/status/840076551827857408"
"creynolds1978","2017-03-10 00:04","0","0","A drug deal went down at work tonight. Money was exchange for the https://www.instagram.com/p/BRb9PHdAvoltF3ARzphcrMnNmds8r-EwVtfN0s0/ ","","","","839990321983418368","https://twitter.com/creynolds1978/status/839990321983418368"
"Theresa_Dawn","2017-03-09 18:47","0","0","Vermont is gorgeous already @Vermont / New York Border https://www.instagram.com/p/BRbY5W7Fovn/","","@Vermont","","839910416063082498","https://twitter.com/Theresa_Dawn/status/839910416063082498"
"iotportal1","2017-03-08 23:33","0","0","#5: A Man for All Markets: From Las Vegas to Wall Street, How I Beat the Dealer and the Market http://dlvr.it/NZXZkg","","","#5","839620015380799488","https://twitter.com/iotportal1/status/839620015380799488"
"iotportal1","2017-03-07 23:15","0","0","#4: A Man for All Markets: From Las Vegas to Wall Street, How I Beat the Dealer and the Market http://dlvr.it/NZ2j9c","","","#4","839253106885959680","https://twitter.com/iotportal1/status/839253106885959680"
"ifly2ifly","2017-03-07 17:53","0","1","I'm at New York / Pennsylvania / New Jersey Border in Port Jervis, NY https://www.swarmapp.com/c/iJ06eVGWEDH","","","","839172281234567169","https://twitter.com/ifly2ifly/status/839172281234567169"
"ifly2ifly","2017-03-07 05:17","0","0","I'm at NY/MA Border in West Stockbridge, MA https://www.swarmapp.com/c/aWbhs8oenou","","","","838981897661337600","https://twitter.com/ifly2ifly/status/838981897661337600"
"iotportal1","2017-03-06 10:50","0","0","#6: A Man for All Markets: From Las Vegas to Wall Street, How I Beat the Dealer and the Market http://dlvr.it/NYGfJD","","","#6","838703248974307328","https://twitter.com/iotportal1/status/838703248974307328"
"LIL_MELONS","2017-03-06 02:35","0","0","Not only do we share a wall between our rooms, we share glasses too https://www.instagram.com/p/BRR7XXEg1MPM_ySQ8YjavOw9gLoTajWWnUm49M0/ ","","","","838578833943035906","https://twitter.com/LIL_MELONS/status/838578833943035906"
"mattymcgaaavey","2017-03-06 02:31","0","1","Need staple gun. The carpeting is coming off the wall.... @Villa https://www.instagram.com/p/BRR61rUB8SWGXbNRGDW6XGWvCtFhaVw9WubsPo0/ ","","@Villa","","838577673244811265","https://twitter.com/mattymcgaaavey/status/838577673244811265"
"ifly2ifly","2017-03-06 01:03","0","1","I'm at New York / Pennsylvania / New Jersey Border in Port Jervis, NY https://www.swarmapp.com/c/kAqkhZ0EOTA","","","","838555576519045120","https://twitter.com/ifly2ifly/status/838555576519045120"
"kyliefletcher7","2017-03-05 18:37","0","0","my grandpa is so cute @Mexico VFW 369 https://www.instagram.com/p/BRREmTwFdfB/","","@Mexico","","838458411272572928","https://twitter.com/kyliefletcher7/status/838458411272572928"
"irenechaffee","2017-03-05 18:34","0","0","@CommonSense1212 criminal. If they can't support them","","@CommonSense1212","","838457697871745025","https://twitter.com/irenechaffee/status/838457697871745025"
"iotportal1","2017-03-05 10:36","0","0","#7: A Man for All Markets: From Las Vegas to Wall Street, How I Beat the Dealer and the Market http://dlvr.it/NXsD9B","","","#7","838337322152144896","https://twitter.com/iotportal1/status/838337322152144896"
"iotportal1","2017-03-05 04:33","0","0","#7: A Man for All Markets: From Las Vegas to Wall Street, How I Beat the Dealer and the Market http://dlvr.it/NXmZ9q","","","#7","838245965815410688","https://twitter.com/iotportal1/status/838245965815410688"
"marikunin","2017-03-05 04:23","0","0","Luna, what is so interesting about the bedroom wall??? #cats #animals #pets #petsofinstagram https://www.instagram.com/p/BRPi3tNAk3t/","","","#cats #animals #pets #petsofinstagram","838243491209699328","https://twitter.com/marikunin/status/838243491209699328"
"magnetic_eye","2017-03-04 22:41","1","2","Noveller will be appearing on The Wall [Redux]. @sarahlipstate #noveller #magneticeyerecords | https://www.instagram.com/p/BRO7vxSg4Qx/","","@sarahlipstate","#noveller #magneticeyerecords","838157461848735745","https://twitter.com/magnetic_eye/status/838157461848735745"
"kyliefletcher7","2017-03-04 04:26","0","1","all we need is a beat that's super bumpin' @Mexico High School https://www.instagram.com/p/BRM-bH5FiDj/","","@Mexico","","837881882968801281","https://twitter.com/kyliefletcher7/status/837881882968801281"
"rrryan_18","2017-03-04 00:50","0","0","How many pictures in housy history were taken in front of this wall? https://www.instagram.com/p/BRMlwEXBYxtsFKWtt3XrTHnJiwadOyFJjU4qlY0/ ","","","","837827617696854016","https://twitter.com/rrryan_18/status/837827617696854016"
"catsonamps","2017-03-03 22:21","0","2","My face when I hear you haven't PreOrdered The Wall [Redux] from our Kickstarter yet. Only 48 https://www.instagram.com/p/BRMUsikgy7Z/","","","","837790134514958336","https://twitter.com/catsonamps/status/837790134514958336"
"samanthanichols","2017-03-03 19:35","0","0","I'm at NY/MA Border in West Stockbridge, MA https://www.swarmapp.com/c/7gzM8H4b0WC","","","","837748308173012992","https://twitter.com/samanthanichols/status/837748308173012992"
"iotportal1","2017-03-03 16:10","0","0","#9: A Man for All Markets: From Las Vegas to Wall Street, How I Beat the Dealer and the Market http://dlvr.it/NX8kxd","","","#9","837696749657456640","https://twitter.com/iotportal1/status/837696749657456640"
"magnetic_eye","2017-03-03 00:28","0","1","Ruby the Hatchet are confirmed contributors to The Wall [Redux]. Learn more / PreOrder at https://www.instagram.com/p/BRJ-cnOAHPI/","","","","837459712534794245","https://twitter.com/magnetic_eye/status/837459712534794245"
"JessSteller","2017-03-02 23:29","0","0","A golden kiss goodnight #sundown #lookup #nature #takeamoment #be @Vermont / New York Border https://www.instagram.com/p/BRJ3sJ6Bw5w/","","@Vermont","#sundown #lookup #nature #takeamoment #be","837444851155128320","https://twitter.com/JessSteller/status/837444851155128320"
"SimonsRockalum","2017-03-02 16:52","1","1","regrann from simonsrocklibrary - Adjunct instructor Jana Laiz has an article on #immigration in https://www.instagram.com/p/BRJKMnEAeyJ/","","","#immigration","837344968859598853","https://twitter.com/SimonsRockalum/status/837344968859598853"
"iotportal1","2017-03-02 09:57","0","0","#5: A Man for All Markets: From Las Vegas to Wall Street, How I Beat the Dealer and the Market http://dlvr.it/NWXLCS","","","#5","837240496023986176","https://twitter.com/iotportal1/status/837240496023986176"
"iotportal1","2017-03-02 03:52","0","0","#6: A Man for All Markets: From Las Vegas to Wall Street, How I Beat the Dealer and the Market http://dlvr.it/NWQsFp","","","#6","837148678317957122","https://twitter.com/iotportal1/status/837148678317957122"
"trucker_derek","2017-03-01 14:16","0","0","I'm at New York / Pennsylvania / New Jersey Border in Port Jervis, NY https://www.swarmapp.com/c/e3bdLYLAO02","","","","836943337751986176","https://twitter.com/trucker_derek/status/836943337751986176"
"magnetic_eye","2017-03-01 14:05","0","0","Does anyone think we should ask Noveller to be on The Wall [Redux]? | #Repost https://www.instagram.com/p/BRGSWtOgMcZ/","","","#Repost","836940542562955265","https://twitter.com/magnetic_eye/status/836940542562955265"
"PassifloraHome","2017-02-28 18:50","0","0","Beautiful double wall travel coffee mugs! Great gift ideas @passiflorahome Are you shopping https://www.instagram.com/p/BREOKu2FOIt/","","@passiflorahome","","836649863043506177","https://twitter.com/PassifloraHome/status/836649863043506177"
"iotportal1","2017-02-28 15:31","0","0","#4: A Man for All Markets: From Las Vegas to Wall Street, How I Beat the Dealer and the Market http://dlvr.it/NVg36l","","","#4","836599802859155456","https://twitter.com/iotportal1/status/836599802859155456"
"FMwookstudios","2017-02-27 17:56","0","3","BTS of Avocados From Mexico super bowl commercial. #filmmaking #filmset #setlife https://www.instagram.com/p/BRBjNcHj90q/","","","#filmmaking #filmset #setlife","836273917010530304","https://twitter.com/FMwookstudios/status/836273917010530304"
"iotportal1","2017-02-27 05:27","0","0","#4: A Man for All Markets: From Las Vegas to Wall Street, How I Beat the Dealer and the Market http://dlvr.it/NTxRXp","","","#4","836085270273372160","https://twitter.com/iotportal1/status/836085270273372160"
"BarbaraPrey","2017-02-26 19:45","0","0","Wall where @mass_moca #massmoca commissioned painting of mine will go when new building opens https://www.instagram.com/p/BQ_K0xHATHL/","","@mass_moca","#massmoca","835938818981302272","https://twitter.com/BarbaraPrey/status/835938818981302272"
"iotportal1","2017-02-26 02:48","0","0","#7: A Man for All Markets: From Las Vegas to Wall Street, How I Beat the Dealer and the Market http://dlvr.it/NTTzrn","","","#7","835682885503868929","https://twitter.com/iotportal1/status/835682885503868929"
"AlisaTongg","2017-02-25 23:21","0","0","Maria + Stephen begin their married life together in front of this ethereal orchid wall. https://www.instagram.com/p/BQ8-uX4BUbh/","","","","835630737877430274","https://twitter.com/AlisaTongg/status/835630737877430274"
"MelanieEversley","2017-02-25 21:21","0","1","Heading to Lake Effect Half with @writemelody! #lehm @PA / NY border https://www.instagram.com/p/BQ8xCxjgZqd/","","@writemelody @PA","#lehm","835600645952536576","https://twitter.com/MelanieEversley/status/835600645952536576"
"shamula","2017-02-25 14:18","0","0","Wall o'coffee. (@Gimme! Coffee in Trumansburg, NY) https://www.swarmapp.com/c/4Cr9q7Parzv pic.twitter.com/NGekqllOgF","","@Gimme","","835494099146899461","https://twitter.com/shamula/status/835494099146899461"
"InnatGothicEves","2017-02-25 13:13","0","1","New look for the Riesling Suite!Personalized light show illuminating our rock faced wall - https://www.instagram.com/p/BQ75NoXjsBB/","","","","835477893773950977","https://twitter.com/InnatGothicEves/status/835477893773950977"
"iotportal1","2017-02-25 02:47","0","0","#8: A Man for All Markets: From Las Vegas to Wall Street, How I Beat the Dealer and the Market http://dlvr.it/NT5Q0S","","","#8","835320200421466112","https://twitter.com/iotportal1/status/835320200421466112"
"st_merritt","2017-02-24 16:18","0","0","@realDonaldTrump So the wall is on schedule. How about putting the schedule out there so we can all see. Haven't seen any money from Mex","","@realDonaldTrump","","835162005388546048","https://twitter.com/st_merritt/status/835162005388546048"
"iotportal1","2017-02-24 02:02","0","0","#6: A Man for All Markets: From Las Vegas to Wall Street, How I Beat the Dealer and the Market http://dlvr.it/NSbDHj","","","#6","834946489105338368","https://twitter.com/iotportal1/status/834946489105338368"
"CherryArtspace","2017-02-23 20:32","0","1","Now THAT is a beautiful wall. #cherryartspace #Ithaca @The Cherry https://www.instagram.com/p/BQ3h0pmgrH2/","","@The","#cherryartspace #Ithaca","834863492033343488","https://twitter.com/CherryArtspace/status/834863492033343488"
"GigiHV","2017-02-23 18:06","2","2","Join us in celebrating the talented and passionate cooks and chefs of Oaxaca, Mexico! #oaxaca https://www.instagram.com/p/BQ3RGR9Acsi/","","","#oaxaca","834826712026320897","https://twitter.com/GigiHV/status/834826712026320897"
"talabistro","2017-02-20 21:31","0","0","Two views of our wine wall @talabistro #labelforward #wine #winestagram vintageview @Tala An https://www.instagram.com/p/BQv6JzEjotl/","","@talabistro @Tala","#labelforward #wine #winestagram","833791098111811584","https://twitter.com/talabistro/status/833791098111811584"
"BumpsHollywood","2017-02-20 15:19","0","0","#gang gang @Brookside Meadows - Luxury Rental Community https://www.instagram.com/p/BQvPqERleHz/","","@Brookside","#gang","833697648309895168","https://twitter.com/BumpsHollywood/status/833697648309895168"
"elerictronico","2017-02-20 02:28","0","0","The Gang-Panang . . . #beaconny #instagood #wow #snowday #snow #tubing #fun #hashtag #vscocam https://www.instagram.com/p/BQt3cwYBbMb/","","","#beaconny #instagood #wow #snowday #snow #tubing #fun #hashtag #vscocam","833503676010422276","https://twitter.com/elerictronico/status/833503676010422276"
"cpalamidessi","2017-02-20 01:22","0","0","Sol LeWitt wall drawing #massmoca #museumexhibit #northadamsma #blackandwhite @MASS MoCA https://www.instagram.com/p/BQtvzijBWZG/","","@MASS","#massmoca #museumexhibit #northadamsma #blackandwhite","833486860638834688","https://twitter.com/cpalamidessi/status/833486860638834688"
"jim_mittler","2017-02-20 00:53","1","3","Thank u 4 your help! We need it! @SwedeninUSA: We look forward to informing the US admin about Swedish immigration & integration policies","","@SwedeninUSA","","833479684407062530","https://twitter.com/jim_mittler/status/833479684407062530"
"lindsvince","2017-02-19 22:07","0","0","Today, for the first time ever, we were able to say that the gang's https://www.instagram.com/p/BQtZiksgxEbi9-SkEIOZRDFGbmK4ojYMZ_fyLo0/ ","","","","833437914126225409","https://twitter.com/lindsvince/status/833437914126225409"
"realremi_ma","2017-02-19 18:02","0","0","Fam gang #skurrrrt @Windham Mountain Resort https://www.instagram.com/p/BQs9f4lFhVw/","","@Windham","#skurrrrt","833376251066843136","https://twitter.com/realremi_ma/status/833376251066843136"
"karissajacobi3","2017-02-18 20:16","0","0","When your sister finally decides to join the #vwjetta gang #twins https://www.instagram.com/p/BQqn_GRDHJyfbo-Jzuth508xfbjY9Gtf0o_hCA0/ ","","","#vwjetta #twins","833047459240824832","https://twitter.com/karissajacobi3/status/833047459240824832"
"inletny","2017-02-18 20:07","0","0","The wall is ready for the bonfire next Saturday. @Arrowhead Beach https://www.instagram.com/p/BQqnASIjSGl/","","@Arrowhead","","833045298989645824","https://twitter.com/inletny/status/833045298989645824"
"NeathawkDesigns","2017-02-18 19:02","0","0","Using our Pam Fastening Technology to fasten the metal sign to this amazing wall!! https://www.instagram.com/p/BQqfg5ShMx-/","","","","833028826196107264","https://twitter.com/NeathawkDesigns/status/833028826196107264"
"NeathawkDesigns","2017-02-18 18:43","0","0","Rk Miles logo ready to be placed on the wall!! http://www.neathawkdesigns.com #williamstown #ma https://www.instagram.com/p/BQqdcgHB5x_/","","","#williamstown #ma","833024279402799105","https://twitter.com/NeathawkDesigns/status/833024279402799105"
"OmarGarib_","2017-02-17 21:05","0","0","Same gang, different pose. Spain ain't ready #moremoremore @ https://www.instagram.com/p/BQnrrVKl1HodzMVU40U9Hzc-ckVUK9KPpQtGRc0/ ","","@","#moremoremore","832697484438691840","https://twitter.com/OmarGarib_/status/832697484438691840"
"x_jgal_o","2017-02-17 19:01","0","0","I'm at NY/MA Border in West Stockbridge, MA https://www.swarmapp.com/c/dsA8ZxtFQD8","","","","832666417853980676","https://twitter.com/x_jgal_o/status/832666417853980676"
"AndyArthur","2017-02-17 16:38","0","1","Chart: Chemical Dependence Treatment Program Admissions by Drug Type, 2007-2015 http://andyarthur.org/chart-chemical-dependence-treatment-program-admissions-by-drug-type-2007-2015.html ","","","","832630369039966209","https://twitter.com/AndyArthur/status/832630369039966209"
"BarefootKnitter","2017-02-17 00:23","0","0","Knitting! (Oh to be a fly on the wall in here tonight!) (@Common Thread in Saratoga Springs, NY) https://www.swarmapp.com/c/0NUSti07dU0","","@Common","","832384898581352451","https://twitter.com/BarefootKnitter/status/832384898581352451"
"VintageMeegan","2017-02-16 17:46","0","0","Hey- what time is it? With this fab mid century modern electric starburst wall clock you'll be https://www.instagram.com/p/BQlNQCLFaO0/","","","","832284985906384898","https://twitter.com/VintageMeegan/status/832284985906384898"
"AliciaHyndman","2017-02-14 19:54","2","0","Today the NYS Assembly Majority held a press conference on our package of Criminal Justice https://www.instagram.com/p/BQgO0gZhpm_/","","","","831592415626604544","https://twitter.com/AliciaHyndman/status/831592415626604544"
"studioshapeup","2017-02-14 12:59","0","0","Happy Valentine's Day from the @BBWPilates gang!!! #pilateslove @Body Be Well Pilates https://www.instagram.com/p/BQfi1Pgh81F/","","@BBWPilates @Body","#pilateslove","831488013309923328","https://twitter.com/studioshapeup/status/831488013309923328"
"GrazingFarm","2017-02-13 16:08","0","0","Border collie in 2 foot snow drift barking at me to get moving. Daisy LOVE snow. Meanwhile https://www.instagram.com/p/BQdTur0l8pT/","","","","831173329625219073","https://twitter.com/GrazingFarm/status/831173329625219073"
"PFarrell031856","2017-02-13 04:24","0","0","Build that wall, Build that wall, Build that wall.....!","","","","830995986076094464","https://twitter.com/PFarrell031856/status/830995986076094464"
"PFarrell031856","2017-02-13 04:22","0","1","Build that wall, Build that wall, Build that wall!","","","","830995424391655430","https://twitter.com/PFarrell031856/status/830995424391655430"
"PFarrell031856","2017-02-13 04:21","0","1","To bad Mexico you have let your drug dealers... Bad people and we have taken care of your same country. Tired of it all. Go President Trump!","","","","830995161807196161","https://twitter.com/PFarrell031856/status/830995161807196161"
"JKaselow","2017-02-12 03:07","0","0","The view from one of my favorite hole-in-the-wall taverns up Route 7 while out to lunch with the https://www.instagram.com/p/BQZVdmnlLuO/","","","","830614190381527041","https://twitter.com/JKaselow/status/830614190381527041"
"schlangerlaw","2017-02-10 22:59","0","0",""" @realDonaldTrump: MAKE AMERICA GREAT AGAIN!"" Writer's block?","","@realDonaldTrump","","830189580729085953","https://twitter.com/schlangerlaw/status/830189580729085953"
"ifly2ifly","2017-02-10 22:25","0","0","I'm at New York / Pennsylvania / New Jersey Border in Port Jervis, NY https://www.swarmapp.com/c/8Qys1Hh1EPw","","","","830180800108847104","https://twitter.com/ifly2ifly/status/830180800108847104"
"ifly2ifly","2017-02-10 18:26","0","0","I'm at NY/MA Border in West Stockbridge, MA https://www.swarmapp.com/c/gjoAG54HH5i","","","","830120855325782016","https://twitter.com/ifly2ifly/status/830120855325782016"
"kyliefletcher7","2017-02-09 19:07","0","0","happy beauty day to my bff @Mexico High School https://www.instagram.com/p/BQTU-P6Apoa/","","@Mexico","","829768683635560452","https://twitter.com/kyliefletcher7/status/829768683635560452"
"WallFMRadioHV","2017-02-09 14:53","0","0","Mortimer Mallard checking snow fall amounts at the WALL studio How much did you get ? #wallradio https://www.instagram.com/p/BQS39uSBb3W/","","","#wallradio","829704890108702720","https://twitter.com/WallFMRadioHV/status/829704890108702720"
"AndyArthur","2017-02-09 01:59","0","0","Its obvious that tougher federal criminal penalities are needed against those who would intentionally shut dow... http://andyarthur.org/dont-shutdown-highways.html ","","","","829509988670246912","https://twitter.com/AndyArthur/status/829509988670246912"
"oliviamarshall_","2017-02-09 00:37","0","0","Shredded on the border of two states today in the Berkshires One peak in NY another in MA  https://www.instagram.com/p/BQRV9CFhtAc/","","","","829489364044435456","https://twitter.com/oliviamarshall_/status/829489364044435456"
"AndyArthur","2017-02-08 03:50","0","0","Heres What the U.S.-Mexico Border Actually Looks Like http://www.travelandleisure.com/photography/us-mexico-border?xid=NL_JustIn013017#calexico ","","","#calexico","829175635322941440","https://twitter.com/AndyArthur/status/829175635322941440"
"____Aubree____","2017-02-07 23:05","0","0","At certain angles, this village is cute. @Mexico High School https://www.instagram.com/p/BQOmruJAWmM/","","@Mexico","","829103939530407938","https://twitter.com/____Aubree____/status/829103939530407938"
"____Aubree____","2017-02-07 23:03","0","0","Dear Chicago, Never complain to me about snow. Dear Mexico, Please shovel your sidewalks. @ https://www.instagram.com/p/BQOmcR1AXfK/","","@","","829103413166227456","https://twitter.com/____Aubree____/status/829103413166227456"
"bigbankbee","2017-02-07 22:37","0","1","Happy Gas Day to my gang my family @kingmidasycm Big blunts when you get back around @ https://www.instagram.com/p/BQOjabklywM/","","@kingmidasycm @","","829096758517125120","https://twitter.com/bigbankbee/status/829096758517125120"
"SUNYUlster","2017-02-07 20:49","0","0","Thank you to, Dr. Hans Vought for today's presentation on the history of Immigration Policy. https://www.instagram.com/p/BQOXGchgZgu/","","","","829069676244299778","https://twitter.com/SUNYUlster/status/829069676244299778"
"AndyArthur","2017-02-07 16:08","0","0","States move to protect their immigration data from the Trump administration http://www.theverge.com/us-world/2017/2/2/14483888/trump-immigration-ban-washington-state-immigrant-data-registry ","","","","828998762764726272","https://twitter.com/AndyArthur/status/828998762764726272"
"wittywicks","2017-02-07 15:51","0","1","Loving these new wall signs! Sold one as soon as we unpacked it! Available now at store $20! https://www.instagram.com/p/BQN075JDq2-/","","","","828994545664790528","https://twitter.com/wittywicks/status/828994545664790528"
"SUNYUlster","2017-02-06 15:40","0","0","Don't miss this important and timely conversation about Immigration Policy, with Professor Hans https://www.instagram.com/p/BQLO88PAj70/","","","","828629546626928640","https://twitter.com/SUNYUlster/status/828629546626928640"
"italodude","2017-02-06 13:53","0","0","MASS MoCA : Sol LeWitt a-wall-drawing-retrospective w/ mona_jess #artista #art #artist #onsite https://www.instagram.com/p/BQLCo2EjfM6/","","","#artista #art #artist #onsite","828602468040900608","https://twitter.com/italodude/status/828602468040900608"
"BarbaraPrey","2017-02-05 21:12","0","1","Sneak preview of my wall view in building 6- painting is monumental #watercolor @mass_moca https://www.instagram.com/p/BQJQJcSgSkl/","","@mass_moca","#watercolor","828350695682236416","https://twitter.com/BarbaraPrey/status/828350695682236416"
"catsonamps","2017-02-05 00:25","0","2","#Repost @magnetic_eye  Magnetic Eye Records | Various Artists - The Wall [Redux]. So, that's https://www.instagram.com/p/BQHBcAxjKm5/","","@magnetic_eye","#Repost","828036877299097600","https://twitter.com/catsonamps/status/828036877299097600"
"brooke_wardx","2017-02-04 17:32","0","0","for a good time call 877-440-WALL @University of Scranton https://www.instagram.com/p/BQGSHpUgxbkje5ymtFvo4PbnoJ3TZPnbJfCwhI0/ ","","@University","","827932821062819840","https://twitter.com/brooke_wardx/status/827932821062819840"
"creynolds1978","2017-02-04 17:23","0","0","What Bay thinks of a wall lol #granddaughter #bay #megalegoset @ https://www.instagram.com/p/BQGRDpVjdXfzvR8cUkELKQiDtdjf3G97vtjfaQ0/ ","","@","#granddaughter #bay #megalegoset","827930561247318016","https://twitter.com/creynolds1978/status/827930561247318016"
"dzinermom","2017-02-04 15:29","0","1","Saturday special with the gang!! #(@Utica Coffee Roasting - @uticaroasting in Utica, NY) https://www.swarmapp.com/c/3q2aYlA7BkY pic.twitter.com/eX6TmfzlMR","","@Utica @uticaroasting","#","827901786753220609","https://twitter.com/dzinermom/status/827901786753220609"
"italodude","2017-02-04 13:19","0","0","MASS MoCA : Sol LeWitt a-wall-drawing-retrospective w/ mona_jess #artista #art #artist #onsite https://www.instagram.com/p/BQF1IfyFlzC/","","","#artista #art #artist #onsite","827869083894968320","https://twitter.com/italodude/status/827869083894968320"
"ALM3","2017-02-04 11:51","0","1","After a long hard day at the dog run and chewing sneakers, Scout likes to relax with the Wall https://www.instagram.com/p/BQFrHh_DSBB/","","","","827847056173760514","https://twitter.com/ALM3/status/827847056173760514"
"dankregs","2017-02-04 02:42","0","0","Better than Trumps Wall @Oneonta, New York https://www.instagram.com/p/BQEsSppAct_9vHjPDX8juFEpXQzSMH0mCbHhNA0/ ","","@Oneonta","","827708897444110336","https://twitter.com/dankregs/status/827708897444110336"
"RosalynMLewis","2017-02-03 23:50","0","0","The gang's all here to enjoy the open mic performance of Michael Lewis. @Angry Orchard https://www.instagram.com/p/BQEYlrsD2Sp/","","@Angry","","827665574469713920","https://twitter.com/RosalynMLewis/status/827665574469713920"
"italodude","2017-02-03 23:29","0","0","MASS MoCA : Sol LeWitt a-wall-drawing-retrospective #magical #northadams #artista #art #artist # https://www.instagram.com/p/BQEWJLhjDoN/","","","#magical #northadams #artista #art #artist #","827660196147240960","https://twitter.com/italodude/status/827660196147240960"
"alemonton28","2017-02-03 19:30","0","0","After all the only thing you can do is smile @Mexico (village), New York https://www.instagram.com/p/BQD64NYAwAl/","","@Mexico","","827600237388824577","https://twitter.com/alemonton28/status/827600237388824577"
"megwinsor","2017-02-03 17:29","0","1","I'm at US / Canada Border in Town of Orleans, NY https://www.swarmapp.com/c/7U6i91dYmai","","","","827569634262016000","https://twitter.com/megwinsor/status/827569634262016000"
"JonReep","2017-02-03 13:48","0","1","Good times with these guys on 106 FM Quinn & Cantera. Yes that's a grizzly on the wall. https://www.instagram.com/p/BQDTtLBAP1q/","","","","827514095834378243","https://twitter.com/JonReep/status/827514095834378243"
"KennyBurnsMcGil","2017-02-02 16:19","0","0","Hearing for client with drug case. May be ARD eligible. https://www.instagram.com/p/BQBAP01h0BtP5jby72Fqh2pcJqLNOghVdfFTpg0/ ","","","","827189831381901313","https://twitter.com/KennyBurnsMcGil/status/827189831381901313"
"Michael87471193","2017-02-01 03:37","0","0","@POTUS Don't back down to the media & dems on the immigration pause, keep America safe?!!  at GBP of Schoharie","","@POTUS","","826635594856017920","https://twitter.com/Michael87471193/status/826635594856017920"
"duetcat","2017-02-01 00:50","0","0"," @CAFalk: Share: Paul Ryan defends Trump immigration order amid GOP concerns. http://ln.is/tumblr.com/bTdlb . Ryan worse than Trump. Pence close.","","@CAFalk","","826593584598097920","https://twitter.com/duetcat/status/826593584598097920"
"AndyArthur","2017-01-31 03:01","0","0","Obama Criticizes Trump's Executive Order On Immigration, 'Heartened' By Protests http://www.npr.org/2017/01/30/512487565/obama-criticizes-trumps-immigration-ban-heartened-by-protests ","","","","826264205233774592","https://twitter.com/AndyArthur/status/826264205233774592"
"HFJMuseum","2017-01-30 21:42","0","2","We're building our own #subwaytherapy wall as part of the exhibit ""Empathy Academy,"" and artist https://www.instagram.com/p/BP52xs4BoHv/","","","#subwaytherapy","826183842260062208","https://twitter.com/HFJMuseum/status/826183842260062208"
"MichaelCBackus","2017-01-29 22:10","0","1","#OldGlory flies strong in the #LakeEffect @Mexico, New York https://www.instagram.com/p/BP3VN0oDrwkZhxg18tbh2s9BcmwKaKh8exs-F40/ ","","@Mexico","#OldGlory #LakeEffect","825828568190111744","https://twitter.com/MichaelCBackus/status/825828568190111744"
"FakeVom","2017-01-29 18:33","0","4","From Palestine to Mexico, border walls have got to go !!!! #nobannowall #resist @Williams College https://www.instagram.com/p/BP28XAcgT6a/","","@Williams","#nobannowall #resist","825773906862731265","https://twitter.com/FakeVom/status/825773906862731265"
"duetcat","2017-01-29 01:54","0","0"," @SenSasse: Statement on Border Security and Muslim Nations: http://www.sasse.senate.gov/public/index.cfm/press-releases?ID=813E24D8-1B88-4070-BF16-795305303A2B  pic.twitter.com/nWIUkLqhLh25th Amendment before too late!","","@SenSasse","","825522462473453570","https://twitter.com/duetcat/status/825522462473453570"
"Kurlykomments","2017-01-29 01:12","0","0","A Terrorist, A Bank Robber and Some Drug Dealers make the news in SC this week: The latest https://www.instagram.com/p/BP1FMCwgcIV/","","","","825511845419180032","https://twitter.com/Kurlykomments/status/825511845419180032"
"iamChrisReiners","2017-01-28 19:31","0","0","Final: Cuse 82, Florida St. 72 Song: Kool & The Gang - Celebration @Carrier Dome https://www.instagram.com/p/BP0eL3SAIS1/","","@Carrier","","825426079494062088","https://twitter.com/iamChrisReiners/status/825426079494062088"
"Martinswagr","2017-01-28 01:23","0","0","Saint Gang #SuiteLife @Times Union Center https://www.instagram.com/p/BPyhq2qgDrb/","","@Times","#SuiteLife","825152267103956992","https://twitter.com/Martinswagr/status/825152267103956992"
"samanthanichols","2017-01-27 19:17","0","0","Yay (@NY/MA Border in West Stockbridge, MA) https://www.swarmapp.com/c/caHCRYF9p2y","","@NY","","825060285845213188","https://twitter.com/samanthanichols/status/825060285845213188"
"VintageMeegan","2017-01-27 17:28","0","0","You don't see these very often... check out this vintage Hammond Synchronous wall clock. 15x15 https://www.instagram.com/p/BPxrVrKl2F-/","","","","825032801305108480","https://twitter.com/VintageMeegan/status/825032801305108480"
"hparacha","2017-01-27 17:06","0","1","Hahahahahahahahaha #lego #bestselling #toys #humor #trump #lol #wall #trumpwall https://www.instagram.com/p/BPxoz6dgqjz/","","","#lego #bestselling #toys #humor #trump #lol #wall #trumpwall","825027234062880779","https://twitter.com/hparacha/status/825027234062880779"
"PFarrell031856","2017-01-27 15:45","0","0","@realDonaldTrump Totally agree about the wall going up and the majority of the U.S. feels the same. Enough is enough.","","@realDonaldTrump","","825006750734675971","https://twitter.com/PFarrell031856/status/825006750734675971"
"PFarrell031856","2017-01-26 21:59","0","0","@realDonaldTrump El Chapo's drug money can pay for the wall also to remind Mexico that their drug money paid for it.","","@realDonaldTrump","","824738618459713536","https://twitter.com/PFarrell031856/status/824738618459713536"
"PFarrell031856","2017-01-26 20:24","0","0","@realDonaldTrump Put that wall up and if they don't want help pay stop all trade with Mexico. That will make them wake up.","","@realDonaldTrump","","824714676877590528","https://twitter.com/PFarrell031856/status/824714676877590528"
"PFarrell031856","2017-01-26 19:42","0","0","The wall should go up tired of people taking advantage of the U.S. and they should psy for it to. You don't see any Americans break in. Mex.","","","","824704151011622912","https://twitter.com/PFarrell031856/status/824704151011622912"
"stephenkeeler1","2017-01-26 19:27","0","0","Tear down the wall. ! Pink Floyd back in Stock ! @Rock Fantasy https://www.instagram.com/p/BPvUG-cB-Ft/","","@Rock","","824700232445292544","https://twitter.com/stephenkeeler1/status/824700232445292544"
"JamieHuffx","2017-01-26 05:47","1","1","Gang shit @Malta, New York https://www.instagram.com/p/BPtzFGmDcWy47_GKqUh-cQDn9KMATYwiDO-RfE0/ ","","@Malta","","824493989286010880","https://twitter.com/JamieHuffx/status/824493989286010880"
"Noren4Congress","2017-01-26 00:11","0","0","Congressman Jason Chaffetz has Russian immigrant grandparents. He is anti immigration though","","","","824409462081548289","https://twitter.com/Noren4Congress/status/824409462081548289"
"mrc0810","2017-01-25 19:25","0","0","I'm at NY/MA Border in West Stockbridge, MA https://www.swarmapp.com/c/jIkJQw8Wv9A","","","","824337470494015488","https://twitter.com/mrc0810/status/824337470494015488"
"KindredSpiritVT","2017-01-24 18:49","0","1","New Wall Art on display. #shoplocal #rutlandvt #vermont #decor #wallart #kindredspirit https://www.instagram.com/p/BPqGLSBAeEm/","","","#shoplocal #rutlandvt #vermont #decor #wallart #kindredspirit","823965908951584768","https://twitter.com/KindredSpiritVT/status/823965908951584768"
"MarcoBenevento","2017-01-24 04:48","1","3","new favorite wall @Fred Short Recording Studio https://www.instagram.com/p/BPol9tUgEQx/","","@Fred","","823754334563405824","https://twitter.com/MarcoBenevento/status/823754334563405824"
"youngnottyboy","2017-01-24 00:51","0","0","Young Beard Gang @SpringHill Suites Albany-Colonie https://www.instagram.com/p/BPoKyt_hT6I/","","@SpringHill","","823694587323555840","https://twitter.com/youngnottyboy/status/823694587323555840"
"samanthanichols","2017-01-23 21:15","0","0","I'm at NY/PA Border in Sayre, PA https://www.swarmapp.com/c/9wWAGB6u8TJ","","","","823640258160029696","https://twitter.com/samanthanichols/status/823640258160029696"
"samanthanichols","2017-01-23 18:08","0","0","I'm at NY/MA Border in West Stockbridge, MA https://www.swarmapp.com/c/jbODTbK5sgB","","","","823593219770449920","https://twitter.com/samanthanichols/status/823593219770449920"
"ANewDayVegan","2017-01-23 01:07","0","0","Probably the easiest to dinner ever! Gnocchis with whole_in_the_wall Spinach Pesto! So https://www.instagram.com/p/BPln6juAQcU/","","","","823336414477684736","https://twitter.com/ANewDayVegan/status/823336414477684736"
"ifly2ifly","2017-01-22 21:44","0","0","I'm at NY/MA Border in West Stockbridge, MA https://www.swarmapp.com/c/5zVSmu3gvXz","","","","823285162532282369","https://twitter.com/ifly2ifly/status/823285162532282369"
"DrMicheleBell","2017-01-22 06:47","0","0","When the rest of the world sees a wall ,,, I see a window #love #life #spiritual #awake #namaste https://www.instagram.com/p/BPjp-5pliPJ/","","","#love #life #spiritual #awake #namaste","823059491285565440","https://twitter.com/DrMicheleBell/status/823059491285565440"
"Kyle_cox11","2017-01-21 23:00","0","0","Me and the Gang @Manlius, New York https://www.instagram.com/p/BPi0lPyBUQYcR64r9xZMCsfXpO-W0HQb6AlOnE0/ ","","@Manlius","","822942059451412480","https://twitter.com/Kyle_cox11/status/822942059451412480"
"RealJeffL","2017-01-21 20:32","0","1","Make America Smart Again #marchonwashington #wearewithyou #nevertrump #albany @Albany, New York https://www.instagram.com/p/BPijoKrldsR/","","@Albany","#marchonwashington #wearewithyou #nevertrump #albany","822904781220040708","https://twitter.com/RealJeffL/status/822904781220040708"
"AndyArthur","2017-01-21 16:30","0","0","For 30 Years, Donald Trump Has Wanted To 'Make America Great Again' : NPR http://www.npr.org/2017/01/20/510680463/donald-trumps-been-saying-the-same-thing-for-30-years?utm_source=facebook.com&utm_medium=social&utm_campaign=morningedition&utm_term=nprnews&utm_content=20170120 ","","","","822843721620209665","https://twitter.com/AndyArthur/status/822843721620209665"
"HfxRankin","2017-01-21 01:06","0","0","@nicolecmarcotte is back from her Mexico trip, and she brought Duty Free! @Kingston, Ontario https://www.instagram.com/p/BPgeMEeB9HI/","","@nicolecmarcotte @Kingston","","822611337981345793","https://twitter.com/HfxRankin/status/822611337981345793"
"emeraldjay74","2017-01-20 18:35","0","1","RT @Math4Knitters: RT @neiltyson: Let's Make America Smart Again. Absolutely, let make America think again","","@Math4Knitters @neiltyson","","822512902007619586","https://twitter.com/emeraldjay74/status/822512902007619586"
"BigPoppaCNY","2017-01-20 17:07","0","0","I've been partying with Fulton Chain Gang for almost 20yrs! Find out why & party with us tonight https://www.instagram.com/p/BPfnVlXhQ4p/","","","","822490719822614528","https://twitter.com/BigPoppaCNY/status/822490719822614528"
"kbrew_pub","2017-01-20 15:48","1","1","today's special is the Trump Taco Bowl! ""A taco bowl is just a taco with a big beautiful wall https://www.instagram.com/p/BPfeVtigTuM/","","","","822470929330700288","https://twitter.com/kbrew_pub/status/822470929330700288"
