"username","date","retweets","favorites","text","geo","mentions","hashtags","id","permalink"
"mattwjanitor","2017-04-18 00:20","0","0","#LHHATL Oh No, please tell me Joseline didn't have to take a drug test","","","#LHHATL","854127459129847808","https://twitter.com/mattwjanitor/status/854127459129847808"
"patrickcrain73","2017-04-17 22:52","0","1","Now watching - The Wolf of Wall Street (2013) #martinscorsese @Crain Manor https://www.instagram.com/p/BTAQBDfgwIs/","","@Crain","#martinscorsese","854105370083590149","https://twitter.com/patrickcrain73/status/854105370083590149"
"dblakesmart","2017-04-17 22:49","0","4","NEVER BOOK THE LAST FLIGHT OUT OF A SMALL AIRPORT! #iknowbetter #drivehard @Kansas/Oklahoma Border https://www.instagram.com/p/BTAPrvMgKkD/","","@Kansas","#iknowbetter #drivehard","854104636671832065","https://twitter.com/dblakesmart/status/854104636671832065"
"grubs_dickson","2017-04-17 22:41","0","0","Come watch the NBA & NHL playoffs with us on our 9 panel TV wall! We have $5 & $8 happy hour https://www.instagram.com/p/BTAOvHmjs87/","","","","854102560990527489","https://twitter.com/grubs_dickson/status/854102560990527489"
"T_Geez","2017-04-17 20:21","0","1","When you finally get tatted ... Gang @Fort Smith, Arkansas https://www.instagram.com/p/BS_-wUbBOA5TSan-IverGdF1ZlsMS-BoYMBl1k0/ ","","@Fort","","854067425825898496","https://twitter.com/T_Geez/status/854067425825898496"
"JenScanlan","2017-04-17 18:12","0","0","More images from this weekend: the haunting exhibition 'Border Cantos' at Crystal Bridges. The https://www.instagram.com/p/BS_v76wjrD0/","","","","854034827250720770","https://twitter.com/JenScanlan/status/854034827250720770"
"HortonRecordsOK","2017-04-16 05:34","0","0","wink_burcham and the gang doing it right at the_colony_tulsa - that's @jacobtovarmusic's cowboy https://www.instagram.com/p/BS70cT3gm1J/","","@jacobtovarmusic","","853481786159931392","https://twitter.com/HortonRecordsOK/status/853481786159931392"
"Osas____","2017-04-15 02:05","0","0","just here tensioning the #smalltwinpeaks gang. God dey sha","","","#smalltwinpeaks","853066605886156801","https://twitter.com/Osas____/status/853066605886156801"
"SofiaHathaway","2017-04-15 00:45","0","0","Border Cantos @Crystal Bridges Museum of American Art https://www.instagram.com/p/BS4ujH4jsl_/","","@Crystal","","853046618127552516","https://twitter.com/SofiaHathaway/status/853046618127552516"
"MastonSeth","2017-04-14 19:39","0","2","All custom like we on the border. #NightLite #bkirk @Alva, Oklahoma https://www.instagram.com/p/BS2wlibBGQdL4QvoDf_AQqFaq-0hdDsxPC3puE0/ ","","@Alva","#NightLite #bkirk","852969636329136129","https://twitter.com/MastonSeth/status/852969636329136129"
"cbd_wichita","2017-04-14 18:02","0","0","Its fun to change it up and walk over to the whiteboard wall to express our thoughts on https://www.instagram.com/p/BS4Aaw9ga7t/","","","","852945170412838912","https://twitter.com/cbd_wichita/status/852945170412838912"
"hbooki1","2017-04-14 12:30","0","0","Drug test for job (@Quest Diagnostics in Bentonville, AR) https://www.swarmapp.com/c/jh4CrrePRmh","","@Quest","","852861594421927936","https://twitter.com/hbooki1/status/852861594421927936"
"scottmo","2017-04-14 04:03","1","2","Late night Led light wall demo. Looks amazing. #eastersunday @southpointeokc @Southpointe Church https://www.instagram.com/p/BS2gcJpFIC5/","","@southpointeokc @Southpointe","#eastersunday","852734146514309120","https://twitter.com/scottmo/status/852734146514309120"
"andy00719","2017-04-14 03:20","0","0","Tonight I was invited to go to the Putnam City Foundation Wall of https://www.instagram.com/p/BS2bbrvF8NHuW3aw5GNRQfH5BHEuIDf7Lj-xFo0/ ","","","","852723103557976064","https://twitter.com/andy00719/status/852723103557976064"
"outonalimbokc","2017-04-14 01:09","0","0","In love with this wall art by wildest_dandelion! As always, put an air plant on everything! @ https://www.instagram.com/p/BS2Mhxzlp_E/","","@","","852690336606498821","https://twitter.com/outonalimbokc/status/852690336606498821"
"TBW_Temre","2017-04-13 22:39","0","3","Called in for a PoP drug test.... Gotta love a test that I don't have to study for @ https://www.instagram.com/p/BS17SiCF3Zu/","","@","","852652422996611072","https://twitter.com/TBW_Temre/status/852652422996611072"
"jasonklinman","2017-04-13 17:49","0","1","A little #mexico right here in #tulsa #oklahoma @topochicousa April 17 @Las Americas https://www.instagram.com/p/BS1aLzoAqvR/","","@topochicousa @Las","#mexico #tulsa #oklahoma","852579615101124610","https://twitter.com/jasonklinman/status/852579615101124610"
"bobbyross","2017-04-13 12:24","0","0","Another picture on the wall. Ross kids growing up. #family @Oklahoma City, Oklahoma https://www.instagram.com/p/BS005OSl4ox/","","@Oklahoma","#family","852497625534398465","https://twitter.com/bobbyross/status/852497625534398465"
"trevordavey4088","2017-04-12 19:21","0","0","The original gang of four #tattoos #tattooflash #tattooer #tattooers #traditionaltattoo https://www.instagram.com/p/BSy_0aHAuDM/","","","#tattoos #tattooflash #tattooer #tattooers #traditionaltattoo","852240163224924163","https://twitter.com/trevordavey4088/status/852240163224924163"
"LegiScanOK","2017-04-12 00:56","0","0","HB1394 [Passed] Criminal procedure; Domestic Violence Fatality Review Board; eliminating sunset termination date;... http://bitly.com/VS1MT8","","","","851962080022458368","https://twitter.com/LegiScanOK/status/851962080022458368"
"christianyb","2017-04-11 18:13","0","0","heyheyhaase!! Chinese food, sugar rolls, and #horriblefortunes. #roadtrip @Great Wall https://www.instagram.com/p/BSwTQh0gAVU/","","@Great","#horriblefortunes #roadtrip","851860697910837249","https://twitter.com/christianyb/status/851860697910837249"
"mexicojoes","2017-04-10 15:59","1","0","Mexico Joe's & Pepsi are giving away a weekend trip to the #GaylordTexan and a $1,000 https://www.instagram.com/p/BStfK4ygnp_/","","","#GaylordTexan","851464711078019072","https://twitter.com/mexicojoes/status/851464711078019072"
"isavefacesnokc","2017-04-10 15:25","0","1","It's that time of year again! PROM season! Don't be a pale wall flower. Be the life of the Prom. https://www.instagram.com/p/BStbRTLDC-S/","","","","851456109097492482","https://twitter.com/isavefacesnokc/status/851456109097492482"
"Kylie_Amos","2017-04-09 18:48","0","0","Finally got around to putting up this gallery wall for the dogs! Really happy with how it turned https://www.instagram.com/p/BSrNp5ehBIi/","","","","851144692116975616","https://twitter.com/Kylie_Amos/status/851144692116975616"
"98_Untouched","2017-04-09 18:15","3","10","There nothing like good people, and good fishing #BSRanch @Kansas/Oklahoma Border https://www.instagram.com/p/BSrJ-G8DqI2/","","@Kansas","#BSRanch","851136587878588416","https://twitter.com/98_Untouched/status/851136587878588416"
"Zach___Stout","2017-04-09 16:11","1","0","Geeter gang at it again. @Fort Smith, Arkansas https://www.instagram.com/p/BSq7t1IATXx/","","@Fort","","851105248106205185","https://twitter.com/Zach___Stout/status/851105248106205185"
"Chris_Cassidy","2017-04-09 03:37","0","0","Cheers to the end of comps! Also pictured: jyevara's thumb. #GradSchool @Mexico Viejo https://www.instagram.com/p/BSplZc5DHvq/","","@Mexico","#GradSchool","850915425772859392","https://twitter.com/Chris_Cassidy/status/850915425772859392"
"BanGetDemBands","2017-04-09 01:03","0","0","Quyon King kquyon 1/5 of Pretty bitch Gang just dropped some You can stream his new tape on https://www.instagram.com/p/BSpTx3zlIz9/","","","","850876687906635776","https://twitter.com/BanGetDemBands/status/850876687906635776"
"momofgunns","2017-04-09 00:27","0","0","A little wall holding and #dabbing! #wearenothere https://www.instagram.com/p/BSpPtBUDUfZaZHl6Eehi3Hy0Tn89hC6-E2FqGA0/ ","","","#dabbing #wearenothere","850867720866365440","https://twitter.com/momofgunns/status/850867720866365440"
"chel_chelle1","2017-04-08 22:44","0","0","Made new wall decor for Tinley's room @Junque 2 Jewels https://www.instagram.com/p/BSpD-YWABIF/","","@Junque","","850841928254050305","https://twitter.com/chel_chelle1/status/850841928254050305"
"irickyg","2017-04-08 17:51","0","0","I'm at Wall's Bargain Center in Del City, OK https://www.swarmapp.com/c/jXpbDkCgirj","","","","850768033228390403","https://twitter.com/irickyg/status/850768033228390403"
"ShowplaceMarket","2017-04-07 18:55","0","0","The Oklahoma wall got upgraded to a larger booth! Gotta love some Okie pride! #showplacemarket https://www.instagram.com/p/BSmE6E2gaiz/","","","#showplacemarket","850421763213230081","https://twitter.com/ShowplaceMarket/status/850421763213230081"
"mexicojoes","2017-04-07 03:26","2","1","Tip-a-Cop night was awesome! We love having y'all here at Mexico Joe's! #supportlocalpolice https://www.instagram.com/p/BSkant8guW5/","","","#supportlocalpolice","850188066081955841","https://twitter.com/mexicojoes/status/850188066081955841"
"LegiScanOK","2017-04-06 00:27","0","0","SJR46 [Passed] Constitutional amendment; expanding certain rights of victims of criminal acts. Ballot title. http://bitly.com/1ck1zeQ","","","","849780531734728704","https://twitter.com/LegiScanOK/status/849780531734728704"
"LegiScanOK","2017-04-05 19:56","0","0","SJR46 [Enroll] Constitutional amendment; expanding certain rights of victims of criminal acts. Ballot title. http://bitly.com/1ck1zeQ","","","","849712455949451264","https://twitter.com/LegiScanOK/status/849712455949451264"
"LegiScanOK","2017-04-05 19:06","0","0","HB1394 [Enroll] Criminal procedure; Domestic Violence Fatality Review Board; eliminating sunset termination date;... http://bitly.com/VS1MT8","","","","849699802157854720","https://twitter.com/LegiScanOK/status/849699802157854720"
"keelyannne","2017-04-05 16:21","0","1","#whyadpiwednesday Cause you find awesome people to be in your girl gang @Alpha Delta Pi - https://www.instagram.com/p/BSgptYoA5OT/","","@Alpha","#whyadpiwednesday","849658276157558785","https://twitter.com/keelyannne/status/849658276157558785"
"simpIy_sueee","2017-04-04 17:16","0","0","Apparently my sick babygirl wanted egg drop soup but changed her mind to s&s chicken.. (@Great Wall Chinese) https://www.swarmapp.com/c/i4EhnAOks7Q","","@Great","","849309776420929536","https://twitter.com/simpIy_sueee/status/849309776420929536"
"T_Geez","2017-04-03 22:00","0","0","Gang @Fort Smith, Arkansas https://www.instagram.com/p/BScG7-xh7DLUZ37_b9OJC_hescpLzcc6r6s7Iw0/ ","","@Fort","","849018860929929217","https://twitter.com/T_Geez/status/849018860929929217"
"BanGetDemBands","2017-04-03 17:24","3","2","Pretty bitch Gang !!! Follow @neezy_macintosh #pbg #bandman #smoke #neezy @Persimmon Hill, https://www.instagram.com/p/BSbnWQJBSd_/","","@neezy_macintosh @Persimmon","#pbg #bandman #smoke #neezy","848949391671021569","https://twitter.com/BanGetDemBands/status/848949391671021569"
"ShellyMedlock","2017-04-03 13:40","0","0","This is my favorite wall in my Walker Art Studio! @Walker Elementary School https://www.instagram.com/p/BSbNvsnha3F/","","@Walker","","848893086121971716","https://twitter.com/ShellyMedlock/status/848893086121971716"
"yeyosgrill","2017-04-03 00:16","0","0","What's missing here? Find out soon at Yeyo's ""El Alma de Mxico"" #8thstreetmarket #brightwater https://www.instagram.com/p/BSZxq2hjO5B/","","","#8thstreetmarket #brightwater","848690617005768708","https://twitter.com/yeyosgrill/status/848690617005768708"
"thesarasmiles","2017-04-01 22:07","0","0","Idk how I've lived in okc my whole life and just now got a picture with this wall but hey at https://www.instagram.com/p/BSW-JQmjQOZ/","","","","848295838757552129","https://twitter.com/thesarasmiles/status/848295838757552129"
"Channel4Ty","2017-03-31 22:00","0","0","Can't wait to pass thru New Mexico","","","","847931707588308996","https://twitter.com/Channel4Ty/status/847931707588308996"
"ccajohnson","2017-03-31 01:11","0","0","Yep, gonna have to go frame shopping. 6 prints to hang on the wall. This one is my autographed https://www.instagram.com/p/BSSJoZzDtc4/","","","","847617404360302592","https://twitter.com/ccajohnson/status/847617404360302592"
"folklife2","2017-03-30 21:51","0","0","It's Talavera Tuesdays! 3 cuties from our critter wall. @Plaza District https://www.instagram.com/p/BSRypqYBYmd/","","@Plaza","","847566868097318912","https://twitter.com/folklife2/status/847566868097318912"
"froufroujewelry","2017-03-30 16:56","0","0","Bright colorful perfect for Mexico! or that perfect summer white dress! Oh the possibilities https://www.instagram.com/p/BSRQ6R3Anh-/","","","","847492674416394240","https://twitter.com/froufroujewelry/status/847492674416394240"
"spotternetwork","2017-03-30 00:20","0","0","Spotr 5 miles W of TIFF CITY, MO @00:20 UTC Not Rotating Wall Cloud>-north of Grove%2C OK","","@00","","847242157857554432","https://twitter.com/spotternetwork/status/847242157857554432"
"Branch_Students","2017-03-29 17:51","0","0","We are filling up the shoe wall! Bring shoes to donate to Arrowhead School tonight! Size 11-13 https://www.instagram.com/p/BSOyYa1jUJ2/","","","","847144085215494149","https://twitter.com/Branch_Students/status/847144085215494149"
"vort_advection","2017-03-28 06:04","0","0","Coolest thing I saw on Sunday's chase, and no this is not a tornado forming. Just a wall cloud. https://www.instagram.com/p/BSK8u_DhZav/","","","","846603882650189824","https://twitter.com/vort_advection/status/846603882650189824"
"tishany","2017-03-27 22:54","0","0","Nommmm hungryyyy (@Great Wall in Oklahoma City, OK) https://www.swarmapp.com/c/bEFX12HzvXA","","@Great","","846495596257185792","https://twitter.com/tishany/status/846495596257185792"
"amber_pelirroja","2017-03-27 03:37","0","0","new wall hanging up in my etsy shop. use promo code UNICORN to get $5 off ANY order link is https://www.instagram.com/p/BSIHJlfln0W/","","","","846204578110562306","https://twitter.com/amber_pelirroja/status/846204578110562306"
"LuizLabra","2017-03-27 02:22","0","0","On my way to brunch and I found this #art on the wall. @Bentonville, Arkansas https://www.instagram.com/p/BSH-g-2FMx2/","","@Bentonville","#art","846185591268147200","https://twitter.com/LuizLabra/status/846185591268147200"
"wxbrain","2017-03-27 01:34","0","5","Crazy wall clouds, incredible updrafts, and a confirmed tornado. Not a bad way to spend a https://www.instagram.com/p/BSH4_81DhzF/","","","","846173455716438016","https://twitter.com/wxbrain/status/846173455716438016"
"Bigtrashday","2017-03-27 00:23","0","0","Album cover? Bad ass gang? Yes and yes! @The Garden Oasis https://www.instagram.com/p/BSHw5Bgj245xrj1MR-sRIj5TdKPBydDLTGvfzo0/ ","","@The","","846155628791943168","https://twitter.com/Bigtrashday/status/846155628791943168"
"spotternetwork","2017-03-26 23:46","2","2","Spotr 3 miles SSW of FREEPORT, KS @23:44 UTC TOR>-TORNADO ON GROUND MOVING EAST. HAS NOW LIFTED. STILL ROTATING WALL CLOUD.","","@23","","846146275494035456","https://twitter.com/spotternetwork/status/846146275494035456"
"bratmommy","2017-03-26 23:33","0","0","Hail, hail!. The gang's finally all here!. The drinks are cold and https://www.instagram.com/p/BSHrMNxBV8nq9WVFYjXo77HJPKeHTL08QJ0e3M0/ ","","","","846143090096156674","https://twitter.com/bratmommy/status/846143090096156674"
"spotternetwork","2017-03-26 22:41","0","0","Spotr 3 miles NNE of PAULS VALLEY, OK @22:41 UTC Not Rotating Wall Cloud>-non rotating wall cloud at our location","","@22","","846130048931414018","https://twitter.com/spotternetwork/status/846130048931414018"
"marieeament","2017-03-25 23:34","0","0","""Whip it"" was funny for the picture but not for my neck. 10/10 do not recommend hitting a wall https://www.instagram.com/p/BSFGdh1gTMB/","","","","845780852424527873","https://twitter.com/marieeament/status/845780852424527873"
"rstarli","2017-03-24 23:18","0","0","The @crystalbridges exhibit focusing on the Mexican border wall sparked lots of questions for https://www.instagram.com/p/BSCf3GPAmOZ/","","@crystalbridges","","845414488484515843","https://twitter.com/rstarli/status/845414488484515843"
"FoxThePodcaster","2017-03-23 22:19","0","0","Decorated my wall locker at the fire house @CowetaFireDept https://www.instagram.com/p/BR_0WF1hmod/","","@CowetaFireDept","","845037320742985728","https://twitter.com/FoxThePodcaster/status/845037320742985728"
"crazymomma62556","2017-03-23 22:13","0","0","Giant picture on the wall at our Airbnb. @Tulsa, Oklahoma https://www.instagram.com/p/BR_zoVMDL72xTCitVg7qWb_OHYiYPUD-dSpcr00/ ","","@Tulsa","","845035751326789632","https://twitter.com/crazymomma62556/status/845035751326789632"
"LegiScanOK","2017-03-23 19:06","0","1","SB342 [Engross] Criminal justice reform; creating task force to analyze fines, fees and court costs assessed thro... http://bitly.com/XCDqLr","","","","844988760458715136","https://twitter.com/LegiScanOK/status/844988760458715136"
"LegiScanOK","2017-03-23 19:06","0","0","HB1324 [Engross] Criminal procedure; modifying requirements of presentence investigations for certain felony offe... http://bitly.com/VNXgop","","","","844988705546883074","https://twitter.com/LegiScanOK/status/844988705546883074"
"LegiScanOK","2017-03-23 03:26","0","0","SB689 [Engross] Criminal procedure; certain sentencing provisions. Effective date. http://bitly.com/XGBYaW","","","","844752105311272960","https://twitter.com/LegiScanOK/status/844752105311272960"
"LegiScanOK","2017-03-23 03:16","0","0","SJR46 [Engross] Constitutional amendment; expanding certain rights of victims of criminal acts. Ballot title. http://bitly.com/1ck1zeQ","","","","844749649462415361","https://twitter.com/LegiScanOK/status/844749649462415361"
"normTMc","2017-03-23 02:33","0","0","Drinking a Happy Camper IPA by @santafebrew @Mexicali Border Cafe  http://untp.beer/s/c431173286","","@santafebrew @Mexicali","","844738905660440576","https://twitter.com/normTMc/status/844738905660440576"
"LegiScanOK","2017-03-23 01:06","0","1","SB793 [Engross] Criminal justice reform; creating Corrections and Criminal Justice oversight task force. Effectiv... http://bitly.com/XJ2OPz","","","","844716986613612545","https://twitter.com/LegiScanOK/status/844716986613612545"
"LegiScanOK","2017-03-23 00:36","0","0","HB1987 [Engross] Criminal procedure; authorizing defendants to file application for certain evidentiary hearing; ... http://bitly.com/XNVVMV","","","","844709306561941505","https://twitter.com/LegiScanOK/status/844709306561941505"
"CoryLHughes","2017-03-22 22:31","0","0","After visiting Black Wall Street in Tulsa, Oklahoma I'm still https://www.instagram.com/p/BR9Q6f0h6X8D2oQh8jrt2j7iCYRH6BZp9LfQy40/ ","","","","844677933973196800","https://twitter.com/CoryLHughes/status/844677933973196800"
"LegiScanOK","2017-03-22 18:56","0","0","SB303 [Engross] Criminal history records; requirements. Effective date. http://bitly.com/WNuuQo","","","","844623913535594499","https://twitter.com/LegiScanOK/status/844623913535594499"
"Flynbyu23","2017-03-22 01:49","0","0","The back of my #nanoreef has some green #coraline #algae growing on my back wall. My live rock https://www.instagram.com/p/BR7CwjwhQeQ/","","","#nanoreef #coraline #algae","844365334182187008","https://twitter.com/Flynbyu23/status/844365334182187008"
"LegiScanOK","2017-03-22 00:06","0","0","HB2290 [Engross] Drug and mental health court; expanding parameters of drug court program objectives; effective d... http://bitly.com/VWpehU","","","","844339353874808833","https://twitter.com/LegiScanOK/status/844339353874808833"
"LegiScanOK","2017-03-21 20:56","0","0","HB1468 [Engross] Criminal procedure; creating the Hidden Predator Act; modifying time limitations for prosecuting... http://bitly.com/VRTN8o","","","","844291646225338368","https://twitter.com/LegiScanOK/status/844291646225338368"
"SincereGrant","2017-03-21 06:32","0","0","PUSH GANG! KILLED IT @The Yeti https://www.instagram.com/p/BR4-WK_Bf2Y/","","@The","","844074153258893312","https://twitter.com/SincereGrant/status/844074153258893312"
"SincereGrant","2017-03-21 06:30","0","0","HIT A LICK!!!!! PUSH GANG!!! #THESITUATION @The Yeti https://www.instagram.com/p/BR4-Ignh0I6/","","@The","#THESITUATION","844073712697589760","https://twitter.com/SincereGrant/status/844073712697589760"
"CoryLHughes","2017-03-20 23:00","0","2","Had the opportunity to tour the remains of ""Black Wall Street"" in https://www.instagram.com/p/BR4KokTh7ZZlmqTIiFrwmOl98GXUTW8UQf_k480/ ","","","","843960436697456641","https://twitter.com/CoryLHughes/status/843960436697456641"
"LegiScanOK","2017-03-20 18:16","0","0","HB1406 [Engross] Criminal procedure; increasing penalties; effective date. http://bitly.com/VMcXg5","","","","843888883892936705","https://twitter.com/LegiScanOK/status/843888883892936705"
"LegiScanOK","2017-03-20 17:06","0","0","HB1122 [Engross] Drug possession; providing for the preemption of certain laws of municipalities and political su... http://bitly.com/XFGfv4","","","","843871270169133056","https://twitter.com/LegiScanOK/status/843871270169133056"
"froufroujewelry","2017-03-20 14:40","0","0","Represent where you are from with one of our home state wall plaques.  #fashion #style https://www.instagram.com/p/BR3Rc6BAaRV/","","","#fashion #style","843834689068716033","https://twitter.com/froufroujewelry/status/843834689068716033"
"khrysteenah","2017-03-18 17:22","0","0","Speaking on Human Trafficking & Immigration at Federation of Democratic Women #TruetoOklahoma (at @embassysuites) https://www.swarmapp.com/c/eMeTUdqTIoq","","@embassysuites","#TruetoOklahoma","843150705980592128","https://twitter.com/khrysteenah/status/843150705980592128"
"ViVirgilrowe","2017-03-18 01:32","1","2",""" @luvmycountry1: @ViVirgilrowe Thanks Virg!"" No problem great to meet you. Let's make America Proud again!!!","","@luvmycountry1 @ViVirgilrowe","","842911636499415041","https://twitter.com/ViVirgilrowe/status/842911636499415041"
"cohickm","2017-03-17 19:03","0","0","Celebrating good ol' St. Patrick. @Stone Wall https://www.instagram.com/p/BRwBMZCA8ib/","","@Stone","","842813774721699842","https://twitter.com/cohickm/status/842813774721699842"
"BaylorPhotos","2017-03-17 18:49","1","16","#BAYLOR BEARS WIN!!!! With a 91-73 win over New Mexico, the first round of #MarchMadness goes to https://www.instagram.com/p/BRv_jL9jOZp/","","","#BAYLOR #MarchMadness","842810160313745408","https://twitter.com/BaylorPhotos/status/842810160313745408"
"samuraihawk","2017-03-17 17:02","0","1","East Regional. Baylor v. New Mexico State. . . . #ncaatournament #marchmadness #tulsa https://www.instagram.com/p/BRvzVbvhTXJ/","","","#ncaatournament #marchmadness #tulsa","842783304235405312","https://twitter.com/samuraihawk/status/842783304235405312"
"brflux","2017-03-17 00:31","0","0","Wall, Los Indios, Texas Richard Misrach Border Cantos show Walmart Museum Walmartville, https://www.instagram.com/p/BRuB1JegUiu/","","","","842533698251771905","https://twitter.com/brflux/status/842533698251771905"
"brflux","2017-03-17 00:25","0","0","Wall (post and mesh), Douglas, Arizona Richard Misrach Border Cantos at the Walmart museum https://www.instagram.com/p/BRuBM95gzKt/","","","","842532318883528705","https://twitter.com/brflux/status/842532318883528705"
"okstatehorns","2017-03-15 22:12","2","4","Getting the gang back together tonight for some final touches before heading to the #mshw2017 https://www.instagram.com/p/BRrNJVhFD5F/","","","#mshw2017","842136400883523584","https://twitter.com/okstatehorns/status/842136400883523584"
"mbbpepper","2017-03-15 12:34","0","0","Just purchased this gorgeous Tulips pattern by campbell_soup_diary. I see pillows and wall https://www.instagram.com/p/BRqLBEVjHCn/","","","","841990952046723072","https://twitter.com/mbbpepper/status/841990952046723072"
"cinacar","2017-03-15 05:20","0","0","It's the original ""Switzer"" gang! (yeah, it's an inside joke). Love my new friends! NPPA #Y57 @ https://www.instagram.com/p/BRpZT7mhquT/","","@","#Y57","841881647670796289","https://twitter.com/cinacar/status/841881647670796289"
"JonathanJohn92","2017-03-15 05:01","0","0","Blessed 21st birthday Joshua. Glad we got to know you and welcome to the gang ! #familia https://www.instagram.com/p/BRpXIWUFLTz/","","","#familia","841876901849403392","https://twitter.com/JonathanJohn92/status/841876901849403392"
"yeyosgrill","2017-03-15 02:49","0","1","Yeyo's; The Soul of Mexico, coming soon to a ""MARKET"" near you!!! @8stmarket brightwaternwa https://www.instagram.com/p/BRpIHEODiQi/","","@8stmarket","","841843830563471362","https://twitter.com/yeyosgrill/status/841843830563471362"
"PrinceSpearmon","2017-03-14 23:09","1","4","Posted up with gang gang after practice. Are you ready for outdoor season, bc we are! @Randal https://www.instagram.com/p/BRou3qNjdQV/","","@Randal","","841788327485403137","https://twitter.com/PrinceSpearmon/status/841788327485403137"
"osucam","2017-03-14 21:40","0","2","We're just two wild n' crazy guys taking in some Cowboy baseball! #OKSTATE #GOPOKES New Mexico https://www.instagram.com/p/BRoku8WgQxx/","","","#OKSTATE #GOPOKES","841766025934864385","https://twitter.com/osucam/status/841766025934864385"
"voicebymatt","2017-03-14 01:09","0","1","Chain Gang #vob2017 @Winfield High https://www.instagram.com/p/BRmXzyoBKAU/","","@Winfield","#vob2017","841456133567000577","https://twitter.com/voicebymatt/status/841456133567000577"
"arlycay06","2017-03-13 22:03","0","0","cause when you find an entire wall made of old comic book pages, you have to take a picture  https://www.instagram.com/p/BRmClA6gqBw/","","","","841409444714024960","https://twitter.com/arlycay06/status/841409444714024960"
"BreeFiggins","2017-03-13 21:21","0","0","Y'all know I had to film a workout for ya in front of this teal wall! Some of the https://www.instagram.com/p/BRl9vYLAaCO/","","","","841398806168129536","https://twitter.com/BreeFiggins/status/841398806168129536"
"ScoutStudiosOKC","2017-03-13 04:57","0","0","Remember this pink wall? It just happens to be located at one of my my most favorite places https://www.instagram.com/p/BRkNLDIAc5d/","","","","841151270383714304","https://twitter.com/ScoutStudiosOKC/status/841151270383714304"
"JesseEakin","2017-03-13 00:35","0","0","Mr. Bilbo Baggins wall art. #okc @Empire Slice House https://www.instagram.com/p/BRjvMXqjDnY7Yql_6rUrXGU24T81iLZNxFgYww0/ ","","@Empire","#okc","841085342690226177","https://twitter.com/JesseEakin/status/841085342690226177"
"HeatherT15","2017-03-12 13:32","0","2","Please pray for this group as they are headed to Mexico to build https://www.instagram.com/p/BRijQ8qjFQizoatv94nBa3sauHcv711aPYorq40/ ","","","","840918397156282370","https://twitter.com/HeatherT15/status/840918397156282370"
"MyDarlingLuka","2017-03-12 12:39","0","1","Well looks like I'm going to the gulf of Mexico but first I have to go to a wedding in Dallas","","","","840905068702490625","https://twitter.com/MyDarlingLuka/status/840905068702490625"
"amber_pelirroja","2017-03-12 02:48","0","0","made another wall hanging selling for $35 if anyone is interested. i can also do different https://www.instagram.com/p/BRhZjbllTqv/","","","","840756285234696192","https://twitter.com/amber_pelirroja/status/840756285234696192"
"d_goodspeed","2017-03-11 23:29","0","3","Walk into Hideaway Pizza on Campus Corner and look over to the wall https://www.instagram.com/p/BRhCzKihYFkHq8FeMdM1ZeyUYmghZt-9g05DEA0/ ","","","","840706247942844416","https://twitter.com/d_goodspeed/status/840706247942844416"
"MattBasically","2017-03-11 00:49","0","0","Finally got my painting hung on the wall. An original, by #OKC local artist @ritaortloff. Now I https://www.instagram.com/p/BRenLfUBI3I/","","@ritaortloff","#OKC","840364031537905664","https://twitter.com/MattBasically/status/840364031537905664"
"MitchEnglish","2017-03-10 02:11","0","0","It's called art when you hang smart; funny, gorgeous women on the wall. It's called a dartboard https://www.instagram.com/p/BRcLvMnF4LI/","","","","840022216666406912","https://twitter.com/MitchEnglish/status/840022216666406912"
"ViVirgilrowe","2017-03-10 01:24","0","1",""" @Jacksgirl5: @ViVirgilrowe thank you for the follow back I appreciate it""Thank you too. Time to make America Proud again.","","@Jacksgirl5 @ViVirgilrowe","","840010547282214912","https://twitter.com/ViVirgilrowe/status/840010547282214912"
"artlabtheatre","2017-03-09 22:10","0","0","#tbt last week at the Border Cantos Listening Party. We made image https://www.instagram.com/p/BRbvwldjMUxMyNa-SaFjcLdXk61MMIrLTZXYEg0/ ","","","#tbt","839961500055904261","https://twitter.com/artlabtheatre/status/839961500055904261"
"ErnieGraves","2017-03-09 16:41","0","1","Logo going up on the new conference room wall today. #buildingproject #finishingtouches https://www.instagram.com/p/BRbKfwzhViZ/","","","#buildingproject #finishingtouches","839878743044734977","https://twitter.com/ErnieGraves/status/839878743044734977"
"LegiScanOK","2017-03-09 00:06","0","0","HB2159 [Engross] Criminal procedure; directing the court clerk to notify the Tax Commission when defendant fails ... http://bitly.com/VSC1C8","","","","839628497853300736","https://twitter.com/LegiScanOK/status/839628497853300736"
"LegiScanOK","2017-03-08 01:26","0","0","HB1335 [Engross] Criminal procedure; adding definition; effective date. http://bitly.com/XRf9Bp","","","","839286127773298688","https://twitter.com/LegiScanOK/status/839286127773298688"
"brian_bdj_jones","2017-03-08 01:25","0","0","Everyone earned their spot on that wall today! ! http://Bdjfitness.com #bdjfitness #nextlevel https://www.instagram.com/p/BRW86_EhZcD/","","","#bdjfitness #nextlevel","839285943420903424","https://twitter.com/brian_bdj_jones/status/839285943420903424"
"bobbyross","2017-03-07 00:38","0","0","The gang's all here. #Rosses @Jo's Famous Pizza Edmond https://www.instagram.com/p/BRUSrNGlPQW/","","@Jo","#Rosses","838911582952439809","https://twitter.com/bobbyross/status/838911582952439809"
"jaquita","2017-03-06 23:43","0","0","This is 2/3's of a painting I created plein aire in #Abiquiu, New Mexico. The bottom included https://www.instagram.com/p/BRUMcSyj7pS/","","","#Abiquiu","838897860481593344","https://twitter.com/jaquita/status/838897860481593344"
"FloralVision","2017-03-06 16:42","1","1","Custom cut D by @thefleuriste, flower wall love Can't wait for the pro shots from https://www.instagram.com/p/BRTcPfNDQ6D/","","@thefleuriste","","838791880930390017","https://twitter.com/FloralVision/status/838791880930390017"
"sonicwaffle","2017-03-05 20:31","0","0","A nice Sunday drive over the state border to get beer Oh and the other alcohol just fell in https://www.instagram.com/p/BRRRtJ8hWjQ/","","","","838487224647729152","https://twitter.com/sonicwaffle/status/838487224647729152"
"ViVirgilrowe","2017-03-04 00:11","2","2",""" @maryann34635533: https://youtu.be/X8Q_LI8c4Wslove ""Thank you so much for the tweet. Let's make America PROUD again.","","@maryann34635533","","837817778451120132","https://twitter.com/ViVirgilrowe/status/837817778451120132"
"cBj0312","2017-03-03 21:38","0","1","Found Papa @Veterans Wall of Honor https://www.instagram.com/p/BRMPs-VBIPs/","","@Veterans","","837779132616343553","https://twitter.com/cBj0312/status/837779132616343553"
"wildhare_food","2017-03-03 19:05","0","0","In our first quick fire challenge for International Cookery, our region is Mexico / South https://www.instagram.com/p/BRL-QvzjBk7/","","","","837740777820291072","https://twitter.com/wildhare_food/status/837740777820291072"
"danii242002","2017-03-03 16:30","0","0","Eating a lemon yesterday at dinner to celebrate aunt reciasmith drug court graduation. https://www.instagram.com/p/BRLscnUgKfi/","","","","837701604316962816","https://twitter.com/danii242002/status/837701604316962816"
"Coach_Swole","2017-03-02 18:55","0","1","Walking away from max strength reps without some back down sets is criminal. Ultimate https://www.instagram.com/p/BRJYT3CDEfj/","","","","837375846834966531","https://twitter.com/Coach_Swole/status/837375846834966531"
"greetingstour","2017-03-02 15:20","1","1","Next up... Greetings from OKC (Oklahoma City) ...Any locals have a good wall and suggestions on https://www.instagram.com/p/BRI_vQYDsbG/","","","","837321818402930690","https://twitter.com/greetingstour/status/837321818402930690"
"ViVirgilrowe","2017-03-02 04:11","4","4","I believe it's time to make America 'PROUD' again. If you agree watch this video. #AMERICA #PATRIOTIChttps://www.youtube.com/watch?v=X8Q_LI8c4Ws&feature=youtu.be ","","","#AMERICA #PATRIOTIChttps","837153299065352192","https://twitter.com/ViVirgilrowe/status/837153299065352192"
"GrowlerUSA_NWA","2017-03-01 23:36","0","1","Celebrate our new scenes from Arkansas wall decorations with a Happy Hour 3pm-6pm all week. https://www.instagram.com/p/BRHTm_hhGkc/","","","","837084033305706496","https://twitter.com/GrowlerUSA_NWA/status/837084033305706496"
"nolan_abner","2017-03-01 03:04","0","2","Every time I see drug interdiction officers on I-40 I think: ""Man, that job would be dope!""","","","","836774221455970304","https://twitter.com/nolan_abner/status/836774221455970304"
"newdesignschool","2017-02-28 20:09","0","0","Student lukeosburn preps the wall to hang his and other students' work for the First Thursday https://www.instagram.com/p/BREXLFrl8IN/","","","","836669671243988997","https://twitter.com/newdesignschool/status/836669671243988997"
"artlabtheatre","2017-02-28 13:51","0","1","Come out this Friday to the Lab for an overview of ""Border Cantos: https://www.instagram.com/p/BRDr5aRD0V2siBZkM7nw7W2SHl7PGXAgZlL1y00/ ","","","","836574496303755264","https://twitter.com/artlabtheatre/status/836574496303755264"
"amber_pelirroja","2017-02-28 04:23","0","0","made another wall hanging :3 #addicted #makers #diy #yarn #homedecor #midcentury #fringe https://www.instagram.com/p/BRCq8u4F8f5/","","","#addicted #makers #diy #yarn #homedecor #midcentury #fringe","836431679686332417","https://twitter.com/amber_pelirroja/status/836431679686332417"
"RegenDesigns","2017-02-27 03:29","0","0","NEXT SATURDAY grab your girl gang and head over to beautifullivesboutique for a fun conscious https://www.instagram.com/p/BQ__88tgtkk/","","","","836055656364916738","https://twitter.com/RegenDesigns/status/836055656364916738"
"jakemoffat1","2017-02-26 20:12","0","0","had to stop this morning to get a pic of this very truthful wall art https://www.instagram.com/p/BQ_N9PEAoDVnKFhJfTM_gkDr8ipvFFXgD_OeUM0/ ","","","","835945705969750017","https://twitter.com/jakemoffat1/status/835945705969750017"
"Myles_Nabors_","2017-02-26 05:43","0","0","Split the money with the gang too @Joplin, Missouri https://www.instagram.com/p/BQ9qWQwgi2f/","","@Joplin","","835726942213111809","https://twitter.com/Myles_Nabors_/status/835726942213111809"
"WildWayno","2017-02-26 00:25","0","0","Dinner with Janice. Been awhile. (@Jose Pepper's Border Grill and Cantina in Wichita, KS) https://www.swarmapp.com/c/kaJw2kxkYIq","","@Jose","","835646956789723137","https://twitter.com/WildWayno/status/835646956789723137"
"imbradysullivan","2017-02-25 17:15","0","0","@Make America Great Again https://www.instagram.com/p/BQ8U6-1D_Gd/","","@Make","","835538811899756544","https://twitter.com/imbradysullivan/status/835538811899756544"
"LoonyBinWichita","2017-02-25 03:21","0","0","The artsy is on the wall. The fartsy starts at midnight. Don't miss Tim Maggard's Final Friday https://www.instagram.com/p/BQ61bn0Dkbj/","","","","835328823881236480","https://twitter.com/LoonyBinWichita/status/835328823881236480"
"matt_mcfarren","2017-02-24 02:40","0","2","Our Ishmaelite biker gang for Joseph's Amazing Technicolor https://www.instagram.com/p/BQ4L9StBq5b5fD3opChAxAaMUMWqNiz6lW9-EI0/ ","","","","834956147010351105","https://twitter.com/matt_mcfarren/status/834956147010351105"
"Brian1OHara","2017-02-23 23:39","0","0","Attending the Ribbon Cutting of Casa Mexico with the Tulsa Hispanic Chamber of Commerce. https://www.instagram.com/p/BQ33RDNjTiK/","","","","834910649155272704","https://twitter.com/Brian1OHara/status/834910649155272704"
"sarah_harshaw","2017-02-22 23:11","0","0","National Margarita Day! #february22nd @On The Border Mexican Grill https://www.instagram.com/p/BQ1PQ9nAlavgot8i5Cu9pklopl3UFh1Hhcc5xk0/ ","","@On","#february22nd","834541209297235969","https://twitter.com/sarah_harshaw/status/834541209297235969"
"LegiScanOK","2017-02-22 20:06","0","0","HB1466 [Engross] Criminal procedure; authorizing transfer of wireless telephone number under certain circumstance... http://bitly.com/VY5wCB","","","","834494628552462336","https://twitter.com/LegiScanOK/status/834494628552462336"
"PETER_SZETO","2017-02-22 09:16","0","0","#Trumped @The Brick Wall https://www.instagram.com/p/BQzvpq0AEFJ/","","@The","#Trumped","834330946082054144","https://twitter.com/PETER_SZETO/status/834330946082054144"
"LegiScanOK","2017-02-21 08:56","0","0","HB1679 [Engross] Criminal procedure; clarifying manner in which death sentence is carried out; effective date. http://bitly.com/VVlVrh","","","","833963638130106369","https://twitter.com/LegiScanOK/status/833963638130106369"
"ellie_renae","2017-02-20 02:56","0","0","I promise this isn't a senior pic @Brick Wall https://www.instagram.com/p/BQt6jqUjTwe/","","@Brick","","833510508565250048","https://twitter.com/ellie_renae/status/833510508565250048"
"okc_klife","2017-02-19 20:22","0","0","New Mexico may be on point, but so are these girls & their small group leaders.  HS KLUB https://www.instagram.com/p/BQtIHiChaFv/","","","","833411417566883840","https://twitter.com/okc_klife/status/833411417566883840"
"rutkind","2017-02-19 18:14","0","0","Welcome to Arkansas! #daystoquincy laurcost @Oklahoma-Arkansas Border https://www.instagram.com/p/BQs-4JghAOkfwe6lEseB5mo_DgbfsJSP55KpJo0/ ","","@Oklahoma","#daystoquincy","833379268860080128","https://twitter.com/rutkind/status/833379268860080128"
"brianpendergras","2017-02-19 18:03","0","0","Career politicians still in office,Wall Street executives in cabinet posts.....he's really draining the swamp.......","","","","833376532110282752","https://twitter.com/brianpendergras/status/833376532110282752"
"OkieThunder","2017-02-19 17:29","0","0","I'm at Mexico Joe's in Stillwater, OK https://www.swarmapp.com/c/e6CZ255W12F","","","","833367955610148865","https://twitter.com/OkieThunder/status/833367955610148865"
"Tori_Myers5","2017-02-19 06:22","0","0","Some climb, and some of them even try to jump over the wall...we just sit up on it and have a https://www.instagram.com/p/BQrtWJhgFbz/","","","","833199981905448960","https://twitter.com/Tori_Myers5/status/833199981905448960"
"Colton_Rausch","2017-02-19 00:13","0","0","She did her best ""awkwardly put foot against the wall and don't look at the camera"" photo. https://www.instagram.com/p/BQrDJ4UgLI-/","","","","833107198335127552","https://twitter.com/Colton_Rausch/status/833107198335127552"
"brianpendergras","2017-02-19 00:10","0","0","The career politicians are still in office,wall street executives are in cabinet posts.........that's really draining the swamp.....NOT!","","","","833106405150203904","https://twitter.com/brianpendergras/status/833106405150203904"
"MichelleAmosEdw","2017-02-18 19:23","0","0","A piece of the US/Mexico border wall. Amazing. @Crystal Bridges https://www.instagram.com/p/BQqhQA-BCDLqsfEAjcBv-6W3wx0mxaQ9l-GQJw0/ ","","@Crystal","","833034304477229057","https://twitter.com/MichelleAmosEdw/status/833034304477229057"
"imanna95","2017-02-17 20:36","0","0","I took Ashley to the Maude Wall in Fayetteville for some last minute sister time before I left https://www.instagram.com/p/BQoFhHXDp0M/","","","","832690189294268416","https://twitter.com/imanna95/status/832690189294268416"
"bd_harvey","2017-02-17 00:23","0","0","Border Cantos Exhibit Directors Preview. (at @CrystalBridges Museum of American Art in Bentonville, AR) https://www.swarmapp.com/c/awH0ZysUu2E","","@CrystalBridges","","832384831195578368","https://twitter.com/bd_harvey/status/832384831195578368"
"LegiScanOK","2017-02-16 21:27","0","0","HB1394 [Engross] Criminal procedure; Domestic Violence Fatality Review Board; eliminating sunset termination date... http://bitly.com/VS1MT8","","","","832340561537429506","https://twitter.com/LegiScanOK/status/832340561537429506"
"nikichickie","2017-02-16 15:21","0","0","Teclata by Guillermo Galindo, made from objects found along the Mexican-American Border. The https://www.instagram.com/p/BQk8qjflcuX/","","","","832248509772464128","https://twitter.com/nikichickie/status/832248509772464128"
"AriSangtheBlues","2017-02-16 06:03","0","0","Black History Month Day 15: Black Wall Street-Established in 1906 by entrepreneur O.W. Gurley, https://www.instagram.com/p/BQj828yhTNF/","","","","832108193635454976","https://twitter.com/AriSangtheBlues/status/832108193635454976"
"thadripgod96","2017-02-16 00:30","0","0","When bae being picky af #wcw @Casa Mexico Grill & Tequila Bar https://www.instagram.com/p/BQjWvJBDOkEY6noI1IozPydyUVEie7o1nlPNUk0/ ","","@Casa","#wcw","832024363146829825","https://twitter.com/thadripgod96/status/832024363146829825"
"Cocktails_cardi","2017-02-15 03:50","0","0","Valentine's Day part 2! Wall details: Sequin Love Sign: @michaelsstores Heart garland: I https://www.instagram.com/p/BQhIxPdhkZp/","","@michaelsstores","","831712173248241664","https://twitter.com/Cocktails_cardi/status/831712173248241664"
"TALorton","2017-02-12 16:26","0","0","Loving this long wall of kitchen!!! Waterfall kitchen island, open shelving, lighting hung as an https://www.instagram.com/p/BQaw_mmAdSc/","","","","830815462887927809","https://twitter.com/TALorton/status/830815462887927809"
"jvergara","2017-02-12 14:12","0","0","This is another great piece of art hanging on the wall of this rental in #fayetteville. Words https://www.instagram.com/p/BQahkXeBGI_/","","","#fayetteville","830781542670622720","https://twitter.com/jvergara/status/830781542670622720"
"usasynthetics","2017-02-10 23:27","0","0","Proof that you can't stop the #blacksockmafia They've broken the border, and are marching north. https://www.instagram.com/p/BQWXfk5ApVX/","","","#blacksockmafia","830196439066279941","https://twitter.com/usasynthetics/status/830196439066279941"
"Vidisllamas","2017-02-10 03:55","0","2","When the whole gang is active in the GM pic.twitter.com/JGBzIBW6eT","","","","829901575221030914","https://twitter.com/Vidisllamas/status/829901575221030914"
"drcamey","2017-02-09 15:00","0","1","Apparently not. BHO choose to ignore immigration and drug enforcement laws.","","","","829706487106777088","https://twitter.com/drcamey/status/829706487106777088"
"LoonyBinWichita","2017-02-08 22:32","0","0","We're doing it again... come see jokesaretim and his gang of misfits this Final Friday. Local https://www.instagram.com/p/BQRHo6gAu--/","","","","829457890046009350","https://twitter.com/LoonyBinWichita/status/829457890046009350"
"docollegebetter","2017-02-08 16:31","0","1","We are currently setting up for the Art Feeds Wall Crawl! To buy your tickets click the https://www.instagram.com/p/BQQeVTzldQ0/","","","","829367060044079104","https://twitter.com/docollegebetter/status/829367060044079104"
"DevinWinter1","2017-02-08 04:37","0","0","Bathroom/Kitchen Wall. 1st loft joist. #tinyhouse #thow #5thwheel https://www.instagram.com/p/BQPMlXWFz9LK42eZKGGX1QJ3GpRiElzMIcTO840/ ","","","#tinyhouse #thow #5thwheel","829187290157166595","https://twitter.com/DevinWinter1/status/829187290157166595"
"DestinykJackson","2017-02-08 03:52","0","0","so I rlly like this @Brick Wall https://www.instagram.com/p/BQPHeQVAaoL/","","@Brick","","829176049527304197","https://twitter.com/DestinykJackson/status/829176049527304197"
"melodiusprime","2017-02-07 19:00","0","0","Wall panels made of sorghum stalks #torzo #lunch&learn @Rees Associates Inc https://www.instagram.com/p/BQOKn56gU6z/","","@Rees","#torzo #lunch","829042238562918400","https://twitter.com/melodiusprime/status/829042238562918400"
"LegiScanOK","2017-02-07 05:56","0","0","HB1273 [NEW] Criminal procedure; creating the Oklahoma Criminal Procedure Act of 2017; effective date. http://bitly.com/XGfyGA","","","","828844878717149184","https://twitter.com/LegiScanOK/status/828844878717149184"
"dalton_jasna","2017-02-07 05:23","0","1","Tonight was a special night. My boy @carter_clay10 is now part of the Minor Street Gang. Let me https://www.instagram.com/p/BQMtHexlRmA/","","@carter_clay10","","828836625392218113","https://twitter.com/dalton_jasna/status/828836625392218113"
"hannahoverstre5","2017-02-07 04:43","0","0","@DavidDobrik my biggest birthday wish is getting a birthday shout out from you and @lizakoshy and the rest of the gang on Wed, Feb 8, 7017","","@DavidDobrik @lizakoshy","","828826488225067010","https://twitter.com/hannahoverstre5/status/828826488225067010"
"LegiScanOK","2017-02-07 04:36","0","0","HB1406 [NEW] Criminal procedure; increasing penalties; effective date. http://bitly.com/VMcXg5","","","","828824641238085633","https://twitter.com/LegiScanOK/status/828824641238085633"
"LegiScanOK","2017-02-06 23:26","0","0","HB1380 [NEW] Criminal procedure; prohibiting officers from adding notations to traffic tickets after issuance; ef... http://bitly.com/VRPrOC","","","","828746608259035139","https://twitter.com/LegiScanOK/status/828746608259035139"
"LegiScanOK","2017-02-06 21:56","0","0","HB1320 [NEW] Criminal procedure; Sandy's Law; authorizing victim protection orders and emergency temporary orders... http://bitly.com/VSZ1km","","","","828724116668682241","https://twitter.com/LegiScanOK/status/828724116668682241"
"LegiScanOK","2017-02-06 21:06","0","0","HB1323 [NEW] Criminal procedure; revising drug court approval process; effective date. http://bitly.com/VMm7sR","","","","828711559522304001","https://twitter.com/LegiScanOK/status/828711559522304001"
"LegiScanOK","2017-02-06 19:06","0","0","HB1324 [NEW] Criminal procedure; modifying requirements of presentence investigations for certain felony offender... http://bitly.com/VNXgop","","","","828681321253896197","https://twitter.com/LegiScanOK/status/828681321253896197"
"LegiScanOK","2017-02-06 06:46","0","0","HB1364 [NEW] Criminal procedure; establishing procedures and guidelines when use of restraints deemed necessary b... http://bitly.com/XPKHYj","","","","828494986941456384","https://twitter.com/LegiScanOK/status/828494986941456384"
"LegiScanOK","2017-02-06 06:06","0","0","HB1361 [NEW] Criminal procedure; prohibiting the imprisonment of defendants for nonpayment of fines, costs, fees ... http://bitly.com/VNRGm7","","","","828484954841571329","https://twitter.com/LegiScanOK/status/828484954841571329"
"baralheia","2017-02-06 01:23","1","1","Really, though, those glowing RGB batons are cool as hell. Human video wall.","","","","828413883794804737","https://twitter.com/baralheia/status/828413883794804737"
"LegiScanOK","2017-02-05 22:06","0","0","SB342 [NEW] Criminal justice reform; creating task force to analyze fines, fees and court costs assessed througho... http://bitly.com/XCDqLr","","","","828364120625905665","https://twitter.com/LegiScanOK/status/828364120625905665"
"rach_bos","2017-02-05 21:42","0","0","You and I are more than friends. We're like a really small gang.   (Yes, I'm reposting this https://www.instagram.com/p/BQJTjPqhdwh/","","","","828358180358942720","https://twitter.com/rach_bos/status/828358180358942720"
"LegiScanOK","2017-02-05 20:26","0","0","HB1466 [NEW] Criminal procedure; authorizing transfer of wireless telephone number under certain circumstances; e... http://bitly.com/VY5wCB","","","","828338973609189376","https://twitter.com/LegiScanOK/status/828338973609189376"
"MelissaaTeal","2017-02-05 19:51","0","0","At the wall o' pops! #pops #tradition scarlettmadiseno tealeocustoms @Pops https://www.instagram.com/p/BQJG4RpAa_W/","","@Pops","#pops #tradition","828330316653797376","https://twitter.com/MelissaaTeal/status/828330316653797376"
"LegiScanOK","2017-02-05 14:06","0","0","HB1476 [NEW] Criminal procedure; authorizing issuance of bench warrants for contempt of court; effective date. http://bitly.com/VSK9lU","","","","828243321067802627","https://twitter.com/LegiScanOK/status/828243321067802627"
"LegiScanOK","2017-02-05 00:06","0","0","HB1547 [NEW] Criminal procedure; creating the Oklahoma Criminal Procedure Act of 2017; noncodification; effective... http://bitly.com/XKWuY2","","","","828031988821000192","https://twitter.com/LegiScanOK/status/828031988821000192"
"Bigtrashday","2017-02-04 20:16","0","0","We are a very small gang @The Garden Oasis https://www.instagram.com/p/BQGk4OCALtWsXCk7rQRsxNI-Xmodb0hqCsidEk0/ ","","@The","","827974075947610112","https://twitter.com/Bigtrashday/status/827974075947610112"
"Unique_By_Angie","2017-02-04 03:12","0","0","I'm not a drug dealer I'm a makeup dealer!!! @Unique By Angela https://www.instagram.com/p/BQEvuuEFvjv/","","@Unique","","827716464740335616","https://twitter.com/Unique_By_Angie/status/827716464740335616"
"jClintb","2017-02-04 01:53","0","0","Drinking an Arrows of Neon (Batch 4) by @therarebarrel @On the Border Mexican Grill & Cantina  http://untp.beer/s/c413130988","","@therarebarrel @On","","827696524377329664","https://twitter.com/jClintb/status/827696524377329664"
"gpfymca","2017-02-03 22:26","0","0","And the new tvs were hung on the wall with great care in hopes that our members would enjoy the https://www.instagram.com/p/BQEO8yXghxm/","","","","827644377380040704","https://twitter.com/gpfymca/status/827644377380040704"
"JustinSEdwards","2017-02-03 17:57","0","1","Last minute addition to the end of rehearsal last night.. Goodbye Time @Oklahoma-Arkansas Border https://www.instagram.com/p/BQDwOZbD0QU/","","@Oklahoma","","827576810724536321","https://twitter.com/JustinSEdwards/status/827576810724536321"
"LegiScanOK","2017-02-03 17:06","0","0","HB1730 [NEW] Criminal procedure; establishing bond hearing procedures for persons in custody; clarifying manner i... http://bitly.com/VS46JQ","","","","827563888564641792","https://twitter.com/LegiScanOK/status/827563888564641792"
"LegiScanOK","2017-02-03 12:07","0","0","HB1687 [NEW] Public health and safety; creating the Oklahoma Drug Possession Act of 2017; noncodification; effect... http://bitly.com/VSf3uM","","","","827488565252730880","https://twitter.com/LegiScanOK/status/827488565252730880"
"HADENOUGH65","2017-02-03 02:27","0","0","Just posted a video @Mexicali Border Cafe Tulsa https://www.instagram.com/p/BQCFwDqhq1p/","","@Mexicali","","827342733425532928","https://twitter.com/HADENOUGH65/status/827342733425532928"
"TonySikes","2017-02-02 20:17","0","0","Outside riding on a cold windy day always tops watching the wall on https://www.instagram.com/p/BQBbdsbBsq0PndQYZmadMI_axt8B35IfrVyhpY0/ ","","","","827249680392167425","https://twitter.com/TonySikes/status/827249680392167425"
"LegiScanOK","2017-02-02 20:16","0","0","HB1502 [NEW] Criminal procedure; establishing time limitations for collecting and submitting sexual assault exami... http://bitly.com/VY8wig","","","","827249278351507456","https://twitter.com/LegiScanOK/status/827249278351507456"
"baralheia","2017-02-02 02:20","0","0","ICYMI: Oklahoma legislature seeks to invalidate SQ780/SQ781 (criminal justice reform) passage; calls voters idiots http://www.newsok.com/article/5536406","","","","826978472966893568","https://twitter.com/baralheia/status/826978472966893568"
"LegiScanOK","2017-02-02 00:36","0","0","HB1774 [NEW] Criminal procedure; creating the Oklahoma Funding for Drug Courts Act of 2017; noncodification; effe... http://bitly.com/XULffG","","","","826952520677343232","https://twitter.com/LegiScanOK/status/826952520677343232"
"LegiScanOK","2017-02-01 23:36","0","0","HB1733 [NEW] Crimes and punishments; creating the Oklahoma Criminal Justice and Mental Health Reform Act of 2017;... http://bitly.com/XTkJDe","","","","826937237577334784","https://twitter.com/LegiScanOK/status/826937237577334784"
"LegiScanOK","2017-02-01 17:37","0","0","HB1771 [NEW] Criminal procedure; removing pardon requirement and decreasing time limitation for certain applicant... http://bitly.com/XPtbTW","","","","826846898279575556","https://twitter.com/LegiScanOK/status/826846898279575556"
"BOLD_Multimedia","2017-02-01 17:00","0","1","Cleveland County Drug Court http://www.bold-multimedia.com/blog-home/2017/1/9/cleveland-county-drug-court ","","","","826837656206204929","https://twitter.com/BOLD_Multimedia/status/826837656206204929"
"LegiScanOK","2017-02-01 16:16","0","0","SB512 [NEW] Criminal penalties; violations and penalties; directing certain restitution. Effective date. http://bitly.com/VK8YR8","","","","826826473000538112","https://twitter.com/LegiScanOK/status/826826473000538112"
"LegiScanOK","2017-02-01 15:16","0","0","HB1979 [NEW] Crimes and punishments; creating the Criminal Justice Reform Act of 2017; noncodification; effective... http://bitly.com/XMNDov","","","","826811483086426113","https://twitter.com/LegiScanOK/status/826811483086426113"
"LegiScanOK","2017-02-01 07:36","0","0","HB1869 [NEW] Criminal justice; creating the Oklahoma Criminal Justice Act of 2017; noncodification; effective date. http://bitly.com/VSIooS","","","","826695731876610048","https://twitter.com/LegiScanOK/status/826695731876610048"
"redriverfenceok","2017-02-01 03:58","0","1","4' #ameristarfence on top of a 2' tall brick wall. 6' double ornamental gate. #ornamentalfence https://www.instagram.com/p/BP9Gl4sDdW6/","","","#ameristarfence #ornamentalfence","826640833504018433","https://twitter.com/redriverfenceok/status/826640833504018433"
"LegiScanOK","2017-01-31 23:26","0","0","HB1975 [NEW] Crimes and punishments; creating the Oklahoma Criminal Reform Act of 2017; effective date. http://bitly.com/VSdKw2","","","","826572313789394946","https://twitter.com/LegiScanOK/status/826572313789394946"
"LegiScanOK","2017-01-31 22:16","0","0","SB303 [NEW] Criminal history records; modifying requirements. Effective date. http://bitly.com/WNuuQo","","","","826554899093655552","https://twitter.com/LegiScanOK/status/826554899093655552"
"LegiScanOK","2017-01-31 09:06","0","0","HB1773 [NEW] Prisons and reformatories; creating the Oklahoma Drug Rehabilitation for Prisoners Act of 2017; nonc... http://bitly.com/VR7a92","","","","826355957735256068","https://twitter.com/LegiScanOK/status/826355957735256068"
"LegiScanOK","2017-01-31 06:56","0","0","HB1909 [NEW] Criminal procedure; sentence modification; modifying scope of exception; effective date http://bitly.com/VOkjQ9","","","","826323157090963457","https://twitter.com/LegiScanOK/status/826323157090963457"
"22MrUnbreakable","2017-01-31 04:58","0","1","@Make America Great Again https://www.instagram.com/p/BP6otskDO7-0M9VHBG3HcghVP8-ToEdromkiKo0/ ","","@Make","","826293659586949120","https://twitter.com/22MrUnbreakable/status/826293659586949120"
"LegiScanOK","2017-01-31 01:37","0","0","HB1335 [NEW] Criminal procedure; adding definition; effective date. http://bitly.com/XRf9Bp","","","","826242912556085248","https://twitter.com/LegiScanOK/status/826242912556085248"
"jClintb","2017-01-30 16:52","0","0","Lunch - Drinking a Hoptometrist by @roughtailbeer @On the Border Mexican Grill & Cantina  http://untp.beer/s/c411894621","","@roughtailbeer @On","","826110948897337346","https://twitter.com/jClintb/status/826110948897337346"
"LegiScanOK","2017-01-30 02:46","0","0","HB1977 [NEW] Crimes and punishments; creating the Oklahoma Criminal Penalties Act of 2017; effective date. http://bitly.com/VVGROM","","","","825897889956319233","https://twitter.com/LegiScanOK/status/825897889956319233"
"LegiScanOK","2017-01-29 20:16","0","0","HB1735 [NEW] Schools; permitting board of education to request criminal history record check for certain voluntee... http://bitly.com/VWL454","","","","825799686237876225","https://twitter.com/LegiScanOK/status/825799686237876225"
"LegiScanOK","2017-01-29 17:46","0","0","HB1978 [NEW] Crimes and punishments; creating the Oklahoma Criminal Justice Act of 2017; effective date. http://bitly.com/XKcRUH","","","","825762013326561281","https://twitter.com/LegiScanOK/status/825762013326561281"
"faithers_","2017-01-29 15:46","1","2","All in all it was all just bricks in the wall. Photographer: @_lalaalexandria Agency: https://www.instagram.com/p/BP2pO6IgC5b/","","@_lalaalexandria","","825731850161287168","https://twitter.com/faithers_/status/825731850161287168"
"dalton_jasna","2017-01-29 08:10","0","0","W gang for life @Northeastern State University https://www.instagram.com/p/BP11AvDgoP5/","","@Northeastern","","825617012608995328","https://twitter.com/dalton_jasna/status/825617012608995328"
"LegiScanOK","2017-01-29 05:46","0","0","HB1986 [NEW] Criminal procedure; deleting certain method of execution; effective date. http://bitly.com/VPZnbp","","","","825580764939034624","https://twitter.com/LegiScanOK/status/825580764939034624"
"LegiScanOK","2017-01-28 21:16","0","0","HB1679 [NEW] Criminal procedure; clarifying manner in which death sentence is carried out; effective date. http://bitly.com/VVlVrh","","","","825452507166019585","https://twitter.com/LegiScanOK/status/825452507166019585"
"LegiScanOK","2017-01-28 21:06","0","0","SB502 [NEW] Immigration; making the smuggling of human beings unlawful; providing guidelines for enforcement; Eff... http://bitly.com/XFzVUw","","","","825449916612956163","https://twitter.com/LegiScanOK/status/825449916612956163"
"LegiScanOK","2017-01-28 19:26","0","0","HB1439 [NEW] Children and juvenile code; providing for random drug tests, home studies and family drug court when... http://bitly.com/VRiDp7","","","","825424790395686912","https://twitter.com/LegiScanOK/status/825424790395686912"
"LegiScanOK","2017-01-28 10:56","0","0","HB2292 [NEW] Criminal procedure; expungement; modifying qualifications for certain categories; effective date. http://bitly.com/XS9XNG","","","","825296529544114178","https://twitter.com/LegiScanOK/status/825296529544114178"
"LegiScanOK","2017-01-28 04:36","0","0","SB689 [NEW] Criminal procedure; modifying certain sentencing provisions. Effective date. http://bitly.com/XGBYaW","","","","825200814910214144","https://twitter.com/LegiScanOK/status/825200814910214144"
"LegiScanOK","2017-01-27 20:56","0","0","HB2289 [NEW] Criminal procedure; making certain offenders eligible for sentence modification; directing supervisi... http://bitly.com/VWarnw","","","","825084981202546690","https://twitter.com/LegiScanOK/status/825084981202546690"
"Iamfway","2017-01-27 06:00","0","0","Family Over Money  Full Of Motivation #Gang #squad #FOM #Family #respect #loyalty @Tulsa, https://www.instagram.com/p/BPwcmnFgLCq/","","@Tulsa","#Gang #squad #FOM #Family #respect #loyalty","824859650650550278","https://twitter.com/Iamfway/status/824859650650550278"
"MelissaaTeal","2017-01-27 04:17","0","0","My baby boy is 17 tomorrow. . . . #momsnotready #17years jasen_nassif @On The Border https://www.instagram.com/p/BPwQxGYghhT/","","@On","#momsnotready #17years","824833624805629953","https://twitter.com/MelissaaTeal/status/824833624805629953"
"LegiScanOK","2017-01-27 01:36","0","0","SB650 [NEW] Criminal procedure; modifying qualifications for certain expungement categories. Effective date. http://bitly.com/VOgmuN","","","","824793069543383040","https://twitter.com/LegiScanOK/status/824793069543383040"
"LegiScanOK","2017-01-27 00:27","0","0","HB2264 [NEW] Crimes and punishments; creating the Criminal Justice Act of 2017; noncodification; effective date. http://bitly.com/XQ2vmj","","","","824775691245875200","https://twitter.com/LegiScanOK/status/824775691245875200"
"simpIy_sueee","2017-01-26 22:04","0","0","Hungerssss.. (@Great Wall Chinese in Derby, KS) https://www.swarmapp.com/c/8vCBDkSZBWS","","@Great","","824739738229800960","https://twitter.com/simpIy_sueee/status/824739738229800960"
"LegiScanOK","2017-01-26 18:26","0","0","HB1468 [NEW] Criminal procedure; modifying time limitations for prosecuting certain sexual offenses; effective date. http://bitly.com/VRTN8o","","","","824684954495909888","https://twitter.com/LegiScanOK/status/824684954495909888"
"LegiScanOK","2017-01-26 18:26","0","0","HB1394 [NEW] Criminal procedure; Domestic Violence Fatality Review Board; eliminating sunset termination date; ef... http://bitly.com/VS1MT8","","","","824684880835604480","https://twitter.com/LegiScanOK/status/824684880835604480"
"LegiScanOK","2017-01-26 18:16","0","0","HB1985 [NEW] Criminal procedure; deeming warrant invalid under certain circumstances; effective date. http://bitly.com/VSAiws","","","","824682525159202817","https://twitter.com/LegiScanOK/status/824682525159202817"
"newdesignschool","2017-01-26 16:36","0","0","Invite, unfolded, for the upcoming Border Cantos exhibit at @crystalbridges #invitation https://www.instagram.com/p/BPvAh3hg0V0/","","@crystalbridges","#invitation","824657178523037696","https://twitter.com/newdesignschool/status/824657178523037696"
"newdesignschool","2017-01-26 16:33","0","1","Invitation for the upcoming Border Cantos exhibit at @crystalbridges #invitation #graphicdesign https://www.instagram.com/p/BPvARS8AOuG/","","@crystalbridges","#invitation #graphicdesign","824656605287477248","https://twitter.com/newdesignschool/status/824656605287477248"
"LegiScanOK","2017-01-26 14:36","0","0","HB2290 [NEW] Drug and mental health court; expanding parameters of drug court program objectives; effective date. http://bitly.com/VWpehU","","","","824627049759436804","https://twitter.com/LegiScanOK/status/824627049759436804"
"LegiScanOK","2017-01-26 08:26","0","0","HB1987 [NEW] Criminal procedure; creating the Oklahoma Criminal Procedure Act of 2017; effective date. http://bitly.com/XNVVMV","","","","824534078431043586","https://twitter.com/LegiScanOK/status/824534078431043586"
"LegiScanOK","2017-01-26 07:36","0","0","HB2188 [NEW] Criminal procedure; modifying drug court approval process; effective date. http://bitly.com/VVjBAz","","","","824521385213104128","https://twitter.com/LegiScanOK/status/824521385213104128"
"LegiScanOK","2017-01-26 05:46","0","0","HB1479 [NEW] Criminal procedure; authorizing expungements due to mistaken identity; effective date. http://bitly.com/VWGe7V","","","","824493673182334976","https://twitter.com/LegiScanOK/status/824493673182334976"
"LegiScanOK","2017-01-26 02:16","0","0","SB623 [NEW] Drug and mental health court; expanding objectives; providing sentencing options. Effective date. http://bitly.com/XG8Yjv","","","","824440951234039812","https://twitter.com/LegiScanOK/status/824440951234039812"
"shelter_friends","2017-01-26 02:12","0","0","***PUPPY CUTENESS OVERLOAD ALERT!!*** Everyone meet Selene, a 6 week old Border Collie/Pit mix https://www.instagram.com/p/BPtdtgwlxk1/","","","","824439881334214657","https://twitter.com/shelter_friends/status/824439881334214657"
"carmellabrink","2017-01-25 22:04","0","0","the og Addi the baddie @The Brick Wall https://www.instagram.com/p/BPtBSmfFk8nDSWVXA_S5LGC_RWuHnXeGi57RZM0/ ","","@The","","824377388578521089","https://twitter.com/carmellabrink/status/824377388578521089"
"aguamielerogpz","2017-01-25 21:04","0","0","@JerryMoran Senator do not allow a useless and expensive wall be erected. The money could be used in our state in a more beneficial way.","","@JerryMoran","","824362281366601729","https://twitter.com/aguamielerogpz/status/824362281366601729"
"aguamielerogpz","2017-01-25 21:01","0","0","@SenPatRoberts Senator do not allow a useless and expensive wall be erected that money could be used in something more useful in our state.","","@SenPatRoberts","","824361649326931969","https://twitter.com/aguamielerogpz/status/824361649326931969"
"baralheia","2017-01-25 20:16","0","0","Some cabinetry is built with a second wall to hide the door hardware, but the hardware is the same. :) I do think pocket door is correct.","","","","824350276614230022","https://twitter.com/baralheia/status/824350276614230022"
"LegiScanOK","2017-01-25 19:36","0","0","HB2204 [NEW] Criminal justice; creating the Oklahoma Criminal Justice Reform Act of 2017; effective date. http://bitly.com/VYj1Ca","","","","824340233152040964","https://twitter.com/LegiScanOK/status/824340233152040964"
"LegiScanOK","2017-01-25 16:56","0","0","HB2159 [NEW] Criminal procedure; directing the court clerk to notify the Oklahoma Tax Commission when defendant f... http://bitly.com/VSC1C8","","","","824299806155829250","https://twitter.com/LegiScanOK/status/824299806155829250"
"TALorton","2017-01-25 14:55","0","0","Obsessed with yesterdays install. Stair-landing looking lovely!! @kellywearstler wall paper up https://www.instagram.com/p/BPsQMPPAntF/","","@kellywearstler","","824269406373036034","https://twitter.com/TALorton/status/824269406373036034"
"HortonRecordsOK","2017-01-25 02:51","0","1","@dustin_pittsley skintight59_ and the gang holding it down at @tulsasoul #tulsamusic @Soul https://www.instagram.com/p/BPq9UIPjc4E/","","@dustin_pittsley @tulsasoul @Soul","#tulsamusic","824087190993072128","https://twitter.com/HortonRecordsOK/status/824087190993072128"
"LegiScanOK","2017-01-24 21:37","0","0","SB398 [NEW] Drug offenses; penalties; providing alternative considerations. Effective date. http://bitly.com/VLCp58","","","","824008242959368195","https://twitter.com/LegiScanOK/status/824008242959368195"
"LegiScanOK","2017-01-24 21:16","0","0","SB793 [NEW] Criminal justice reform; creating Corrections and Criminal Justice oversight task force; Effective date. http://bitly.com/XJ2OPz","","","","824003081675411456","https://twitter.com/LegiScanOK/status/824003081675411456"
"LegiScanOK","2017-01-24 18:36","0","0","SB803 [NEW] Licensed Alcohol and Drug Counselors Act; authorizing recognition of certain institutions for certifi... http://bitly.com/VUQVHO","","","","823962657359351809","https://twitter.com/LegiScanOK/status/823962657359351809"
"MelissaaTeal","2017-01-24 06:43","0","0",". . . #Repost @MitchellCookson with @repostapp  OIL FIELD PAINTING WALL https://www.instagram.com/p/BPozLLhgrGc/","","@MitchellCookson @repostapp","#Repost","823783385424392193","https://twitter.com/MelissaaTeal/status/823783385424392193"
"MidnightRyder","2017-01-24 01:21","0","3","#selfie a day #23: Where I teach #gamedev at has some really cool wall art for those of us who https://www.instagram.com/p/BPoOSjxgV86/","","","#selfie #23 #gamedev","823702276422434817","https://twitter.com/MidnightRyder/status/823702276422434817"
"LegiScanOK","2017-01-23 23:06","0","0","SB573 [NEW] Immigration policies; prohibiting certain governing bodies from adopting sanctuary policies. Effectiv... http://bitly.com/VXvWUZ","","","","823668234205466624","https://twitter.com/LegiScanOK/status/823668234205466624"
"LegiScanOK","2017-01-23 22:27","0","0","SJR46 [NEW] Constitutional amendment; expanding certain rights of victims of criminal acts. Ballot title. http://bitly.com/1ck1zeQ","","","","823658331072065537","https://twitter.com/LegiScanOK/status/823658331072065537"
"rach_bos","2017-01-23 04:22","0","0","You and I are more than friends. We're like a really small gang.    : p40warhawkqaed @ https://www.instagram.com/p/BPl-KXCAaLN/","","@","","823385337074421764","https://twitter.com/rach_bos/status/823385337074421764"
"potagerblog","2017-01-23 03:45","0","1","Do you see the ferny little mounds of golden foliage just inside the brick border? That is https://www.instagram.com/p/BPl5-rEBdjs/","","","","823376137967407104","https://twitter.com/potagerblog/status/823376137967407104"
"MrMoreThanaMan","2017-01-23 03:34","0","0","Interesting tree and wall combination. @The Holy City https://www.instagram.com/p/BPl4pyqDrvz/","","@The","","823373223760920576","https://twitter.com/MrMoreThanaMan/status/823373223760920576"
"Maselo911","2017-01-23 00:24","0","0","#womensmarch #triggered @Make America Great Again https://www.instagram.com/p/BPli6JJF72E/","","@Make","#womensmarch #triggered","823325408347254784","https://twitter.com/Maselo911/status/823325408347254784"
"AnaGaba_1221","2017-01-22 02:03","0","0","#womensmarch #powerwomans #equality #humansrights #usa #february21st @Make America Great Again https://www.instagram.com/p/BPjJgNzhmsj/","","@Make","#womensmarch #powerwomans #equality #humansrights #usa #february21st","822988065291390976","https://twitter.com/AnaGaba_1221/status/822988065291390976"
"vanessa_kolby","2017-01-22 01:35","0","0","We Can Do It @Make America Great Again https://www.instagram.com/p/BPjGRschXDJ/","","@Make","","822980967505592324","https://twitter.com/vanessa_kolby/status/822980967505592324"
"alotto_taylor","2017-01-21 23:45","0","2","did it for Trump @Make America Great Again https://www.instagram.com/p/BPi5wBDhFA_/","","@Make","","822953420965363712","https://twitter.com/alotto_taylor/status/822953420965363712"
"bellalindd","2017-01-21 22:25","0","0","trump @Make America Great Again https://www.instagram.com/p/BPijYYol__q0aq33G-j26v5uAqbzCqH9ZunTZU0/ ","","@Make","","822933240583520269","https://twitter.com/bellalindd/status/822933240583520269"
"BradySpruell","2017-01-21 03:06","0","0","Just posted a photo @Make America Great Again https://www.instagram.com/p/BPgr6psg1zfPL5HX4UaIR6SIvRrZTpJ80zoGyM0/ ","","@Make","","822641525326807042","https://twitter.com/BradySpruell/status/822641525326807042"
"3CCaruso","2017-01-21 03:03","0","3","CC's great again @Make America Great Again https://www.instagram.com/p/BPgrgY3AUcK/","","@Make","","822640633991102466","https://twitter.com/3CCaruso/status/822640633991102466"
"DarthShowaltak","2017-01-21 02:42","0","0","Mother, should I build a wall? #rogerwaters @Springdale, Arkansas https://www.instagram.com/p/BPgpJw8BZcti2OnURUK46Vo4WDTP5llwknXPBg0/ ","","@Springdale","#rogerwaters","822635444714278913","https://twitter.com/DarthShowaltak/status/822635444714278913"
"Pastorjamie25","2017-01-20 20:23","0","0","I love our country!!! @Make America Great Again https://www.instagram.com/p/BPf9yi4ghtK/","","@Make","","822540091080011777","https://twitter.com/Pastorjamie25/status/822540091080011777"
"michelle_marief","2017-01-20 17:25","0","1","#inauguration2017 :-) @Make America Great Again https://www.instagram.com/p/BPfpaMNhax9/","","@Make","#inauguration2017","822495274631188481","https://twitter.com/michelle_marief/status/822495274631188481"
"sskittless24","2017-01-20 15:39","0","2","Happy trump day @Make America Great Again https://www.instagram.com/p/BPfdUBVBFJ4E-IIUvCsXVgJCcdfvFylWflQC4A0/ ","","@Make","","822468677282852864","https://twitter.com/sskittless24/status/822468677282852864"
"IPetersPhotog","2017-01-20 14:14","0","0","It's Fri-yay! Inaugur... wait... what day is it again?!? #thesilence @Make America Great Again https://www.instagram.com/p/BPfTleBgHQu/","","@Make","#thesilence","822447290174623744","https://twitter.com/IPetersPhotog/status/822447290174623744"
