"username","date","retweets","favorites","text","geo","mentions","hashtags","id","permalink"
"chuckgianakos","2017-04-19 18:44","0","0","On a wall on #mainstreet #art #work #city #stroudsburg #pa #pennsylvania - I thoroughly enjoyed https://www.instagram.com/p/BTE9MeDhLqj/","","","#mainstreet #art #work #city #stroudsburg #pa #pennsylvania","854767668578078720","https://twitter.com/chuckgianakos/status/854767668578078720"
"LegiScanPA","2017-04-19 18:06","0","0","HB1255 [NEW] In governance of the system, further providing for criminal laboratory user fee. http://bitly.com/YjmyJW","","","","854758000778661888","https://twitter.com/LegiScanPA/status/854758000778661888"
"LegiScanPA","2017-04-18 22:46","0","0","SB635 [NEW] In culpability, further providing for causal relationship between conduct and result; in criminal hom... http://bitly.com/Yy1L5n","","","","854466258330431488","https://twitter.com/LegiScanPA/status/854466258330431488"
"GarageStrength","2017-04-17 11:30","0","0","When that far wall comes down, this place is going to be incredible. #GarageStrength https://www.instagram.com/p/BS_B47GFUb4/","","","#GarageStrength","853933573044396032","https://twitter.com/GarageStrength/status/853933573044396032"
"CRotondi","2017-04-16 21:28","0","0","I'm at Mason-Dixon Line (Maryland / Pennsylvania State Border) in Greencastle, PA https://www.swarmapp.com/c/4UgxSnD4mFE","","","","853721677896830978","https://twitter.com/CRotondi/status/853721677896830978"
"Robellious1","2017-04-16 17:24","0","0","Early family Christmas card #penn #collegereunion #cabinfever #gang https://www.instagram.com/p/BS9FqjVBDSZmx84Bps8LTZgxnp_JJ_fOjpFetY0/ ","","","#penn #collegereunion #cabinfever #gang","853660396384681984","https://twitter.com/Robellious1/status/853660396384681984"
"sueprice1968","2017-04-15 21:06","0","0","I joined Cletus at the wall!!! #cletus #dogs #dogmom #dogsofinstgram @Shade Gap Area https://www.instagram.com/p/BS66OFYB_Y0/","","@Shade","#cletus #dogs #dogmom #dogsofinstgram","853353750718627840","https://twitter.com/sueprice1968/status/853353750718627840"
"VintageMeegan","2017-04-15 16:16","0","0","Nothing says Spring like psychedelic wall art... frogs butterflies mushrooms ... this piece https://www.instagram.com/p/BS6ZEUHjh3G/","","","","853280849239961604","https://twitter.com/VintageMeegan/status/853280849239961604"
"DonnyCaltrider","2017-04-15 13:33","0","1","""Hold your tongue!"" ""You do not know to whom you speak. This is no common criminal. This is https://www.instagram.com/p/BS6Ga8Cg1nN/","","","","853239842163101696","https://twitter.com/DonnyCaltrider/status/853239842163101696"
"ShoreCakeSupply","2017-04-14 20:44","0","0","I'm hanging at hersheypark this weekend with my gang, so thought this a good one! Lol. Great https://www.instagram.com/p/BS4TACWF5aW/","","","","852986038393987072","https://twitter.com/ShoreCakeSupply/status/852986038393987072"
"PhillyKelsey","2017-04-14 15:31","0","0","Taped the passport office wall. No make-up, hair a mess; Figured it wouldn't matter anyway ha! https://www.instagram.com/p/BS3vG0BhuPx/","","","","852907100309147648","https://twitter.com/PhillyKelsey/status/852907100309147648"
"PhishCuse74","2017-04-14 14:10","0","0","Travelling (@Mason-Dixon Line (Maryland / Pennsylvania State Border) in Greencastle, PA) https://www.swarmapp.com/c/jIKew5t2UoC","","@Mason","","852886857402781696","https://twitter.com/PhishCuse74/status/852886857402781696"
"zombietrill","2017-04-13 00:40","1","15","There's a bear trapped in a wall at the Clearfield Mall. @Clearfield Mall https://www.instagram.com/p/BSzkaQZgRc7/","","@Clearfield","","852320627088392193","https://twitter.com/zombietrill/status/852320627088392193"
"GattiRx","2017-04-12 12:05","0","0","FDA Approves Expanded Indication of Epilepsy Drug for Migraine Prevention http://ow.ly/DzSO30aJTmB via @Pharmacy_Times","","@Pharmacy_Times","","852130477943160833","https://twitter.com/GattiRx/status/852130477943160833"
"ChizzieChannel","2017-04-11 22:36","0","1","I survived DRUG ADDICTION and I'm proud of it.. judge me, hate me, I don't care because after https://www.instagram.com/p/BSwxcYoD90J/","","","","851927081021788160","https://twitter.com/ChizzieChannel/status/851927081021788160"
"swagnerv","2017-04-11 19:01","0","0","Downtown Bethlehem Famed & Historic hotel Needs hole-in-wall bar #NOLA_Haiku #HistoricHotel https://www.instagram.com/p/BSwYx_egIHQ/","","","#NOLA_Haiku #HistoricHotel","851872842681647105","https://twitter.com/swagnerv/status/851872842681647105"
"Jayy_Wall","2017-04-11 01:32","0","0","someone said it was national sibling day? So I figured I'd bless everyone's timeline with the https://www.instagram.com/p/BSugxbIAp-v/","","","","851608939779284992","https://twitter.com/Jayy_Wall/status/851608939779284992"
"trucker_derek","2017-04-10 12:08","0","0","I'm at Mason-Dixon Line (Maryland / Pennsylvania State Border) in Greencastle, PA https://www.swarmapp.com/c/9Dv7xKQnFwV","","","","851406553655775232","https://twitter.com/trucker_derek/status/851406553655775232"
"erik_dove","2017-04-09 22:00","0","0","What's up jersey @Pennsylvania State Border https://www.instagram.com/p/BSrjvBCB3U_c_6CKys0jXLUvggbLkWxSZsxAh00/ ","","@Pennsylvania","","851193243094048768","https://twitter.com/erik_dove/status/851193243094048768"
"dianajanos61","2017-04-09 17:13","0","0","Sunday drivin. Nice day for it. @PA/NJ border https://www.instagram.com/p/BSrC0qOllBwjRBUwOyYVkrUR2uaukir2NWv5h40/ ","","@PA","","851120880952496129","https://twitter.com/dianajanos61/status/851120880952496129"
"CartsGalore","2017-04-09 16:38","0","2","Wall of NES! Just came in the door and out on our shelves. Lots of Retro goodness from Adams https://www.instagram.com/p/BSq-3QTBcV6/","","","","851112163884228611","https://twitter.com/CartsGalore/status/851112163884228611"
"cedeliing","2017-04-09 16:25","0","0","Found a Tony hole in the wall diner to grab a quick least meal in PA before we head back to https://www.instagram.com/p/BSq9WfiD7Sp/","","","","851108839885852672","https://twitter.com/cedeliing/status/851108839885852672"
"Mike__Snowden","2017-04-08 14:45","0","0","What a wall looks like in an #ELITE level #mancave #ManStuff #American #FoodChain @ https://www.instagram.com/p/BSoNHV4BTUx/","","@","#ELITE #mancave #ManStuff #American #FoodChain","850721291535396864","https://twitter.com/Mike__Snowden/status/850721291535396864"
"PawSox","2017-04-08 00:11","0","7","Jantzen Witte drills an RBI double off the RF wall and it's a 4-run 3rd for the #PawSox still batting and now up 7-4","","","#PawSox","850501307681177601","https://twitter.com/PawSox/status/850501307681177601"
"PawSox","2017-04-08 00:04","6","17","Sam Travis, who walked in the 1st, doubles off the base of the RCF wall to begin the #PawSox 3rd and scores on a Bryce Brentz SF. 4-4 top 3","","","#PawSox","850499434286862336","https://twitter.com/PawSox/status/850499434286862336"
"moviate","2017-04-07 18:20","0","0","Tonight! Drug Scare and Tattooing 16mm rare films! 7pm at the Other Room Theater, at F&M, https://www.instagram.com/p/BSmA7gpFfcw/","","","","850413025588805632","https://twitter.com/moviate/status/850413025588805632"
"motoole725","2017-04-07 13:03","0","0","Criminal Justice Section Chair Sherry Levin Wallach (criminal) and Former President Vince Doyle https://www.instagram.com/p/BSlcnWSA7CU/","","","","850333160290344960","https://twitter.com/motoole725/status/850333160290344960"
"agentderek_","2017-04-07 01:08","0","0","My favorite ""mess around after I'm tired wall"". Fun V1's for days! #Climbing #Climbnasium https://www.instagram.com/p/BSkKx5ng8Ei/","","","#Climbing #Climbnasium","850153203987623936","https://twitter.com/agentderek_/status/850153203987623936"
"motoole725","2017-04-06 15:19","0","0","Trial Academy 2017 Direct Examinations with Manny Romero (civil) and Carrie Cohen (criminal). https://www.instagram.com/p/BSjHaC2gztm/","","","","850005048822308864","https://twitter.com/motoole725/status/850005048822308864"
"shamula","2017-04-06 13:55","0","0","Office wall memory. (@355 Roy H. Park Hall in Ithaca, NY) https://www.swarmapp.com/c/0rjoHKqzsFL pic.twitter.com/fLA3bp7yrL","","@355","","849983944326041601","https://twitter.com/shamula/status/849983944326041601"
"DrewKellyPSU","2017-04-06 10:14","0","0","Love my @dunkindonuts gang in Selinsgrove! #dunkin @Sunbury Broadcasting Corporation https://www.instagram.com/p/BSikgtFF4P-/","","@dunkindonuts @Sunbury","#dunkin","849928323635585024","https://twitter.com/DrewKellyPSU/status/849928323635585024"
"LegiScanPA","2017-04-05 18:16","0","0","SB571 [NEW] In arson, criminal mischief and other property destruction, further providing for the offense of inst... http://bitly.com/WzYaWb","","","","849687178909188097","https://twitter.com/LegiScanPA/status/849687178909188097"
"agentderek_","2017-04-04 00:48","0","1","Finally broke through my V2 wall! Next stop, V3... #Stoked #Climbnasium #Climbing https://www.instagram.com/p/BScaIyVA7-T/","","","#Stoked #Climbnasium #Climbing","849061077136674817","https://twitter.com/agentderek_/status/849061077136674817"
"VitoDepiero","2017-04-03 14:45","0","0","Clip of me performing the #song ""writing on the wall"" ft @mobettabeez off #TheCrest project. https://www.instagram.com/p/BSbVHhblojv/","","@mobettabeez","#song #TheCrest","848909307609575424","https://twitter.com/VitoDepiero/status/848909307609575424"
"jaywalkerart","2017-04-03 04:18","0","0","""The Steel Worker"" Tape on Wall 2017 #selfie for scale. #tapeart #installationart https://www.instagram.com/p/BSaNWOkjYk6/","","","#selfie #tapeart #installationart","848751479724937216","https://twitter.com/jaywalkerart/status/848751479724937216"
"Are_Too","2017-04-02 19:26","1","0","Just posted a photo @Pennsylvania/Maryland Border https://www.instagram.com/p/BSZQhECgBzG/","","@Pennsylvania","","848617706559606786","https://twitter.com/Are_Too/status/848617706559606786"
"ArtofLauraJaen","2017-04-01 22:46","0","1","A moth has been hanging out on my wall for the last 24 hours.... #moth #bug #bugs #newroomie https://www.instagram.com/p/BSXCk0NgbYi/","","","#moth #bug #bugs #newroomie","848305575553323008","https://twitter.com/ArtofLauraJaen/status/848305575553323008"
"LegiScanPA","2017-04-01 11:56","0","0","HB1040 [NEW] In burglary and other criminal intrusion, further providing for definitions, for the offense of burg... http://bitly.com/YyvECT","","","","848141924699688960","https://twitter.com/LegiScanPA/status/848141924699688960"
"LegiScanPA","2017-03-31 22:26","0","0","HB1062 [NEW] In liability for tortious acts of children, further providing for establishing liability in criminal... http://bitly.com/Yyshf6","","","","847938195580964864","https://twitter.com/LegiScanPA/status/847938195580964864"
"DaddySwain","2017-03-31 18:55","0","0","Here with The Swain Gang!!! 1st time here and will DEFINITELY be back! https://www.swarmapp.com/c/4t88HoeWgHe pic.twitter.com/FBtHuWESQ7","","","","847885108984074240","https://twitter.com/DaddySwain/status/847885108984074240"
"_jaclyn_olivia","2017-03-31 18:30","0","0","Back to the brick wall with George #GeorgeDeSchweinitz #LuvMyBabies https://www.instagram.com/p/BSUAgMXlD09f8t-TQ7PTW3eRSFptuupQhiYjH00/ ","","","#GeorgeDeSchweinitz #LuvMyBabies","847878815779094531","https://twitter.com/_jaclyn_olivia/status/847878815779094531"
"Rita_Barbon","2017-03-31 14:31","1","2","We MADE the WALL YESTERDAY! pic.twitter.com/MENkElZlY8","","","","847818524106125313","https://twitter.com/Rita_Barbon/status/847818524106125313"
"robinfer1995","2017-03-31 02:00","0","0","Team bonding night with the gang at Fresenius Kidney Care of Whitehall Lazer tag @Planet Trog https://www.instagram.com/p/BSSPLANlL1A/","","@Planet","","847629605171191810","https://twitter.com/robinfer1995/status/847629605171191810"
"dyhorse","2017-03-30 21:11","0","0","So long Pennsylvania! Hello Maryland! (@Mason-Dixon Line (Maryland / Pennsylvania State Border) in Greencastle, PA) https://www.swarmapp.com/c/lhcZtBV8CYr","","@Mason","","847556996979187712","https://twitter.com/dyhorse/status/847556996979187712"
"PACareerLinkLV","2017-03-30 06:02","0","0","#lvjobs * Landing a Job with a Criminal Record - 4/19/2017 9:00 AM http://bit.ly/2oayqV5 #LehighValley","","","#lvjobs #LehighValley","847328060206534657","https://twitter.com/PACareerLinkLV/status/847328060206534657"
"FadelQuraish","2017-03-29 22:29","0","0","#travel far enough, you meet yourself. @Mexico, Pennsylvania https://www.instagram.com/p/BSPSOJDD5F1/","","@Mexico","#travel","847214083514478596","https://twitter.com/FadelQuraish/status/847214083514478596"
"Murf1534","2017-03-29 19:00","0","0","I'm at Mason-Dixon Line (Maryland / Pennsylvania State Border) in Greencastle, PA https://www.swarmapp.com/c/eYovDSNfovj","","","","847161485763719169","https://twitter.com/Murf1534/status/847161485763719169"
"SauconSource","2017-03-29 16:31","0","0","Wall of local history at Vassi's :) #drivein @Vassi's Drive-In https://www.instagram.com/p/BSOpSShAYaE/","","@Vassi","#drivein","847124062795169793","https://twitter.com/SauconSource/status/847124062795169793"
"DMSW2017","2017-03-28 17:30","0","0","That misty morning drive. @PA/NJ border https://www.instagram.com/p/BSMLPSvlPMWPFObUfl9bcc7xkgJ5Y4CPQ9IMhg0/ ","","@PA","","846776526054019072","https://twitter.com/DMSW2017/status/846776526054019072"
"Zack_Southcott","2017-03-27 01:10","0","0","Just cause she's being adventurous in Mexico, while I'm in the lame Roc @California https://www.instagram.com/p/BSH2PBBl0pn/","","@California","","846167384167763968","https://twitter.com/Zack_Southcott/status/846167384167763968"
"NajaMonica","2017-03-26 23:42","0","0","Whole crew bad. Issa pretty gang thing. #iupattys2017 @Indiana https://www.instagram.com/p/BSHsRFmFcZvTo9YvmFY1r0Pkk9b5yikW1yQaJk0/ ","","@Indiana","#iupattys2017","846145467935326209","https://twitter.com/NajaMonica/status/846145467935326209"
"RWolfhope20","2017-03-26 22:58","1","1","The 814 gang was out for iupattys #iup @Indiana University of Pennsylvania https://www.instagram.com/p/BSHnLYlAosw/","","@Indiana","#iup","846134289947410433","https://twitter.com/RWolfhope20/status/846134289947410433"
"Danny_Gunz24","2017-03-26 19:08","0","1","Should've stayed on that wall, woulda saved me my dignity and https://www.instagram.com/p/BSHM4KSAtk5eibjSeogFEpHZ1E5o1ZMSxoGswk0/ ","","","","846076437513818113","https://twitter.com/Danny_Gunz24/status/846076437513818113"
"ASivels","2017-03-26 15:20","0","0","The gang from this lit ass weekend @Kutztown, Pennsylvania https://www.instagram.com/p/BSGyxv5lpp716cn2TIrI43uSZz0YTKvS_EEixE0/ ","","@Kutztown","","846019045010952194","https://twitter.com/ASivels/status/846019045010952194"
"TyGlizzzzy","2017-03-26 14:57","0","0","who's not gang bitch let me find out.. #iupatties @Indiana, https://www.instagram.com/p/BSGwIC_Aof8ICUF9EM6na4ZCEU7IMeFegGzk8E0/ ","","@Indiana","#iupatties","846013209668661249","https://twitter.com/TyGlizzzzy/status/846013209668661249"
"iamtylive","2017-03-26 03:30","0","0","Enjoying these last few days! #familyfirst @Fiesta Mexico https://www.instagram.com/p/BSFhg1bDu0Fk3fdFwL8Blgp9aWbbmeMR6lYaN80/ ","","@Fiesta","#familyfirst","845840337146970113","https://twitter.com/iamtylive/status/845840337146970113"
"alainaderosa","2017-03-26 01:45","0","0","7 barrels of beer on the wall. 7 barrels of beer. Take one down and https://www.instagram.com/p/BSFVdTmBrRzW0h8H8-QDk0B8jHNIZkNkzW_5Jo0/ ","","","","845813822837313536","https://twitter.com/alainaderosa/status/845813822837313536"
"alainaderosa","2017-03-26 01:42","0","0","7 barrels of beer on the wall. 7 barrels of beer. Take one down and https://www.instagram.com/p/BSFVHtjhGD6H2wHFgbG0W8RVdlmlLoYNKkl0DA0/ ","","","","845813080940437505","https://twitter.com/alainaderosa/status/845813080940437505"
"BodybyIan","2017-03-25 23:23","0","0","I'm on the Wall at the thewarhousegym #bodybyian #bodybuilding #warhousegym #training https://www.instagram.com/p/BSFFQ_BBYK5/","","","#bodybyian #bodybuilding #warhousegym #training","845778214421127169","https://twitter.com/BodybyIan/status/845778214421127169"
"Oyouvegotgrneyz","2017-03-25 19:32","0","0","These #thsglax #thsjvglax girls are taking a piece of the wall https://www.instagram.com/p/BSEq04SF6v7g722nrXs94IK-QvkjDyu22A4M400/ ","","","#thsglax #thsjvglax","845720083452379136","https://twitter.com/Oyouvegotgrneyz/status/845720083452379136"
"jesannjo","2017-03-25 13:49","0","0","Bless the sweet mother I am almost home (@Mason-Dixon Line (MD/PA Border) in Emmitsburg, MD) https://www.swarmapp.com/c/5Ut3gC17SUf","","@Mason","","845633707486695425","https://twitter.com/jesannjo/status/845633707486695425"
"LegiScanPA","2017-03-25 05:16","0","0","SB533 [NEW] Providing for emergency addiction treatment; and imposing powers and duties on the Department of Drug... http://bitly.com/WqpZ3b","","","","845504526241140737","https://twitter.com/LegiScanPA/status/845504526241140737"
"LegiScanPA","2017-03-25 03:26","0","0","SB536 [NEW] Providing for Commonwealth support for an Alcohol and Drug Addiction Counselor Loan Forgiveness Progr... http://bitly.com/WBlLFT","","","","845476885542977536","https://twitter.com/LegiScanPA/status/845476885542977536"
"TheHottieCottie","2017-03-25 01:35","0","1","""Wow do you rock climb?"" -Everyone I set a new personal best at our campus wall today. Here https://www.instagram.com/p/BSCvjnJhIyZ/","","","","845449002476756993","https://twitter.com/TheHottieCottie/status/845449002476756993"
"zlkauffman","2017-03-24 23:49","0","0","First scotch ale that I know of. Would try again. - Drinking a Gang Aft Agley at @bullsheadlititz - http://untp.beer/s/c431840557","","@bullsheadlititz","","845422462846353410","https://twitter.com/zlkauffman/status/845422462846353410"
"Dishfunctional","2017-03-24 17:55","0","0","New in my society6 shop today... this wall tapestry is just awesome! This design is also https://www.instagram.com/p/BSB63xSFlhC/","","","","845333154080722946","https://twitter.com/Dishfunctional/status/845333154080722946"
"Cecil_PSU","2017-03-24 17:26","0","1","When you're thinking about #Mexico, so you make a #taco bar for #lunch #yum #ishouldbewriting https://www.instagram.com/p/BSB3orpFTkx/","","","#Mexico #taco #lunch #yum #ishouldbewriting","845326037194100737","https://twitter.com/Cecil_PSU/status/845326037194100737"
"Sean_Kem","2017-03-24 13:51","0","0","Just some wall and a window ||     #folktravel #folkmagazine #instagram #livefolk https://www.instagram.com/p/BSBfA93A0cE/","","","#folktravel #folkmagazine #instagram #livefolk","845271891560599553","https://twitter.com/Sean_Kem/status/845271891560599553"
"TotalTrafficNYC","2017-03-24 12:09","0","0","Accident cleared in #DelawareWaterGap on I-80 WB after PA--NJ State Border #traffic http://bit.ly/11xKLzq","","","#DelawareWaterGap #traffic","845246263142567936","https://twitter.com/TotalTrafficNYC/status/845246263142567936"
"TotalTrafficNYC","2017-03-24 10:09","0","0","Accident in #DelawareWaterGap on I-80 WB after PA--NJ State Border #traffic http://bit.ly/11xKLzq","","","#DelawareWaterGap #traffic","845215972487315456","https://twitter.com/TotalTrafficNYC/status/845215972487315456"
"CherryArtspace","2017-03-24 00:35","0","0","A little cherry juice mixed with red paint - everyone left their mark on the wall. https://www.instagram.com/p/BSAD23PgxSS/","","","","845071432887533570","https://twitter.com/CherryArtspace/status/845071432887533570"
"LegiScanPA","2017-03-23 00:16","0","0","HB942 [NEW] In criminal history record information, further providing for expungement of criminal history record. http://bitly.com/Wnst23","","","","844704259404914688","https://twitter.com/LegiScanPA/status/844704259404914688"
"STEAMworksKU","2017-03-21 07:08","0","0","Jenna Kazmar and Logan Hanning art.l0g found leftover paint & cheap brushes & an ugly wall at https://www.instagram.com/p/BR5CcJtj_6X/","","","","844083155611148288","https://twitter.com/STEAMworksKU/status/844083155611148288"
"gabby_pfeiffer","2017-03-20 22:06","0","0","Pretty gang @Olean High School https://www.instagram.com/p/BR4Ec6ihk-x/","","@Olean","","843946843759230976","https://twitter.com/gabby_pfeiffer/status/843946843759230976"
"WoodyChandler","2017-03-20 04:33","0","0","Forget Hulk! Woody S.M.A.S.H. (Hits wall, breaks hand)! Woody n... (S.M.A.S.H. Hits Vol. 2) http://untp.beer/s/c430527344 #photo","","","#photo","843681798219599876","https://twitter.com/WoodyChandler/status/843681798219599876"
"skookill","2017-03-20 00:49","0","0","bryan_demuro :: Vert Wall Rock n Roll :: The Shred Shed :: . . . #brokengrammed https://www.instagram.com/p/BR1yRY0AW09/","","","#brokengrammed","843625390795083777","https://twitter.com/skookill/status/843625390795083777"
"skookill","2017-03-19 23:17","0","0","bryan_demuro :: Vert Wall :: The Shred Shed :: . . . . . #brokengrammed #skidmarkskatemag https://www.instagram.com/p/BR1n0QrgUp6/","","","#brokengrammed #skidmarkskatemag","843602393715630081","https://twitter.com/skookill/status/843602393715630081"
"trumpssadumbass","2017-03-18 20:31","0","0","I'm at Mason-Dixon Line (Maryland / Pennsylvania State Border) in Greencastle, PA https://www.swarmapp.com/c/89W0uhXE42O pic.twitter.com/a0xFZ8g8O5","","","","843198277361254400","https://twitter.com/trumpssadumbass/status/843198277361254400"
"DomaciHome","2017-03-18 17:18","0","0","We're totally digging this Americana Wall Decor piece. Made from the metal of an old wine barrel https://www.instagram.com/p/BRyZ-TqDr0j/","","","","843149746852249600","https://twitter.com/DomaciHome/status/843149746852249600"
"MEANS1974","2017-03-18 14:10","0","0","AMS outline and piece done in Allentown 1996 with @notgiancarlo at the Flood wall. . . . #AMS https://www.instagram.com/p/BRyEZ74DWhL/","","@notgiancarlo","#AMS","843102320745480193","https://twitter.com/MEANS1974/status/843102320745480193"
"DangerCircus","2017-03-18 02:10","0","0","Mexican food in Hershey! @Fiesta Mexico https://www.instagram.com/p/BRwyEKzBZML/","","@Fiesta","","842921243808432130","https://twitter.com/DangerCircus/status/842921243808432130"
"DangerCircus","2017-03-18 02:10","0","0","Mexican food in Hershey! @Fiesta Mexico https://www.instagram.com/p/BRwyBLFBpuU/","","@Fiesta","","842921143363223552","https://twitter.com/DangerCircus/status/842921143363223552"
"jesannjo","2017-03-17 21:50","0","0","THANK THE GOOD LORD WE ARE OUT OF PA (@Mason-Dixon Line (Maryland / Pennsylvania State Border) in Greencastle, PA) https://www.swarmapp.com/c/c6FqbGkR5O1","","@Mason","","842855699369680898","https://twitter.com/jesannjo/status/842855699369680898"
"FamilyTravelNYC","2017-03-17 12:06","0","0","who knew uno could be so loud your hotel neighbors would have to bang on your wall #nyckids https://www.instagram.com/p/BRvRYcKgYyn/","","","#nyckids","842708639500713984","https://twitter.com/FamilyTravelNYC/status/842708639500713984"
"SamNagy23","2017-03-16 16:17","0","0","Gang Gang #longjamesdaly #supedupmercedes @Happy Valley- Penn State https://www.instagram.com/p/BRtJUavDQLy7o5HZpuwFR_3FQ4J0EJWSlsRUWg0/ ","","@Happy","#longjamesdaly #supedupmercedes","842409431396675584","https://twitter.com/SamNagy23/status/842409431396675584"
"AlisaTongg","2017-03-15 11:40","0","0","Looking up after the blizzard... #sherbertsky The Living Wall at Promise Ridge. #promiseridge @ https://www.instagram.com/p/BRqE1PQhQa-/","","@","#sherbertsky #promiseridge","841977350501806082","https://twitter.com/AlisaTongg/status/841977350501806082"
"WRonsan","2017-03-14 20:55","0","0","don't let R's blame medical costs rising because of ACA. Big cause is overly protected drug co's + why would drs accept new aca?","","","","841754621509021696","https://twitter.com/WRonsan/status/841754621509021696"
"Kara_Cipolle","2017-03-14 18:59","0","0","Three day recap: One broken toilet, one hole in the wall, one threat of being evicted, 6 https://www.instagram.com/p/BRoSHASD2j5/","","","","841725374832734212","https://twitter.com/Kara_Cipolle/status/841725374832734212"
"iembot_ctp","2017-03-14 15:23","0","0","At 11:22 AM, Mexico [Juniata Co, PA] SOCIAL MEDIA reports SNOW of 14.00 INCH #CTP https://mesonet.agron.iastate.edu/lsr/#CTP/201703141522/201703141522 ","","","#CTP #CTP","841671111800676353","https://twitter.com/iembot_ctp/status/841671111800676353"
"iembot_ctp","2017-03-14 14:01","0","0","At 9:11 AM, Mexico [Juniata Co, PA] SOCIAL MEDIA reports SNOW of 13.50 INCH #CTP https://mesonet.agron.iastate.edu/lsr/#CTP/201703141311/201703141311 ","","","#CTP #CTP","841650528673136641","https://twitter.com/iembot_ctp/status/841650528673136641"
"TheDaveNadler","2017-03-14 00:19","0","1","The gang falls down a mountain #springbreak #lit #fam @Shawnee Mountain Ski Area https://www.instagram.com/p/BRmSJd8g5Fs/","","@Shawnee","#springbreak #lit #fam","841443691332018176","https://twitter.com/TheDaveNadler/status/841443691332018176"
"deuanehoffman","2017-03-13 20:59","0","0","Whoa! That's a spicy one! - Drinking a South of the Border Porter @Mad Chef Craft Brewing - http://untp.beer/s/c427819112","","@Mad","","841393250829254657","https://twitter.com/deuanehoffman/status/841393250829254657"
"paconsignments","2017-03-13 02:27","0","0","Check out the Great Wall of purses Snuffys has amazing selection of designer purses at amazing https://www.instagram.com/p/BRj7-hilPEB/","","","","841113460792528898","https://twitter.com/paconsignments/status/841113460792528898"
"tbday1","2017-03-12 20:09","0","0","This is the start of the only wall we should be building. Muchas https://www.instagram.com/p/BRjQrBjghPGxD_Jctt9MPx-bml3dQE7mz9Oh9A0/ ","","","","841018227392147462","https://twitter.com/tbday1/status/841018227392147462"
"TotalTrafficNYC","2017-03-12 19:16","0","0","Accident, right lane blocked in #Phillipsburg on I-78 WB between PA--NJ State Border, stop and go traffic back to US-22, delay of 6 mins","","","#Phillipsburg","841004950419312640","https://twitter.com/TotalTrafficNYC/status/841004950419312640"
"ZaxPrick","2017-03-11 17:56","0","0","Happy Birthday to Paul Wall, Mr Howard and Johnny Knoxville https://www.instagram.com/p/BRgctqWgDHS7pKxoGI3j_hM06LJMdoD8ICh10k0/ ","","","","840622496378454017","https://twitter.com/ZaxPrick/status/840622496378454017"
"LegiScanPA","2017-03-11 16:56","0","0","HB847 [NEW] In other offenses, further providing for drug trafficking sentencing and penalties. http://bitly.com/YnKV9l","","","","840607310615609348","https://twitter.com/LegiScanPA/status/840607310615609348"
"LegiScanPA","2017-03-11 06:26","0","0","SB496 [NEW] In burglary and other criminal intrusion, further providing for the offense of criminal trespass. http://bitly.com/Yx8PPM","","","","840448731048738816","https://twitter.com/LegiScanPA/status/840448731048738816"
"LegiScanPA","2017-03-10 23:56","0","0","HB852 [NEW] In general provisions relating to criminal proceedings, requiring saliva or tissue sample for DNA ana... http://bitly.com/WCnCKz","","","","840350718053797888","https://twitter.com/LegiScanPA/status/840350718053797888"
"creynolds1978","2017-03-10 00:04","0","0","A drug deal went down at work tonight. Money was exchange for the https://www.instagram.com/p/BRb9PHdAvoltF3ARzphcrMnNmds8r-EwVtfN0s0/ ","","","","839990321983418368","https://twitter.com/creynolds1978/status/839990321983418368"
"paconsignments","2017-03-09 21:40","0","0","Check out the Great Wall of purses Snuffys has amazing selection of designer purses at amazing https://www.instagram.com/p/BRbsyK-lA66/","","","","839954149299064833","https://twitter.com/paconsignments/status/839954149299064833"
"KennyBurnsMcGil","2017-03-09 16:10","0","0","Pre trial conference drug case #criminallawyers #injurylawyers https://www.instagram.com/p/BRbG7PejsiQqUvw51iu7kbixXBkOlX-2prXHp80/ ","","","#criminallawyers #injurylawyers","839870896005341185","https://twitter.com/KennyBurnsMcGil/status/839870896005341185"
"NDCavallaro61","2017-03-08 23:26","0","1","Nature is my drug pc: @kwow2012 @Spencer Crest Nature Center https://www.instagram.com/p/BRZUID5j4X_/","","@kwow2012 @Spencer","","839618447948582912","https://twitter.com/NDCavallaro61/status/839618447948582912"
"LegiScanPA","2017-03-08 18:46","0","0","HB761 [NEW] Further providing for drug overdose response immunity. http://bitly.com/Wzp2FP","","","","839547847657795585","https://twitter.com/LegiScanPA/status/839547847657795585"
"GattiRx","2017-03-07 23:05","0","0","4 out of 10 people who take more than one drug do not take one of them as prescribed. Are you one of them? http://www.pfizer.com/health/senior_health/taking_medicines ","","","","839250603071131649","https://twitter.com/GattiRx/status/839250603071131649"
"a_ostendorf","2017-03-07 14:26","0","0","Cool and the gang @Indiana, Pennsylvania https://www.instagram.com/p/BRVxg6EAKFntGIZbs6VgTrqIN_HniN8-251dAs0/ ","","@Indiana","","839120122455425024","https://twitter.com/a_ostendorf/status/839120122455425024"
"ZerodayBrewing","2017-03-07 01:48","0","0","The Gang drinks New England. _________ #marketresearch #beersploring #NEbeer #staffmeeting https://www.instagram.com/p/BRUavbkjg-3/","","","#marketresearch #beersploring #NEbeer #staffmeeting","838929315182034948","https://twitter.com/ZerodayBrewing/status/838929315182034948"
"StrangaStrange","2017-03-07 00:43","0","1","The gang is ready to take your calls for the pledge drive! #SupportTheArts #FernandoVarela https://www.instagram.com/p/BRUTQQDBN2A/","","","#SupportTheArts #FernandoVarela","838912844271792129","https://twitter.com/StrangaStrange/status/838912844271792129"
"LoarinaG","2017-03-06 11:49","0","0","""Secret Window"" by Loarina #secretwindow #brick #wall #emptyhouse #hiding #farm #house https://www.instagram.com/p/BRS6yONhOKF/","","","#secretwindow #brick #wall #emptyhouse #hiding #farm #house","838718295591178240","https://twitter.com/LoarinaG/status/838718295591178240"
"jchenelly","2017-03-06 08:22","0","0","I'm at NY/PA Border in Lawrenceville, PA https://www.swarmapp.com/c/al3QtUjAxoP","","","","838666176460951552","https://twitter.com/jchenelly/status/838666176460951552"
"ellisweatshirt","2017-03-05 17:58","0","0","The Get Out Gang stays formal #AcademicSemester @Rector Science Complex https://www.instagram.com/p/BRRAKK-jG3i/","","@Rector","#AcademicSemester","838448643837419520","https://twitter.com/ellisweatshirt/status/838448643837419520"
"LizzMitternacht","2017-03-04 17:18","0","0","Sometimes I do splits up the wall @Gold's Gym Allentown https://www.instagram.com/p/BROWzJ8jZT6/","","@Gold","","838076212446707714","https://twitter.com/LizzMitternacht/status/838076212446707714"
"trucker_derek","2017-03-04 15:41","0","0","I'm at Mason-Dixon Line (Maryland / Pennsylvania State Border) in Greencastle, PA https://www.swarmapp.com/c/bMa8SgcU4Qs","","","","838051755787182080","https://twitter.com/trucker_derek/status/838051755787182080"
"philemaphobe","2017-03-04 13:40","0","0","Found my favorite wall guys @Moravian College https://www.instagram.com/p/BRN9ymdFDOo/","","@Moravian","","838021222860468224","https://twitter.com/philemaphobe/status/838021222860468224"
"dj8134pops","2017-03-04 02:55","0","0","Quite a road trip to pick up this pup back then. Up to the Maine border and back in a day. What https://www.instagram.com/p/BRM0Cp8hEeQ/","","","","837859043079139328","https://twitter.com/dj8134pops/status/837859043079139328"
"Rita_Barbon","2017-03-03 20:37","1","3","Wall of FAME in STYLE! pic.twitter.com/5ijKuOdOnm","","","","837763882265505793","https://twitter.com/Rita_Barbon/status/837763882265505793"
"LegiScanPA","2017-03-03 06:26","0","0","SB446 [NEW] Providing for drug and alcohol recovery houses and establishing the Drug and Alcohol Recovery House F... http://bitly.com/WzdhyY","","","","837549762152808448","https://twitter.com/LegiScanPA/status/837549762152808448"
"Hessy33","2017-03-03 01:48","0","0","Still need the wall but... #progress @antigravitylv https://www.instagram.com/p/BRKHlgMl-7myX2KWdCADQLxq9vxtPqImV9vGtU0/ ","","@antigravitylv","#progress","837479815615741953","https://twitter.com/Hessy33/status/837479815615741953"
"ArtofFloating","2017-03-02 15:14","0","0","We built a wall of salt. @scrtched_cornea tezolkin @artoffloating @sfsaltcompany #saltlife https://www.instagram.com/p/BRI-_pVF3Eh/","","@scrtched_cornea @artoffloating @sfsaltcompany","#saltlife","837320186566955009","https://twitter.com/ArtofFloating/status/837320186566955009"
"TotalTrafficABE","2017-03-02 13:11","1","0","Accident in #Leesport on PA-61 Both EB/WB at Wall St #traffic http://bit.ly/XtQIy5","","","#Leesport #traffic","837289175103729668","https://twitter.com/TotalTrafficABE/status/837289175103729668"
"Rita_Barbon","2017-03-01 20:22","0","0","We made the WALL! pic.twitter.com/HVHvyyieiB","","","","837035320877150209","https://twitter.com/Rita_Barbon/status/837035320877150209"
"olivia_piazza","2017-02-28 18:57","0","0","3 of 10 Glass + Light (shadow projected onto wall) 2|27|2017 @ https://www.instagram.com/p/BREO-pChSs3P-1e1ys82Powv_QTo0T8NNaSgbw0/ ","","@","","836651641713545216","https://twitter.com/olivia_piazza/status/836651641713545216"
"LegiScanPA","2017-02-28 09:46","0","0","HB659 [NEW] In criminal history record information, further providing for expungement. http://bitly.com/Yz7qZ0","","","","836512783130841089","https://twitter.com/LegiScanPA/status/836512783130841089"
"LuckyPITT23","2017-02-28 05:40","0","0"," Played India Ink by @311, Smooth Criminal by @michaeljackson and 5 more songs at @Aroogas : https://rockbot.com/149g @GetRockbot","","@311 @michaeljackson @Aroogas @GetRockbot","","836450873714737152","https://twitter.com/LuckyPITT23/status/836450873714737152"
"inkly1","2017-02-28 00:27","0","0","I'm at Mason-Dixon Line (MD/PA Border) in Emmitsburg, MD https://www.swarmapp.com/c/6wMrKnNirct","","","","836372128270278656","https://twitter.com/inkly1/status/836372128270278656"
"Rita_Barbon","2017-02-27 20:23","0","0","We MADE THE WALL! pic.twitter.com/plCr5lmEux","","","","836310734350991366","https://twitter.com/Rita_Barbon/status/836310734350991366"
"psulions","2017-02-27 00:41","0","0","I'm at Mason-Dixon Line (MD/PA Border) in Emmitsburg, MD https://www.swarmapp.com/c/0FylJlI1LPt","","","","836013445992628224","https://twitter.com/psulions/status/836013445992628224"
"ShaunnnMilly","2017-02-26 23:08","0","0","Black boys feeling good, living better @The Wall https://www.instagram.com/p/BQ_iFrvATSj/","","@The","","835989978706554880","https://twitter.com/ShaunnnMilly/status/835989978706554880"
"HikerDudeDad","2017-02-26 22:46","0","0","Missed this gem. The heat is back ON!!! - Drinking a South of the Border Porter @Mad Chef Craft Brewing - http://untp.beer/s/c422350482 #photo","","@Mad","#photo","835984391918739461","https://twitter.com/HikerDudeDad/status/835984391918739461"
"micheelleashley","2017-02-26 19:17","0","0","the gang ft my new fave cousin @State College, Pennsylvania https://www.instagram.com/p/BQ_HUCUg4Kx1SKZeJjdTFo_U4BOaF4ZJbsZEGo0/ ","","@State","","835931773255172096","https://twitter.com/micheelleashley/status/835931773255172096"
"JustinoHibbs","2017-02-25 23:53","0","0","We've been debating how to decorate our dining room wall. We finally decided to continue the https://www.instagram.com/p/BQ9CeXtBsWu/","","","","835638981479968769","https://twitter.com/JustinoHibbs/status/835638981479968769"
"AlisaTongg","2017-02-25 23:21","0","0","Maria + Stephen begin their married life together in front of this ethereal orchid wall. https://www.instagram.com/p/BQ8-uX4BUbh/","","","","835630737877430274","https://twitter.com/AlisaTongg/status/835630737877430274"
"MelanieEversley","2017-02-25 21:21","0","1","Heading to Lake Effect Half with @writemelody! #lehm @PA / NY border https://www.instagram.com/p/BQ8xCxjgZqd/","","@writemelody @PA","#lehm","835600645952536576","https://twitter.com/MelanieEversley/status/835600645952536576"
"PACareerLinkLV","2017-02-25 18:58","0","0","#lvjobs * Landing a Job with a Criminal Record - 3/21/2017 9:00 AM http://bit.ly/2lR36ZE #LehighValley","","","#lvjobs #LehighValley","835564672090701826","https://twitter.com/PACareerLinkLV/status/835564672090701826"
"WRonsan","2017-02-25 16:22","0","0","record earnings on Wall St. No improvement for the little guy. R's even put tax cuts for rich in ACA bill!","","","","835525472347893761","https://twitter.com/WRonsan/status/835525472347893761"
"shamula","2017-02-25 14:18","0","0","Wall o'coffee. (@Gimme! Coffee in Trumansburg, NY) https://www.swarmapp.com/c/4Cr9q7Parzv pic.twitter.com/NGekqllOgF","","@Gimme","","835494099146899461","https://twitter.com/shamula/status/835494099146899461"
"InnatGothicEves","2017-02-25 13:13","0","1","New look for the Riesling Suite!Personalized light show illuminating our rock faced wall - https://www.instagram.com/p/BQ75NoXjsBB/","","","","835477893773950977","https://twitter.com/InnatGothicEves/status/835477893773950977"
"jeffpiatt","2017-02-25 03:39","0","0","distroyed so he can build an intergalactic bypass. So he hired a space biker gang.","","","","835333281444933632","https://twitter.com/jeffpiatt/status/835333281444933632"
"LegiScanPA","2017-02-25 01:26","0","0","HB643 [NEW] In limitation of time relating to criminal proceedings, further providing for no limitation applicabl... http://bitly.com/Ws4iiZ","","","","835299805891022848","https://twitter.com/LegiScanPA/status/835299805891022848"
"EGPhotographyPA","2017-02-25 01:13","0","0","I've been collecting black frames for my sample wall. All that's left to do is print everything, https://www.instagram.com/p/BQ6mRE1DovC/","","","","835296606870245377","https://twitter.com/EGPhotographyPA/status/835296606870245377"
"PaEMTP56","2017-02-24 16:32","0","0","Well we are in the process of having lunch at the hole in the wall that my EMT decides we are going to every time https://www.swarmapp.com/c/fRoRSDpKs3W","","","","835165572094648320","https://twitter.com/PaEMTP56/status/835165572094648320"
"jeffpiatt","2017-02-24 09:05","0","0","well Toei apparently decided Mexico needed to be the first country in NA to get sailor moon back. They got it back in 2011.","","","","835053041434914816","https://twitter.com/jeffpiatt/status/835053041434914816"
"LegiScanPA","2017-02-24 07:36","0","0","HB620 [NEW] Requiring the testing of members of the General Assembly for illegal drug use. http://bitly.com/YNDA3d","","","","835030660230316033","https://twitter.com/LegiScanPA/status/835030660230316033"
"emh2625","2017-02-24 04:36","0","0","I'm at Mason-Dixon Line (Maryland / Pennsylvania State Border) in Greencastle, PA https://www.swarmapp.com/c/ky19eQTCTF0","","","","834985259297038336","https://twitter.com/emh2625/status/834985259297038336"
"BartUrbys","2017-02-23 23:46","0","0","Thank so much to all involved and more coming the wall is done from top to bottom here is a https://www.instagram.com/p/BQ34DhJABhO/","","","","834912379364323328","https://twitter.com/BartUrbys/status/834912379364323328"
"CherryArtspace","2017-02-23 20:32","0","1","Now THAT is a beautiful wall. #cherryartspace #Ithaca @The Cherry https://www.instagram.com/p/BQ3h0pmgrH2/","","@The","#cherryartspace #Ithaca","834863492033343488","https://twitter.com/CherryArtspace/status/834863492033343488"
"trucker_derek","2017-02-23 13:00","0","0","I'm at Mason-Dixon Line (Maryland / Pennsylvania State Border) in Greencastle, PA https://www.swarmapp.com/c/aw7rzI996l3","","","","834749749202919425","https://twitter.com/trucker_derek/status/834749749202919425"
"xtinadoefarz","2017-02-23 01:19","0","1","happy national margarita day @On The Border Mexican Grill & https://www.instagram.com/p/BQ1d6AvBPRFxBnpzeguUv-ECAvqTObXGHsHuUA0/ ","","@On","","834573408050352128","https://twitter.com/xtinadoefarz/status/834573408050352128"
"RickySims1","2017-02-22 04:22","0","0","@realDonaldTrump wants to be tough on illegal immigration. Well, where's the ""aggressive"" EO to find and stop the next Dylann Roof?","","@realDonaldTrump","","834257102981984257","https://twitter.com/RickySims1/status/834257102981984257"
"LegiScanPA","2017-02-21 23:16","0","0","HB129 [NEW] In public assistance, prohibiting eligibility for individuals convicted of drug distribution. http://bitly.com/W5sXdc","","","","834180070533120000","https://twitter.com/LegiScanPA/status/834180070533120000"
"Jordainian21","2017-02-21 21:18","0","0","Playoff ready with gang @York College of Pennsylvania https://www.instagram.com/p/BQyddRwgoW5CuJJx4-taC3hoXkuKj0olyKwy0g0/ ","","@York","","834150213736595458","https://twitter.com/Jordainian21/status/834150213736595458"
"aRuBio718","2017-02-20 19:32","0","0","My Favorite Drug... #Unified #BikeLife #BringOnSpring https://www.instagram.com/p/BQvsngbAizlaWhAR-IxlhOSbtUVbzOt6Ux1D_s0/ ","","","#Unified #BikeLife #BringOnSpring","833761327164293121","https://twitter.com/aRuBio718/status/833761327164293121"
"4CornersComics","2017-02-19 22:24","0","1","Beaut addition to our art wall!! Thanks patriciahall @FOURCORNERS COMICS https://www.instagram.com/p/BQtbfFPA-CH/","","@FOURCORNERS","","833442178059923459","https://twitter.com/4CornersComics/status/833442178059923459"
"justplainj","2017-02-19 18:02","0","0","I'm at Flagship Cinema for The Great Wall in Palmyra, PA https://www.swarmapp.com/c/aacCHsgSGVp","","","","833376261317808133","https://twitter.com/justplainj/status/833376261317808133"
"LuccheseLucca","2017-02-19 06:48","0","0","#Gang #20Gz #IC2F #Tre_L @Passion Lounge https://www.instagram.com/p/BQrwZbojf6Z/","","@Passion","#Gang #20Gz #IC2F #Tre_L","833206720000307200","https://twitter.com/LuccheseLucca/status/833206720000307200"
"JazzRocks3","2017-02-18 23:45","0","0","It's like a drug. @CNN @MSNBC @FoxNews @POTUS","","@CNN @MSNBC @FoxNews @POTUS","","833100280283660292","https://twitter.com/JazzRocks3/status/833100280283660292"
"TotalTrafficNYC","2017-02-18 16:35","1","0","Accident cleared in #DelawareWaterGap on I-80 WB at PA--NJ State Border, stop and go traffic back to US-46, delay of 14 mins #traffic","","","#DelawareWaterGap #traffic","832992011523330048","https://twitter.com/TotalTrafficNYC/status/832992011523330048"
"TotalTrafficNYC","2017-02-18 16:35","0","0","Accident cleared in #Monroe on I-80 WB between PA--NJ State Border and Delaware Water Gap Toll Plz #traffic http://bit.ly/11xKLzq","","","#Monroe #traffic","832991874008936448","https://twitter.com/TotalTrafficNYC/status/832991874008936448"
"TotalTrafficNYC","2017-02-18 16:21","0","0","Accident in #Monroe on I-80 WB between PA--NJ State Border and Delaware Water Gap Toll Plz #traffic http://bit.ly/11xKLzq","","","#Monroe #traffic","832988312776351744","https://twitter.com/TotalTrafficNYC/status/832988312776351744"
"TotalTrafficNYC","2017-02-18 15:41","1","0","Closed due to accident in #Monroe on I-80 WB between PA--NJ State Border and Delaware Water Gap Toll Plz #traffic http://bit.ly/11xKLzq","","","#Monroe #traffic","832978267506429953","https://twitter.com/TotalTrafficNYC/status/832978267506429953"
"TotalTrafficNYC","2017-02-18 15:37","1","0","Accident in #DelawareWaterGap on I-80 WB at PA--NJ State Border, stopped traffic back to US-46, delay of 38 mins #traffic","","","#DelawareWaterGap #traffic","832977274383237121","https://twitter.com/TotalTrafficNYC/status/832977274383237121"
"Kesh5180","2017-02-18 04:06","0","0","Late night happy hour with my babe! @On The Border Mexican Grill & https://www.instagram.com/p/BQo5CCPjadpGSPCxtcc294uF41tvnfFJcWL8lc0/ ","","@On","","832803465776812032","https://twitter.com/Kesh5180/status/832803465776812032"
"psulions","2017-02-17 15:01","0","0","FL here we come (@Mason-Dixon Line (MD/PA Border) in Emmitsburg, MD) https://www.swarmapp.com/c/ejc4C8ll0L0","","@Mason","","832605844877504512","https://twitter.com/psulions/status/832605844877504512"
"LegiScanPA","2017-02-17 14:16","0","0","SB348 [NEW] Authorizing the Commonwealth of Pennsylvania to join the Interstate Drug Interdiction and Enforcement... http://bitly.com/YkrwWW","","","","832594662691061761","https://twitter.com/LegiScanPA/status/832594662691061761"
"iwartifacts","2017-02-17 04:54","0","0","Wall hung or self standing 5 foot clock weight @22 pounds ! Repurposed & industrial email https://www.instagram.com/p/BQmZrcLF7F3/","","@22","","832453050606436352","https://twitter.com/iwartifacts/status/832453050606436352"
"WRonsan","2017-02-17 01:14","0","0","U say leak is criminal=real = confirming data = release of classified data by YOU.","","","","832397869869068289","https://twitter.com/WRonsan/status/832397869869068289"
"VintageMeegan","2017-02-16 17:46","0","0","Hey- what time is it? With this fab mid century modern electric starburst wall clock you'll be https://www.instagram.com/p/BQlNQCLFaO0/","","","","832284985906384898","https://twitter.com/VintageMeegan/status/832284985906384898"
"BreckParks","2017-02-16 14:55","0","1","Winner, winner, chicken dinner | southsidedarkness going on the wall | : leeeeeyuh | #regram https://www.instagram.com/p/BQk5vK7A3kK/","","","#regram","832242065937424386","https://twitter.com/BreckParks/status/832242065937424386"
"sunburyrefuge","2017-02-15 10:28","0","0","Adding @milwaukeetool to our wall. Thank you! @The Refuge https://www.instagram.com/p/BQh2T_ohWTAwpUTJUCShrM6LuLrROkPumykwsY0/ ","","@milwaukeetool @The","","831812324159729665","https://twitter.com/sunburyrefuge/status/831812324159729665"
"LegiScanPA","2017-02-15 04:46","0","0","HB514 [NEW] In creation of leases, statute of frauds and mortgaging of leaseholds, providing for criminal backgro... http://bitly.com/WkNcDV","","","","831726327141109760","https://twitter.com/LegiScanPA/status/831726327141109760"
"LegiScanPA","2017-02-15 02:16","0","0","HB509 [NEW] In dissemination of criminal history record information, further providing for use of records for emp... http://bitly.com/YE9ezV","","","","831688601188569088","https://twitter.com/LegiScanPA/status/831688601188569088"
"wbrent01","2017-02-14 18:09","0","0","#prelaunch #groundfloor #breakingground #entrepreneur #workfromhome #MEXICO would you invest in https://www.instagram.com/p/BQgGXx-hy8P/","","","#prelaunch #groundfloor #breakingground #entrepreneur #workfromhome #MEXICO","831566167818907652","https://twitter.com/wbrent01/status/831566167818907652"
"travelgaljd","2017-02-14 00:26","0","0","In love with this sofa and wall art. Perfect for a #VIP room in the #pinkpalade. #vipvacations https://www.instagram.com/p/BQeMsf4gh9G/","","","#VIP #pinkpalade #vipvacations","831298593025822720","https://twitter.com/travelgaljd/status/831298593025822720"
"lnxcwby","2017-02-13 15:40","0","0","So long, Dixie! See ya later this week (@Mason-Dixon Line (Maryland / Pennsylvania State Border)) https://www.swarmapp.com/c/7CVDP0THrat","","@Mason","","831166231642271745","https://twitter.com/lnxcwby/status/831166231642271745"
"KatieeeAnnnnn","2017-02-13 02:49","0","0","I'm on some kind of drug, can't explain all the ways you grt me high #saturdaynight #alfred https://www.instagram.com/p/BQb4LxdlIOv/","","","#saturdaynight #alfred","830972022071103488","https://twitter.com/KatieeeAnnnnn/status/830972022071103488"
"wcpotter","2017-02-12 17:19","0","0","Drinking a Gang Aft Agley by @slyfoxbeer at @slyfoxbeer  http://untp.beer/s/c416741112","","@slyfoxbeer @slyfoxbeer","","830828666460463108","https://twitter.com/wcpotter/status/830828666460463108"
"ItsAHardG","2017-02-12 15:12","2","7","Coming in 2017. bearcity3 gay_essential with @repostapp  ""In this latest instalment the gang https://www.instagram.com/p/BQaohrOD6qY/","","@repostapp","","830796846893248512","https://twitter.com/ItsAHardG/status/830796846893248512"
"mkoziol123","2017-02-12 04:15","0","0","#stickslarkin What lead you to join the gang unit","","","#stickslarkin","830631361471975424","https://twitter.com/mkoziol123/status/830631361471975424"
"LavintageDecor","2017-02-11 18:55","0","0","Wine Cork wall hanging from Linda Yingling at LaVintage Decor. So sweet! @LaVintage Decor https://www.instagram.com/p/BQYdNh4gGbF/","","@LaVintage","","830490487769427973","https://twitter.com/LavintageDecor/status/830490487769427973"
"kingmikey1984","2017-02-11 05:12","0","0","5x14 Wall handstand push-ups #gain #gain #gain #gohardorgohome https://www.instagram.com/p/BQW--byh8znmXZGhB1RkYBwj4nWO1qkrtYaRh80/ ","","","#gain #gain #gain #gohardorgohome","830283259456090113","https://twitter.com/kingmikey1984/status/830283259456090113"
"borntobeusa","2017-02-11 02:29","0","0","When you have this many you mount hem on the wall? #honeydolist #fingerpaint #nailart @Lititz, https://www.instagram.com/p/BQWsZ5KAesS/","","@Lititz","#honeydolist #fingerpaint #nailart","830242425469857794","https://twitter.com/borntobeusa/status/830242425469857794"
"ChipHerr","2017-02-09 17:17","0","0","4"" of wet heavy snow.... clean up properties today and cancun, Mexico tomorrow! @Warwick https://www.instagram.com/p/BQTIWJuAzeA/","","@Warwick","","829740918072819713","https://twitter.com/ChipHerr/status/829740918072819713"
"BarleyRoad","2017-02-08 23:45","0","0","El President. Will we still get this when the wall gets built. - Drinking a Presidente Light @The Man Shed - http://untp.beer/s/c415050611","","@The","","829476348146094080","https://twitter.com/BarleyRoad/status/829476348146094080"
"Zipnstein","2017-02-08 15:51","0","0","Hanging out in the #home #studio today. Have to pull this one down to do some wall sketching. https://www.instagram.com/p/BQQZyqUDfH8/","","","#home #studio","829357069283229696","https://twitter.com/Zipnstein/status/829357069283229696"
"4CornersComics","2017-02-07 23:58","0","0","On the wall @4cornerscomics in #gettysburg pa! #bestcomicshopingettysburg @FOURCORNERS COMICS https://www.instagram.com/p/BQOsshrjx6b/","","@4cornerscomics @FOURCORNERS","#gettysburg #bestcomicshopingettysburg","829117165911568385","https://twitter.com/4CornersComics/status/829117165911568385"
"JillianBuker","2017-02-07 20:28","0","0","""magic mirror on the wall"" or ""mirror mirror on the wall"" ?? #mandelaeffect @Mechanicsburg https://www.instagram.com/p/BQOUtJsD86l/","","@Mechanicsburg","#mandelaeffect","829064418302554112","https://twitter.com/JillianBuker/status/829064418302554112"
"LegiScanPA","2017-02-06 17:26","0","0","SB293 [NEW] In criminal homicide, further providing for the offense of murder. http://bitly.com/WiMSW8","","","","828656082398625792","https://twitter.com/LegiScanPA/status/828656082398625792"
"_Al_Bright_","2017-02-06 00:15","0","1","No ban. No wall. The USA is for all. @Harrisburg, Pennsylvania https://www.instagram.com/p/BQJlD4AAi8j/","","@Harrisburg","","828396690096943104","https://twitter.com/_Al_Bright_/status/828396690096943104"
"Blaccstone","2017-02-05 15:40","0","0","Shot out to Milton pa they rocked w me the long way Broskii Gang like the new Deathrow https://www.instagram.com/p/BQIqEdljbyE/","","","","828266963336065026","https://twitter.com/Blaccstone/status/828266963336065026"
"joedoe516","2017-02-04 23:43","0","0","Gang in this bitch. #gormei #gormeilife #gormeieverything #blessingsonblessings #thankful https://www.instagram.com/p/BQG8pHxFaBy/","","","#gormei #gormeilife #gormeieverything #blessingsonblessings #thankful","828026337889832962","https://twitter.com/joedoe516/status/828026337889832962"
"NepaReview","2017-02-04 19:43","0","0","An immigration rally on public square in Wilkes-Barre. @Wilkes Barre Public Square https://www.instagram.com/p/BQGhHZTjTEb/","","@Wilkes","","827965797175853056","https://twitter.com/NepaReview/status/827965797175853056"
"brooke_wardx","2017-02-04 17:32","0","0","for a good time call 877-440-WALL @University of Scranton https://www.instagram.com/p/BQGSHpUgxbkje5ymtFvo4PbnoJ3TZPnbJfCwhI0/ ","","@University","","827932821062819840","https://twitter.com/brooke_wardx/status/827932821062819840"
"creynolds1978","2017-02-04 17:23","0","0","What Bay thinks of a wall lol #granddaughter #bay #megalegoset @ https://www.instagram.com/p/BQGRDpVjdXfzvR8cUkELKQiDtdjf3G97vtjfaQ0/ ","","@","#granddaughter #bay #megalegoset","827930561247318016","https://twitter.com/creynolds1978/status/827930561247318016"
"Soundtracklvr","2017-02-04 03:54","0","1","So proud of Faith tonight. She sang ""Writing's on the Wall"" from Spectre by Sam Smit and it was https://www.instagram.com/p/BQE0jaFlRCr/","","","","827727072026042372","https://twitter.com/Soundtracklvr/status/827727072026042372"
"supbruss","2017-02-04 01:27","0","0","Peak basic is taking an artsy photo in a bathroom because you like the meerkats on the wall @ https://www.instagram.com/p/BQEjpdvgMfe/","","@","","827689893174317056","https://twitter.com/supbruss/status/827689893174317056"
"LisaTorba","2017-02-03 12:06","0","0","Oh, your company doesn't offer you rewards trips to Mexico? So sorry! Learn how you can come https://www.instagram.com/p/BQDIBgPBcZp/","","","","827488405831311360","https://twitter.com/LisaTorba/status/827488405831311360"
"KennyBurnsMcGil","2017-02-02 20:08","0","0","Drug case all charges dismissed. #criminallawyers #injurylawyers @ https://www.instagram.com/p/BQBaZiTh6e6n42KICpqrRE-huKkR0NXdvFX0Vc0/ ","","@","#criminallawyers #injurylawyers","827247340301881344","https://twitter.com/KennyBurnsMcGil/status/827247340301881344"
"Zipnstein","2017-02-02 19:56","0","0","Cleaning and working on #installation wall. #contemporaryart #studio #abstractexpressionism https://www.instagram.com/p/BQBZCBSgSzv/","","","#installation #contemporaryart #studio #abstractexpressionism","827244334726656000","https://twitter.com/Zipnstein/status/827244334726656000"
"uptownpablo","2017-02-02 16:37","0","0","Got a gang of apes ready to take over the Jungle and y'all know @ImaDying_breed just let https://www.instagram.com/p/BQBCMtXj68Q/","","@ImaDying_breed","","827194136814055424","https://twitter.com/uptownpablo/status/827194136814055424"
"KennyBurnsMcGil","2017-02-02 16:19","0","0","Hearing for client with drug case. May be ARD eligible. https://www.instagram.com/p/BQBAP01h0BtP5jby72Fqh2pcJqLNOghVdfFTpg0/ ","","","","827189831381901313","https://twitter.com/KennyBurnsMcGil/status/827189831381901313"
"zimmerman_terri","2017-02-02 02:16","0","0","Iran, Mexico....China must be next. http://www.slate.com/blogs/the_slatest/2017/02/01/trump_suggests_to_pena_nieto_sending_troops_to_mexico_to_deal_with_bad_hombres.html ","","","","826977643652378624","https://twitter.com/zimmerman_terri/status/826977643652378624"
"Hoot_Design","2017-02-01 12:02","0","0","Hello February! Celebrate with 20% printable wall decor. Digital downloads are perfect for DIY https://www.instagram.com/p/BP9-A8WBh8C/","","","","826762711631486976","https://twitter.com/Hoot_Design/status/826762711631486976"
"adaamsyam","2017-02-01 07:08","0","0","Be a strong wall in the hard times and be a smiling sun in the good times. @Alaska, Pennsylvania https://www.instagram.com/p/BP9cWv-l3r1/","","@Alaska","","826688704039288832","https://twitter.com/adaamsyam/status/826688704039288832"
"BiancaZidik","2017-01-31 22:41","0","0","Mirror Mirror on the wall.. who's the fairest pug of them all.. Miss Buttons of course  https://www.instagram.com/p/BP8iSesBWO7/","","","","826561002271498242","https://twitter.com/BiancaZidik/status/826561002271498242"
"ryan_Dickens33","2017-01-31 22:35","0","7","""When life places a wall in your path you have two choices.. either beat your head against it https://www.instagram.com/p/BP8hqvqgdur/","","","","826559635901575168","https://twitter.com/ryan_Dickens33/status/826559635901575168"
"LegiScanPA","2017-01-31 20:56","0","0","HB118 [NEW] In licensing of health care facilities, providing for Emergency Drug and Alcohol Detoxification Program. http://bitly.com/VIaTp8","","","","826534744674430979","https://twitter.com/LegiScanPA/status/826534744674430979"
"LegiScanPA","2017-01-31 18:06","0","0","HB119 [NEW] Providing for certified drug and alcohol recovery houses and establishing the Certified Drug and Alco... http://bitly.com/XBg4pm","","","","826491856364118018","https://twitter.com/LegiScanPA/status/826491856364118018"
"PACareerLinkLV","2017-01-31 07:36","0","0","#lvjobs * Landing a Job with a Criminal Record - 2/21/2017 1:00 PM http://bit.ly/2jOHrzZ #LehighValley","","","#lvjobs #LehighValley","826333285617848320","https://twitter.com/PACareerLinkLV/status/826333285617848320"
"HFJMuseum","2017-01-30 21:42","0","2","We're building our own #subwaytherapy wall as part of the exhibit ""Empathy Academy,"" and artist https://www.instagram.com/p/BP52xs4BoHv/","","","#subwaytherapy","826183842260062208","https://twitter.com/HFJMuseum/status/826183842260062208"
"wolf2657","2017-01-30 20:26","0","0","Just posted a photo @Pennsylvania State Border https://www.instagram.com/p/BP5uBk7gV9yxj6npz892OppJE_apjZppinYLKY0/ ","","@Pennsylvania","","826164596943814657","https://twitter.com/wolf2657/status/826164596943814657"
"stephhramoss","2017-01-29 22:32","0","0","headband gang for life. #heymomma @New Eastwood Healthcare & Rehabilitation Center https://www.instagram.com/p/BP3Xtu1jufX/","","@New","#heymomma","825834067627229185","https://twitter.com/stephhramoss/status/825834067627229185"
"mompobz","2017-01-29 21:18","0","0","I'm at Mason-Dixon Line (MD/PA Border) in Emmitsburg, MD https://www.swarmapp.com/c/0rOt6c3LH92","","","","825815432963715075","https://twitter.com/mompobz/status/825815432963715075"
"A_RaeRay","2017-01-29 05:30","0","0","I'm just saying... that #buffalo has a @Gang Mills, New York https://www.instagram.com/p/BP1ixOogHZg/","","@Gang","#buffalo","825576895928528896","https://twitter.com/A_RaeRay/status/825576895928528896"
"sarawrigg","2017-01-28 15:58","0","0","//we need a new wall to take pics on @Mount St. Mary's University https://www.instagram.com/p/BP0F0hMBezKCiyc58UF_VpCpAxl-aXCm-Ic8dQ0/ ","","@Mount","","825372508790534144","https://twitter.com/sarawrigg/status/825372508790534144"
"samanthanichols","2017-01-28 15:48","0","0","Why I NY #deer #gangmills #corning #iloveny #iny #wildlife #neighborhood #gorgeous @Gang https://www.instagram.com/p/BP0EuAEDhUD/","","@Gang","#deer #gangmills #corning #iloveny #iny #wildlife #neighborhood #gorgeous","825370082339586048","https://twitter.com/samanthanichols/status/825370082339586048"
"LegiScanPA","2017-01-28 04:16","0","0","SB253 [NEW] In minors, further providing for drug-free school zones. http://bitly.com/VPYL5M","","","","825195763630235648","https://twitter.com/LegiScanPA/status/825195763630235648"
"BrewPubExplorer","2017-01-27 20:07","0","1","Rather have the wall of SMS in the back! - Drinking a Double IPA #III by @weyerbacher at @weyerbacher  http://untp.beer/s/c410388017 #photo","","@weyerbacher @weyerbacher","#III #photo","825072720333377536","https://twitter.com/BrewPubExplorer/status/825072720333377536"
"BrewPubExplorer","2017-01-27 19:38","0","0","Pit stop on the way to the ski slopes. Just wish I could take home the wall of https://www.instagram.com/p/BPx6KnSFpr9/","","","","825065407551852546","https://twitter.com/BrewPubExplorer/status/825065407551852546"
"VintageMeegan","2017-01-27 17:28","0","0","You don't see these very often... check out this vintage Hammond Synchronous wall clock. 15x15 https://www.instagram.com/p/BPxrVrKl2F-/","","","","825032801305108480","https://twitter.com/VintageMeegan/status/825032801305108480"
"mompobz","2017-01-27 16:06","0","0","I'm at Mason-Dixon Line (MD/PA Border) in Emmitsburg, MD https://www.swarmapp.com/c/c1hLLtj7O68","","","","825012085679611904","https://twitter.com/mompobz/status/825012085679611904"
"ejgabriel9","2017-01-26 16:14","0","0","So we have a lunatic president who destroys the relationship we have with Mexico ON TWITTER? Over his damn campaign promise? WTF!!!!","","","","824651710195007488","https://twitter.com/ejgabriel9/status/824651710195007488"
"Phillyfoodbeer","2017-01-26 00:39","0","0","Caramel, toasted grain, herbs, earthy, mild smoke, wood, dark frui... (Gang Aft Agley 2017) http://untp.beer/s/c409896217 #photo","","","#photo","824416380271394817","https://twitter.com/Phillyfoodbeer/status/824416380271394817"
"Noren4Congress","2017-01-26 00:11","0","0","Congressman Jason Chaffetz has Russian immigrant grandparents. He is anti immigration though","","","","824409462081548289","https://twitter.com/Noren4Congress/status/824409462081548289"
"LegiScanPA","2017-01-25 23:37","0","0","SB174 [NEW] In assault, providing for the offense of drug delivery resulting in serious bodily injury; and, in se... http://bitly.com/VLoKep","","","","824400830803701760","https://twitter.com/LegiScanPA/status/824400830803701760"
"BDogBrewWorks","2017-01-25 21:42","0","0","#MAGA one beer (and brick in the wall) at a time! - Drinking a Nugget Nectar (2017) @Warwick Hotel - http://untp.beer/s/c409833891 #photo","","@Warwick","#MAGA #photo","824371784703164429","https://twitter.com/BDogBrewWorks/status/824371784703164429"
"LegiScanPA","2017-01-25 21:36","0","0","SB185 [NEW] In criminal history record information, further providing for general regulations; and, in child prot... http://bitly.com/VL8JW3","","","","824370377262563331","https://twitter.com/LegiScanPA/status/824370377262563331"
"LegiScanPA","2017-01-24 20:36","0","0","HB206 [NEW] In child protective services, providing for study to determine drug abuse by parents within resource ... http://bitly.com/XKHqtk","","","","823992964137578500","https://twitter.com/LegiScanPA/status/823992964137578500"
"LegiScanPA","2017-01-23 22:46","0","0","HB191 [NEW] In criminal history record information, further providing for expungement. http://bitly.com/YwmyGG","","","","823663345106612224","https://twitter.com/LegiScanPA/status/823663345106612224"
"LegiScanPA","2017-01-23 21:26","0","0","HB190 [NEW] Establishing the Prescription Drug Program within the Department of Human Services. http://bitly.com/VQ0fNp","","","","823643033979748357","https://twitter.com/LegiScanPA/status/823643033979748357"
"samanthanichols","2017-01-23 21:15","0","0","I'm at NY/PA Border in Sayre, PA https://www.swarmapp.com/c/9wWAGB6u8TJ","","","","823640258160029696","https://twitter.com/samanthanichols/status/823640258160029696"
"IUPCampusRec","2017-01-23 21:00","1","0","Here is the Spring 2017 #IUPintramurals Schedule! Will you earn a spot on the Wall of Champions? #IUPpic.twitter.com/l6q7E7Ok1W","","","#IUPintramurals #IUPpic","823636603780403200","https://twitter.com/IUPCampusRec/status/823636603780403200"
"ANewDayVegan","2017-01-23 01:07","0","0","Probably the easiest to dinner ever! Gnocchis with whole_in_the_wall Spinach Pesto! So https://www.instagram.com/p/BPln6juAQcU/","","","","823336414477684736","https://twitter.com/ANewDayVegan/status/823336414477684736"
"museofbooze","2017-01-22 17:55","0","0","Excellent. - Drinking a Gang Aft Agley 2017 by @slyfoxbeer at @slyfoxbeer  http://untp.beer/s/c409076020","","@slyfoxbeer @slyfoxbeer","","823227714006093824","https://twitter.com/museofbooze/status/823227714006093824"
"kate_albaneseee","2017-01-22 03:41","0","0","new year, same wall @DeSales University https://www.instagram.com/p/BPjUtEwA-jF/","","@DeSales","","823012691900039168","https://twitter.com/kate_albaneseee/status/823012691900039168"
"jccam96","2017-01-21 21:54","0","0","Good flavor but just a little flat Damn - Drinking a Happy Trail IPA by @mbcpub @The Wall  http://untp.beer/s/c408618869 #photo","","@mbcpub @The","#photo","822925454264909825","https://twitter.com/jccam96/status/822925454264909825"
"KatieTrainer222","2017-01-21 20:41","0","0","#makeamericakindagain I tried to start a 'make America love again' cheer and then looked over to https://www.instagram.com/p/BPiklIdg-v6/","","","#makeamericakindagain","822906866007150592","https://twitter.com/KatieTrainer222/status/822906866007150592"
"A_RaeRay","2017-01-21 20:08","0","0","Just riding around on this nice day in a 1986 Jaguar Xj6 #jaguar #classic @Gang Mills, New York https://www.instagram.com/p/BPig19kANFI/","","@Gang","#jaguar #classic","822898648061186049","https://twitter.com/A_RaeRay/status/822898648061186049"
"michaelrosa1979","2017-01-21 16:44","0","0","Getting gas the day after Trump takes office. Heading to the border. #Canada @Costco https://www.instagram.com/p/BPiJdtTDfT6/","","@Costco","#Canada","822847239957708801","https://twitter.com/michaelrosa1979/status/822847239957708801"
"LostLenore1219","2017-01-21 02:31","0","0","Hey Gram, got your rings. #turquoise courtesy of your bro when he visited Mexico, and that https://www.instagram.com/p/BPgn5MrgQvm/","","","#turquoise","822632679967440904","https://twitter.com/LostLenore1219/status/822632679967440904"
"litch315","2017-01-20 05:44","0","0","Ready to fuck shit up with my boys this summer #gang #tailgate https://www.instagram.com/p/BPeZJRHl-suU51A9x6KNegBNXEojrGGMPNtGI80/ ","","","#gang #tailgate","822318779023527936","https://twitter.com/litch315/status/822318779023527936"
