"username","date","retweets","favorites","text","geo","mentions","hashtags","id","permalink"
"maryannswood","2017-04-19 22:00","0","0","Takeout! (@Real Mexico in Columbia, SC) https://www.swarmapp.com/c/khUqMk6JTli","","@Real","","854817074065133569","https://twitter.com/maryannswood/status/854817074065133569"
"chsfoodwriter","2017-04-19 18:19","0","0","Today while working on a special project downtown, I came across this beautiful wall mounted https://www.instagram.com/p/BTE6S0_hBG0/","","","","854761288987099137","https://twitter.com/chsfoodwriter/status/854761288987099137"
"SCHomeTeam","2017-04-19 16:43","0","0","See a virtual tour of my listing on 872 Wall St #Iva #SC #realestate http://www.upstateschometours.cdanjoyner.com/home/XUUSVF pic.twitter.com/NEXR55W1sk","","","#Iva #SC #realestate","854737272888938496","https://twitter.com/SCHomeTeam/status/854737272888938496"
"richarthr","2017-04-19 15:39","0","0","Just wanted to take a moment to introduce you to the wall outlet on https://www.instagram.com/p/BTEoAeahqsFangZkT-ypWNuaBRK2WEMIXefebI0/ ","","","","854721075002753025","https://twitter.com/richarthr/status/854721075002753025"
"rpsigns","2017-04-18 23:55","0","0","Wall wraps and ceiling signs for brandalliance in their Charlotte office! We have provided https://www.instagram.com/p/BTC7-Keg8yD/","","","","854483501768421379","https://twitter.com/rpsigns/status/854483501768421379"
"Pwooing","2017-04-18 22:04","0","0","I'm at Real Mexico in Columbia, SC https://www.swarmapp.com/c/1HyitTX6Zxn","","","","854455631432089600","https://twitter.com/Pwooing/status/854455631432089600"
"djmiketech","2017-04-18 02:10","0","0","THX GIRLFRIEND I HOPE YOURE FEELING WELL @South Of The Border South Carolina https://www.instagram.com/p/BTAmprHAJmE/","","@South","","854155141116817408","https://twitter.com/djmiketech/status/854155141116817408"
"KirbyTrevor","2017-04-17 19:33","0","0","The bonus round gang! #36aday @TPC Myrtle Beach https://www.instagram.com/p/BS_5QLNhhC5/","","@TPC","#36aday","854055314370437121","https://twitter.com/KirbyTrevor/status/854055314370437121"
"rabrab2525","2017-04-17 15:46","0","0","Tearing out this wall to open up the kitchen in to the living room going to put in a hidden https://www.instagram.com/p/BS_fScmjiKA/","","","","853998219298308096","https://twitter.com/rabrab2525/status/853998219298308096"
"TheBrockbank","2017-04-16 04:30","0","1","Goodnight, please enjoy my spooky bathroom candle illuminating the brick wall behind it. https://www.instagram.com/p/BS7tC3jgHcE/","","","","853465521349693441","https://twitter.com/TheBrockbank/status/853465521349693441"
"_cdg304","2017-04-15 23:36","0","0","""Crashing hit a wall right now i need a miracle"" -Chainesmokers @North Charleston Coliseum https://www.instagram.com/p/BS7LYxBglcY/","","@North","","853391500767612930","https://twitter.com/_cdg304/status/853391500767612930"
"jennydalton28","2017-04-15 01:59","0","1","The gang @Wet Willie's Columbia, SC https://www.instagram.com/p/BS42-6FDnN6/","","@Wet","","853065170704379904","https://twitter.com/jennydalton28/status/853065170704379904"
"pwarrenbrown","2017-04-13 20:44","0","0","Just posted a photo @Georgia/South Carolina Border https://www.instagram.com/p/BS1uH0DlwFq/","","@Georgia","","852623465635082241","https://twitter.com/pwarrenbrown/status/852623465635082241"
"lorimland","2017-04-13 15:00","0","1","hunterland24 with a big hit yesterday in our game against Palmetto. This one hit the wall! @ https://www.instagram.com/p/BS1GvYflr-o/","","@","","852536897142484993","https://twitter.com/lorimland/status/852536897142484993"
"SCHomeTeam","2017-04-12 19:07","0","0","I am looking for a buyer on 872 Wall St #Iva #SC #realestate http://www.upstateschometours.cdanjoyner.com/home/XUUSVF pic.twitter.com/e1BoGI5a2r","","","#Iva #SC #realestate","852236778681520128","https://twitter.com/SCHomeTeam/status/852236778681520128"
"SCHomeTeam","2017-04-11 21:27","0","0","I am looking for a buyer on 872 Wall St #Iva #SC #realestate http://www.upstateschometours.cdanjoyner.com/home/XUUSVF pic.twitter.com/v2D0b9hgNF","","","#Iva #SC #realestate","851909535371476996","https://twitter.com/SCHomeTeam/status/851909535371476996"
"jcrankinx13","2017-04-10 00:56","0","1","Sports banquet with the Gang Gang!! Love you guys! #GoKoalas @ https://www.instagram.com/p/BSr3zdpDG8nL6AimQE6g8sTs1O9Do0NZ6V18eQ0/ ","","@","#GoKoalas","851237376701603840","https://twitter.com/jcrankinx13/status/851237376701603840"
"vincejohnson","2017-04-09 17:24","0","0","From the champions wall in #themasters press building. These 2 in the Sunday hunt to wear green https://www.instagram.com/p/BSrEDEfF49u/","","","#themasters","851123574291259394","https://twitter.com/vincejohnson/status/851123574291259394"
"morgan_ames_","2017-04-09 16:45","0","0","if u ever need us on a sunday, we'll be by this same brick wall :) @ https://www.instagram.com/p/BSq_rUcDLLIxjk3z8PBFkVJSa4uvsROLzt0Xqs0/ ","","@","","851113954524966913","https://twitter.com/morgan_ames_/status/851113954524966913"
"1TootieP","2017-04-09 01:09","0","0","Livin fuckin life New music on the way #moneyman #survival #gang #hiphop #blog #doingwell @ https://www.instagram.com/p/BSpUezngQKU/","","@","#moneyman #survival #gang #hiphop #blog #doingwell","850878224796188672","https://twitter.com/1TootieP/status/850878224796188672"
"Bgarten23","2017-04-08 23:54","0","0","Just posted a photo @South Of The Border South Carolina https://www.instagram.com/p/BSpL8O6AoycMlf5vXeYq-pKEx4nYsxRpWMeCG40/ ","","@South","","850859444971950080","https://twitter.com/Bgarten23/status/850859444971950080"
"BullFitness","2017-04-08 11:09","0","1","Good to be back! Time for some box jumps and wall balls! #getbullfit #bullfitness #vwod #wod https://www.instagram.com/p/BSn0XWQjyey/","","","#getbullfit #bullfitness #vwod #wod","850666864258822144","https://twitter.com/BullFitness/status/850666864258822144"
"LegiScanSC","2017-04-07 18:36","0","0","S0179 [Engross] Drug or Alcohol-Related Overdose Medical Treatment http://bitly.com/UzTfzX","","","","850417046722621440","https://twitter.com/LegiScanSC/status/850417046722621440"
"BrettGorney","2017-04-07 13:48","0","2","Great running into majoredpulido and his gang from @foldsofhonor at the @mobilegolfevent https://www.instagram.com/p/BSlhuo6AGI_/","","@foldsofhonor @mobilegolfevent","","850344409845641216","https://twitter.com/BrettGorney/status/850344409845641216"
"PlayfulPrinces3","2017-04-07 04:21","0","0","Mmmmmm... Nothin like.. A taco.. And nachos.. From South of the. Border... For a late nite snack. Lol pic.twitter.com/N1TCHevpg8","","","","850201814615982087","https://twitter.com/PlayfulPrinces3/status/850201814615982087"
"hairpin61","2017-04-06 19:14","0","0","That's a LONG wall- and I get to fill it, along with at least 5 more impressive stretches of https://www.instagram.com/p/BSjiS5jBW0z/","","","","850064181915115520","https://twitter.com/hairpin61/status/850064181915115520"
"SamG528","2017-04-06 19:11","0","0","Yall know the name of that Rich Gang song they be playing on the radio ???","","","","850063323873804288","https://twitter.com/SamG528/status/850063323873804288"
"TheBrockbank","2017-04-06 01:17","0","0","I love this overgrown garden beyond their stone wall #charleston #garden #secretgarden https://www.instagram.com/p/BShnCS8AYkK/","","","#charleston #garden #secretgarden","849793128005611521","https://twitter.com/TheBrockbank/status/849793128005611521"
"MsJudyYu","2017-04-05 20:40","0","0","#skirtathon2017 Day 3: Mirror mirror on the wall... what's the fairest crumple it in a ball and https://www.instagram.com/p/BShHWYNFbmX/","","","#skirtathon2017","849723465141817344","https://twitter.com/MsJudyYu/status/849723465141817344"
"LegiScanSC","2017-04-05 19:56","0","0","H3824 [Engross] Prescription drug monitoring program http://bitly.com/ZRoGYo","","","","849712364819804160","https://twitter.com/LegiScanSC/status/849712364819804160"
"LegiScanSC","2017-04-05 19:26","0","0","H3968 [Engross] Prior criminal conviction effects http://bitly.com/YwaYu7","","","","849704800061186048","https://twitter.com/LegiScanSC/status/849704800061186048"
"LegiScanSC","2017-04-05 02:06","2","0","H3041 [Engross] Criminal background check requirements of Real Estate Commission http://bitly.com/131npBQ","","","","849443071079198721","https://twitter.com/LegiScanSC/status/849443071079198721"
"LegiScanSC","2017-04-04 20:06","0","0","H3438 [Enroll] Drug substitutions http://bitly.com/YgaCZt","","","","849352516265553920","https://twitter.com/LegiScanSC/status/849352516265553920"
"t1951","2017-04-04 03:46","0","0","Final from Glendale Arizona in an uneven basketball game: Goats (UNC) 71 zags 65. Coach Williams gang closed on a 9-2 run !","","","","849105748231671808","https://twitter.com/t1951/status/849105748231671808"
"nicoleimiller","2017-04-04 03:30","0","0","Crusty............................................ #museum #wall #brick #brickwall #layers https://www.instagram.com/p/BScsn-zjfg5/","","","#museum #wall #brick #brickwall #layers","849101733762650112","https://twitter.com/nicoleimiller/status/849101733762650112"
"spotternetwork","2017-04-03 20:11","0","0","Spotr 3 miles WNW of BLACKVILLE, SC @20:10 UTC Not Rotating Wall Cloud>-Just passed over us 3 west of blackville","","@20","","848991449337212930","https://twitter.com/spotternetwork/status/848991449337212930"
"csatcofc","2017-04-03 14:52","0","0","Revamping the first floor collaborative research space! New visualization wall is up! @College https://www.instagram.com/p/BSbV-OThMII/","","@College","","848911180798214144","https://twitter.com/csatcofc/status/848911180798214144"
"BarbaraBlue","2017-04-03 12:40","0","0","Elaine convinced Sam to order the ""Tour of Mexico"" at #lahacienda ! We started laughing because https://www.instagram.com/p/BSbG0NZgZyz/","","","#lahacienda","848877852363829248","https://twitter.com/BarbaraBlue/status/848877852363829248"
"RolandoPujol","2017-04-02 21:40","2","2","Pedro towers over South of the Border, the wonderfully kitschy roadside attraction along I-95, https://www.instagram.com/p/BSZf0P1gfhO/","","","","848651353765408769","https://twitter.com/RolandoPujol/status/848651353765408769"
"_SANDMANE_","2017-04-02 21:00","0","1","With @NoReups gang shit #ganggang @Tega Cay, South Carolina https://www.instagram.com/p/BSZbM4JANqs/","","@NoReups @Tega","#ganggang","848641203323236353","https://twitter.com/_SANDMANE_/status/848641203323236353"
"LegiScanSC","2017-04-02 06:56","0","0","H4031 [NEW] Provide For Administrative, Civil, And Criminal Immunity For Physicians Who Report Domestic Violence ... http://bitly.com/ZlRhZU","","","","848428796294434816","https://twitter.com/LegiScanSC/status/848428796294434816"
"kayyystrizzle","2017-03-31 21:16","1","1","Signing the wall. Cooper River Bridge Run 2017, let's do this. @ https://www.instagram.com/p/BSUTb5fF6e0m_xU4c4uI-_JhsDaARYSyX7bEIc0/ ","","@","","847920450814574593","https://twitter.com/kayyystrizzle/status/847920450814574593"
"BusinessManJB","2017-03-31 19:40","0","0","""Prepare for war in the time of peace.."" Jabari Shaffer Head Coach: 16u Team Wall https://www.instagram.com/p/BSUIh1UlIYT/","","","","847896463925530626","https://twitter.com/BusinessManJB/status/847896463925530626"
"JaiStarr2","2017-03-31 13:56","0","0","Drug Test @Hope Clinic https://www.instagram.com/p/BSThKumAPjwzgM53UJJSMCPQum-YKx4-ZixqBA0/ ","","@Hope","","847809898125688832","https://twitter.com/JaiStarr2/status/847809898125688832"
"spotternetwork","2017-03-30 23:45","0","0","Spotr 2 miles SSE of SIMPSONVILLE, SC @23:44 UTC Rotating Wall Cloud>-Wall cloud to my north Rotating. Head east north east.","","@23","","847595636786593793","https://twitter.com/spotternetwork/status/847595636786593793"
"flowboy78","2017-03-30 23:44","0","0","#goodnightyall @Georgia/South Carolina Border https://www.instagram.com/p/BSR_oNTl7WG/","","@Georgia","#goodnightyall","847595412936642560","https://twitter.com/flowboy78/status/847595412936642560"
"theashoxford","2017-03-30 00:28","0","0","Fun night with this gang! @Palmetto Flats Restaurant & Tavern https://www.instagram.com/p/BSPf7cDAaqO/","","@Palmetto","","847244229038358528","https://twitter.com/theashoxford/status/847244229038358528"
"bizzobeatz","2017-03-29 21:51","1","0","Friday April 7th me and the gang at Hot 95.5/93.1FM will be invading the Augusta Common. https://www.instagram.com/p/BSPN40TDvYt/","","","","847204555381202944","https://twitter.com/bizzobeatz/status/847204555381202944"
"NutrishopClt","2017-03-29 14:04","0","0","Border Clash winners jamesadams704 , nutrishop Gastonia manager, and @sinfullyfit7 , nutrishop https://www.instagram.com/p/BSOYaWAhNoe/","","@sinfullyfit7","","847086963005972480","https://twitter.com/NutrishopClt/status/847086963005972480"
"CarlaRenea","2017-03-28 21:27","0","0","Porky' s truck stop/ South of the border: Dillon, South Carolina @Porky's Truck Stop https://www.instagram.com/p/BSMmWCPlxQD/","","@Porky","","846836127411638272","https://twitter.com/CarlaRenea/status/846836127411638272"
"SonoFuturista","2017-03-28 21:25","0","1","#cerulean wall in the #diningroom in the #nathanielrussellhouse #perfection #idie #lifegoals @ https://www.instagram.com/p/BSMmLTelEqB/","","@","#cerulean #diningroom #nathanielrussellhouse #perfection #idie #lifegoals","846835755024633856","https://twitter.com/SonoFuturista/status/846835755024633856"
"SCHomeTeam","2017-03-28 19:39","0","0","I would love to show you my #listing at 872 Wall St #Iva #SC #realestate http://www.upstateschometours.cdanjoyner.com/home/XUUSVF pic.twitter.com/VnT1DaOyj7","","","#listing #Iva #SC #realestate","846808916168093696","https://twitter.com/SCHomeTeam/status/846808916168093696"
"childrenschance","2017-03-27 21:06","0","1","How awesome is it that we made the modpizza wall? This was the first Grand opening in https://www.instagram.com/p/BSJ_K3wABjV/","","","","846468499165921281","https://twitter.com/childrenschance/status/846468499165921281"
"SamG528","2017-03-27 03:02","0","0","The Badlands is surrounded by a giant wall. #ColorMeBadlands #IntoTheBadlands","","","#ColorMeBadlands #IntoTheBadlands","846195638735982592","https://twitter.com/SamG528/status/846195638735982592"
"adam_brown42","2017-03-26 22:20","0","0","Gang gang #prom2k17 @The Corry House https://www.instagram.com/p/BSHi1W8BEV5/","","@The","#prom2k17","846124717014630400","https://twitter.com/adam_brown42/status/846124717014630400"
"moosc","2017-03-26 19:12","0","0","I'm at North Carolina / South Carolina Border in SC https://www.swarmapp.com/c/f4E1AKsRlw2","","","","846077339830272003","https://twitter.com/moosc/status/846077339830272003"
"_EmileeMichelle","2017-03-26 18:51","0","1","We're making sure the wall doesn't move @Wingate University https://www.instagram.com/p/BSHK-dwgyL0OGyNhjd3YxhOW6NQ8mjSD3kepXo0/ ","","@Wingate","","846072251816558593","https://twitter.com/_EmileeMichelle/status/846072251816558593"
"peoplemechanic","2017-03-26 16:32","5","10","As a physician, the idea that my country would consider building a #wall, and not have #UniversalHealthCare is a serious embarrassment.","","","#wall #UniversalHealthCare","846037213305548801","https://twitter.com/peoplemechanic/status/846037213305548801"
"blaine_gretzky","2017-03-26 13:55","0","0","@covi_marsh mr_debonair86 Wall and them going to be a problem in the https://www.instagram.com/p/BSGpEotBRTRpQB735QKAXR6h9GmTnTrIzyFx4w0/ ","","@covi_marsh","","845997694652841985","https://twitter.com/blaine_gretzky/status/845997694652841985"
"8harpsInfo","2017-03-26 13:37","0","0","@FoxNews @Reince45 Has anyone drug tested Reince. The president has shown nothing but a far far right agenda. 8harps .com","","@FoxNews @Reince45","","845993191803240448","https://twitter.com/8harpsInfo/status/845993191803240448"
"BFitConsulting1","2017-03-26 00:06","0","0","I Love my team...Everyone near & far. NPC Border Klash 2017. Great adventures when you... Get https://www.instagram.com/p/BSFKJtMgJWh/","","","","845788988086607872","https://twitter.com/BFitConsulting1/status/845788988086607872"
"BFitConsulting1","2017-03-25 23:12","0","1","ROAD TRIP!!! B Fit AllStars Cheering squad heading to the NPC Border Klash 2017. Great https://www.instagram.com/p/BSFEANQgysx/","","","","845775440929345536","https://twitter.com/BFitConsulting1/status/845775440929345536"
"JamaicanHoney","2017-03-25 17:05","0","0","girl I crossed South Carolina border","","","","845683025946005504","https://twitter.com/JamaicanHoney/status/845683025946005504"
"TriDevil_DK","2017-03-25 15:50","0","0","Today's long run was one big wall. Couldn't get my head into it and didn't feel my best. https://www.instagram.com/p/BSERXboFEuB/","","","","845664120905125888","https://twitter.com/TriDevil_DK/status/845664120905125888"
"boknowsfitness","2017-03-25 13:32","0","0","Border Klash! Good luck to all the competitors! #bodybuilding #fitness (@USCA Convocation Center) https://www.swarmapp.com/c/leOM1xFlZd5","","@USCA","#bodybuilding #fitness","845629468576231424","https://twitter.com/boknowsfitness/status/845629468576231424"
"djmiketech","2017-03-25 05:50","0","0","My new year @South Of The Border South Carolina https://www.instagram.com/p/BSDMzDEgMPM/","","@South","","845513304126705665","https://twitter.com/djmiketech/status/845513304126705665"
"totaltrafficclt","2017-03-24 21:45","0","0","Serious accident in #LakeWylieArea on SC-49 Outbound west of SC--NC State Border #traffic http://bit.ly/12qKnl0","","","#LakeWylieArea #traffic","845391158100537345","https://twitter.com/totaltrafficclt/status/845391158100537345"
"totaltrafficclt","2017-03-24 21:04","0","0","Accident in #LakeWylieArea on SC-49 Outbound west of SC--NC State Border #traffic http://bit.ly/12qKnl0","","","#LakeWylieArea #traffic","845380862669705217","https://twitter.com/totaltrafficclt/status/845380862669705217"
"moosc","2017-03-24 14:51","0","0","I'm at North & South Carolina Border on 220 in Diggs, SC https://www.swarmapp.com/c/8KHLqZgWlaC","","","","845286941092429824","https://twitter.com/moosc/status/845286941092429824"
"ksmg","2017-03-23 19:21","0","0","Happy Puppy Day! Im heading for Woof Gang Bakery King Street @wgbcharleston to get this bad boy a treat. pic.twitter.com/CCOiS3cEQC","","@wgbcharleston","","844992640349327360","https://twitter.com/ksmg/status/844992640349327360"
"DavidRBizousky","2017-03-23 17:49","0","0","What does everyone think about the wall paper? @Charleston, South Carolina https://www.instagram.com/p/BR_VYztB8ts/","","@Charleston","","844969245897252864","https://twitter.com/DavidRBizousky/status/844969245897252864"
"tomriversii","2017-03-22 22:44","0","0","Hugo and Pedro @South Of The Border South Carolina https://www.instagram.com/p/BR9SXNkAFLq/","","@South","","844681117399748608","https://twitter.com/tomriversii/status/844681117399748608"
"SCHomeTeam","2017-03-21 15:06","0","0","I am looking for a buyer on 872 Wall St #Iva #SC #realestate http://www.upstateschometours.cdanjoyner.com/home/XUUSVF pic.twitter.com/4P7f4Q2VZJ","","","#Iva #SC #realestate","844203509788553216","https://twitter.com/SCHomeTeam/status/844203509788553216"
"GeneTreyFord","2017-03-21 12:54","0","0","Are you a window or a wall? #insideelevation #day2 #leadership #ministry #jesus #myalivechurch https://www.instagram.com/p/BR5qF_Mg96u/","","","#insideelevation #day2 #leadership #ministry #jesus #myalivechurch","844170354163662849","https://twitter.com/GeneTreyFord/status/844170354163662849"
"PrettyDuQuesne","2017-03-21 12:06","0","0","Gang or Starve http://StarCavalli.com #juicegod #starcavalli #hollywoodmob #hollywoodgang #StaRnB https://www.instagram.com/p/BR5kjsBAPS6/","","","#juicegod #starcavalli #hollywoodmob #hollywoodgang #StaRnB","844158178170486784","https://twitter.com/PrettyDuQuesne/status/844158178170486784"
"CheGardiner","2017-03-21 00:14","0","0","Thank you to justanotherhitw as always @Hole In The Wall Tattoo https://www.instagram.com/p/BR4TIXXlj8X/","","@Hole","","843979136205053952","https://twitter.com/CheGardiner/status/843979136205053952"
"ATTLowcountry","2017-03-20 03:09","0","0","@alexisjiujitsu heading to ATT Lowcountry to get some work in with the gang. Alexis will be https://www.instagram.com/p/BR2CUWkhiT1/","","@alexisjiujitsu","","843660674303635456","https://twitter.com/ATTLowcountry/status/843660674303635456"
"Isse_ss","2017-03-20 02:07","0","1","Love after war love... and food for the soul #latinostakeover #mexico #colombia https://www.instagram.com/p/BR17NghlMbF/","","","#latinostakeover #mexico #colombia","843645064769421314","https://twitter.com/Isse_ss/status/843645064769421314"
"mmadkins1","2017-03-19 15:04","0","0","Just posted a photo @Georgia/South Carolina Border https://www.instagram.com/p/BR0vbY4D0FM/","","@Georgia","","843478396743176202","https://twitter.com/mmadkins1/status/843478396743176202"
"MISTERNettles","2017-03-18 20:37","0","0","I'm at Hola Mexico in Columbia, SC https://www.swarmapp.com/c/hNgkyrH0otL","","","","843199669618577409","https://twitter.com/MISTERNettles/status/843199669618577409"
"JoseGuapo","2017-03-18 15:55","0","1","GANG GANG I LIVE FOR THIS SHIT !! #Blessed #Xvloe #lllm #freecapo @Columbia , South Carolina https://www.instagram.com/p/BRyP7AxjPF-/","","@Columbia","#Blessed #Xvloe #lllm #freecapo","843128714741321728","https://twitter.com/JoseGuapo/status/843128714741321728"
"TDoucett3","2017-03-17 22:36","0","0","2 cups.. toast up with the gang @Columbia , South Carolina https://www.instagram.com/p/BRwZdyPBGwKJ6QBdyWNEOtXbxFINxEeMY8PCTQ0/ ","","@Columbia","","842867150960316416","https://twitter.com/TDoucett3/status/842867150960316416"
"MRrjrjr","2017-03-17 20:46","0","0","Casey's official visit to College of Charleston (2 down 3 to go)..... then Dad being drug down https://www.instagram.com/p/BRwM7DQB8Gg/","","","","842839570353872896","https://twitter.com/MRrjrjr/status/842839570353872896"
"carlyfortunato","2017-03-17 03:17","0","0","Road trip sights @South Of The Border South Carolina https://www.instagram.com/p/BRuU2CQlZFb/","","@South","","842575521099776000","https://twitter.com/carlyfortunato/status/842575521099776000"
"BeerChron","2017-03-17 01:37","0","0","It's a nice DIPA. Just nothing making me say wow. I was hoping for more... (Gang of Blades) http://untp.beer/s/c428739516 #photo","","","#photo","842550331540213764","https://twitter.com/BeerChron/status/842550331540213764"
"dondrennon","2017-03-16 23:30","0","1","Upside: When we run Trump and his gang out of town maybe Mulvaney will just stay there. SC-5 deserves better.","","","","842518357912027136","https://twitter.com/dondrennon/status/842518357912027136"
"SuperNatlLady","2017-03-16 19:57","0","0","Yup, I streamed it at work on the big screen... Wall Street can https://www.instagram.com/p/BRtieb1hScXVYUvk0s7zV_feJM0-_0OzJ2ZZlc0/ ","","","","842464748247502848","https://twitter.com/SuperNatlLady/status/842464748247502848"
"TotallyToni","2017-03-16 18:50","0","1","I'm loving my SC SAHMA gang!!! Check out their fundraiser- a money cake! (at @columbiasc) https://www.swarmapp.com/c/8oBzO9NxKgV pic.twitter.com/WePOuX3nrk","","@columbiasc","","842447997321506817","https://twitter.com/TotallyToni/status/842447997321506817"
"DawdyImagery","2017-03-16 00:36","0","0","Only $242 for this gorgeous new wall decor! Order through my website under the 'Art for Sale' https://www.instagram.com/p/BRrdtXiAwiS/","","","","842172792510521344","https://twitter.com/DawdyImagery/status/842172792510521344"
"LegiScanSC","2017-03-15 15:26","0","0","H3968 [NEW] Include Certain Prior Criminal Convictions Or Pleas To Criminal Conduct; And To Provide That The Prov... http://bitly.com/YwaYu7","","","","842034239839318017","https://twitter.com/LegiScanSC/status/842034239839318017"
"Dustyn777","2017-03-15 04:11","0","1","Oooh lookie what we found!!! One big huge selfie wall now if only i can fix my chicken https://www.instagram.com/p/BRpRbRSAwi7/","","","","841864309059772416","https://twitter.com/Dustyn777/status/841864309059772416"
"SCHomeTeam","2017-03-14 14:54","0","0","I would love to show you my #listing at 872 Wall St #Iva #SC #realestate http://www.upstateschometours.cdanjoyner.com/home/XUUSVF pic.twitter.com/b64IbcIgNR","","","#listing #Iva #SC #realestate","841663756895629313","https://twitter.com/SCHomeTeam/status/841663756895629313"
"TJHudak","2017-03-14 12:05","0","3","#LeadershipColumbia Criminal Justice Day. #bestclassever #LC17 (@Dentsville Magistrate in Columbia, SC)https://www.swarmapp.com/c/bU0njHz1BcF","","@Dentsville","#LeadershipColumbia #bestclassever #LC17","841621278461177857","https://twitter.com/TJHudak/status/841621278461177857"
"dking88","2017-03-14 00:27","0","0","I don't get how the fed ex team stood there and let the 22 crew gang up on Kyle, at least try to get him out of there. https://twitter.com/vincewelch/status/841432984557248513 ","","","","841445554316009472","https://twitter.com/dking88/status/841445554316009472"
"ImTasha_ImTrini","2017-03-13 17:22","0","0","Had nothing but a banana and water for breakfast...went to my appt at the immigration office then hungry grocery shopping. Spent $185","","","","841338751125213184","https://twitter.com/ImTasha_ImTrini/status/841338751125213184"
"8harpsInfo","2017-03-11 22:16","0","0","By year 4 Trump will be sending troops to Mexico to kidnap workers. Sad.","","","","840687987155382276","https://twitter.com/8harpsInfo/status/840687987155382276"
"RicardoBach","2017-03-11 20:50","0","0","County museum. 1950's drug store @Aiken, South Carolina https://www.instagram.com/p/BRgwqymh2fy/","","@Aiken","","840666375156781056","https://twitter.com/RicardoBach/status/840666375156781056"
"haybee18","2017-03-11 19:15","0","1","Forever part of the hood rat penitent gang. some things never https://www.instagram.com/p/BRglxXThwTRAICdSYez-MnCXGwuVOIrFyTw8uw0/ ","","","","840642413014138880","https://twitter.com/haybee18/status/840642413014138880"
"totaltrafficclt","2017-03-10 22:46","0","0","Accident in #LakeWylieArea on SC-49 WB after SC--NC State Border #traffic http://bit.ly/12qKnl0","","","#LakeWylieArea #traffic","840333179747749888","https://twitter.com/totaltrafficclt/status/840333179747749888"
"SCHomeTeam","2017-03-07 15:10","0","0","See a virtual tour of my listing on 872 Wall St #Iva #SC #realestate http://www.upstateschometours.cdanjoyner.com/home/XUUSVF pic.twitter.com/We20F7Rv4j","","","#Iva #SC #realestate","839131102329524226","https://twitter.com/SCHomeTeam/status/839131102329524226"
"GICENTP","2017-03-07 06:42","0","0","Loved this restaurant mural painted on the wall across from #PoogansPorch restaurant after https://www.instagram.com/p/BRU8cjVDqZc/","","","#PoogansPorch","839003422502301696","https://twitter.com/GICENTP/status/839003422502301696"
"ericprice13","2017-03-07 03:28","0","0","A wall of falling water #Water #Waterfall #Fountain #Greenville #GreenvilleSC #SC https://www.instagram.com/p/BRUmOU6D1My/","","","#Water #Waterfall #Fountain #Greenville #GreenvilleSC #SC","838954557279465473","https://twitter.com/ericprice13/status/838954557279465473"
"McClureSports","2017-03-07 02:43","0","0","@ondeckacademy 10/11U gang doesn't quite understand ""squeeze"" #Wheredoyoutrain @On Deck Academy https://www.instagram.com/p/BRUhCp3Djed/","","@ondeckacademy @On","#Wheredoyoutrain","838943159715565569","https://twitter.com/McClureSports/status/838943159715565569"
"aha_laya","2017-03-06 01:24","0","0","I'm slaughter gang bitch and I'm s/o to my best friend, https://www.instagram.com/p/BRRzPellclKzTOwznyMThi7l-rN30eoUzTephk0/ ","","","","838560973858484228","https://twitter.com/aha_laya/status/838560973858484228"
"kellyturkcooke","2017-03-05 16:45","0","0","Elle asked me to take her to Little Mexico to eat lunch where they https://www.instagram.com/p/BRQ3zWKDnbGBZPkA7Aaea5oLXYe-r-FPQbo6n40/ ","","","","838430263302574085","https://twitter.com/kellyturkcooke/status/838430263302574085"
"jenniferrae1218","2017-03-04 12:23","0","0","Morning sun shining onto my bedroom wall #livethelittlethings #yeahthatjoe #morningcoffee https://www.instagram.com/p/BRN1E7Qh3y4/","","","#livethelittlethings #yeahthatjoe #morningcoffee","838002055671238658","https://twitter.com/jenniferrae1218/status/838002055671238658"
"MISTERNettles","2017-03-04 02:18","0","0","I'm at Hola Mexico in Columbia, SC https://www.swarmapp.com/c/aTBU8pfZYJ8","","","","837849688523038720","https://twitter.com/MISTERNettles/status/837849688523038720"
"thebriwords","2017-03-04 00:00","0","1","Love this #lularoeamelia and #lularoejoy combo!! Wall of color with a pop of color!! https://www.instagram.com/p/BRMgC1njYkV/","","","#lularoeamelia #lularoejoy","837815070835032065","https://twitter.com/thebriwords/status/837815070835032065"
"jaykayt","2017-03-03 18:10","0","2","ft. my bath and body works wall plug-in @Columbia , South Carolina https://www.instagram.com/p/BRL356iBp9HUmHnRtznmPNl6n6nRdU12Tty5ZY0/ ","","@Columbia","","837726800000110592","https://twitter.com/jaykayt/status/837726800000110592"
"spotternetwork","2017-03-02 00:03","2","0","Spotr 4 miles NW of WATERLOO, SC @00:02 UTC Not Rotating Wall Cloud>-Wall cloud to my north. Heading east. Can't tell if it is rotating.","","@00","","837090883640119296","https://twitter.com/spotternetwork/status/837090883640119296"
"ecruzz20","2017-03-01 23:56","0","1","They gang, we gang, but they are not the same... #Savages #DBs @ https://www.instagram.com/p/BRHWAB1ASZ7HU7JcsNW0XbLmFDGhzskAbFmWjk0/ ","","@","#Savages #DBs","837089294590349312","https://twitter.com/ecruzz20/status/837089294590349312"
"PrettyDuQuesne","2017-03-01 17:21","0","0","Nice Booty gang @Ballantyne https://www.instagram.com/p/BRGotoNA_I3/","","@Ballantyne","","836989706625757184","https://twitter.com/PrettyDuQuesne/status/836989706625757184"
"hunterbehling","2017-03-01 14:21","0","0","Gang Gang @The Cotton Gin https://www.instagram.com/p/BRGUKOzD9uL/","","@The","","836944528540057601","https://twitter.com/hunterbehling/status/836944528540057601"
"totaltrafficclt","2017-03-01 12:20","1","0","Serious accident in #LakeWylieArea on Charlotte Hwy between SC-557 and SC--NC State Border #traffic http://bit.ly/12qKnl0","","","#LakeWylieArea #traffic","836913939917189126","https://twitter.com/totaltrafficclt/status/836913939917189126"
"totaltrafficclt","2017-03-01 11:49","0","0","Two accidents in #LakeWylieArea on Charlotte Hwy between SC-557 and SC--NC State Border #traffic http://bit.ly/12qKnl0","","","#LakeWylieArea #traffic","836906232170561536","https://twitter.com/totaltrafficclt/status/836906232170561536"
"totaltrafficclt","2017-03-01 11:36","0","0","Car vs deer accident in #LakeWylieArea on Charlotte Hwy between SC-557 and SC--NC State Border #traffic http://bit.ly/12qKnl0","","","#LakeWylieArea #traffic","836903071284359168","https://twitter.com/totaltrafficclt/status/836903071284359168"
"SCHomeTeam","2017-02-28 14:02","0","0","I am looking for a buyer on 872 Wall St #Iva #SC #realestate http://www.upstateschometours.cdanjoyner.com/home/XUUSVF pic.twitter.com/WzlrMU15a5","","","#Iva #SC #realestate","836577235305807872","https://twitter.com/SCHomeTeam/status/836577235305807872"
"thebriwords","2017-02-28 01:48","0","0","What this photo doesn't show is that I scaled a wall from the ground of a jail in heels to get https://www.instagram.com/p/BRCZMxMjSck/","","","","836392640597921793","https://twitter.com/thebriwords/status/836392640597921793"
"JasonWatkins7","2017-02-27 14:29","0","0","NEW DAY THANKFUL!!!! @Mexico, South Carolina https://www.instagram.com/p/BRBLd6UDk_THqCycxId4OUckIaghxKv_B8TtL00/ ","","@Mexico","","836221706368856064","https://twitter.com/JasonWatkins7/status/836221706368856064"
"wugbuc888","2017-02-27 01:29","0","1","Off the Wall @Brickhouse Pizzeria and Grill https://www.instagram.com/p/BQ_yOGxDGtZuOphGJ6-_1PhxXK0JRwnr8wm5kE0/ ","","@Brickhouse","","836025515190407170","https://twitter.com/wugbuc888/status/836025515190407170"
"annatamayo15","2017-02-25 16:41","0","0","We really liked this wall #GameDay #BeatNewberry @Newberry, South https://www.instagram.com/p/BQ8Q9a8ABLaEOt-ns3MVZQQm-WvbzHcefvyZ340/ ","","@Newberry","#GameDay #BeatNewberry","835530094663847936","https://twitter.com/annatamayo15/status/835530094663847936"
"SoldnGreenville","2017-02-24 23:38","0","0","Exactly 4 weeks to the day. Renewed and go till 2027. Mexico here I come. #yeahthatgreenville https://www.instagram.com/p/BQ6b9hLlPA9/","","","#yeahthatgreenville","835272821299429378","https://twitter.com/SoldnGreenville/status/835272821299429378"
"Made2MovePT","2017-02-24 22:27","0","0","Happy Friday! Wall Press: great shoulder warmup or rehab. focus here is on keeping ribs down, https://www.instagram.com/p/BQ6Tys8jzSs/","","","","835254852292907008","https://twitter.com/Made2MovePT/status/835254852292907008"
"EEJUST_CU","2017-02-24 20:00","0","0","CU at the 2017 Ernest E Just Symposium @claflinuniv1869 #stemcareers @MUSC Drug Discovery https://www.instagram.com/p/BQ6DAKgDdBq/","","@claflinuniv1869 @MUSC","#stemcareers","835217930258374656","https://twitter.com/EEJUST_CU/status/835217930258374656"
"FivePointsSC","2017-02-24 18:56","0","0","Make your mark on #StPatsinFivePoints! Be sure to sign the St. Pat's Wall inside the festival. https://www.instagram.com/p/BQ57nkFgLzp/","","","#StPatsinFivePoints","835201689778991104","https://twitter.com/FivePointsSC/status/835201689778991104"
"ShawnZGatlin","2017-02-24 16:22","0","0","Scale a wall?.. ok! @Augusta, Georgia https://www.instagram.com/p/BQ5p_dFhFZK/","","@Augusta","","835162931432038400","https://twitter.com/ShawnZGatlin/status/835162931432038400"
"shoparea57","2017-02-23 21:13","0","0","Looking to do at dope trio in may aka #springbreak let me book ur trip to Mexico... 6 nights https://www.instagram.com/p/BQ3mfqJDUq5/","","","#springbreak","834873763376295938","https://twitter.com/shoparea57/status/834873763376295938"
"LegiScanSC","2017-02-22 23:26","0","0","H3818 [NEW] Provide Limited Immunity From Prosecution For Certain Drug And Alcohol-related Offenses Committed By ... http://bitly.com/ZAshcZ","","","","834544812988760064","https://twitter.com/LegiScanSC/status/834544812988760064"
"LegiScanSC","2017-02-22 22:56","0","0","H3438 [Engross] Drug substitutions http://bitly.com/YgaCZt","","","","834537406892240896","https://twitter.com/LegiScanSC/status/834537406892240896"
"Young34STEVEN","2017-02-22 20:49","0","0","The racecar gain excessive speed due to no restrictor plates and dale put the race car into the wall in turn 2 causing hyperdiisplicatia.","","","","834505409306165249","https://twitter.com/Young34STEVEN/status/834505409306165249"
"ExploreCHS","2017-02-22 17:22","0","6","Happy #NationalMargaritaDay! You dont have to travel all the way to Mexico for a taste of https://www.instagram.com/p/BQ0nRXHDBrl/","","","#NationalMargaritaDay","834453261348384769","https://twitter.com/ExploreCHS/status/834453261348384769"
"SCHomeTeam","2017-02-21 20:26","0","1","See a virtual tour of my listing on 872 Wall St #Iva #SC #realestate http://www.upstateschometours.cdanjoyner.com/home/XUUSVF pic.twitter.com/j1QvXC3bTS","","","#Iva #SC #realestate","834137256759746560","https://twitter.com/SCHomeTeam/status/834137256759746560"
"hoop3r","2017-02-21 02:36","0","0","winter twilight by the Central Mosque ft. Great Wall Hibachi || not your grandma's South. https://www.instagram.com/p/BQwdF_jgbOn/","","","","833867927334031361","https://twitter.com/hoop3r/status/833867927334031361"
"jodiejparsons","2017-02-20 22:28","0","0","hey Canada do want to build wall too","","","","833805575947448321","https://twitter.com/jodiejparsons/status/833805575947448321"
"rooftoptales","2017-02-20 13:29","0","2","Fuji gang. // @BrainsOnFire got these delicious @trekpak inserts for the @pelicanproducts 1510 https://www.instagram.com/p/BQvDGEDgpq8/","","@BrainsOnFire @trekpak @pelicanproducts","","833670021935144960","https://twitter.com/rooftoptales/status/833670021935144960"
"nickbearden","2017-02-19 23:03","0","2","Cheers to off days... @Georgia/South Carolina Border https://www.instagram.com/p/BQtf6wljIuj/","","@Georgia","","833451927899930624","https://twitter.com/nickbearden/status/833451927899930624"
"bokeyfinest","2017-02-19 15:26","0","0","Wow @Georgia/South Carolina Border https://www.instagram.com/p/BQsrmGelQTP/","","@Georgia","","833336877826576388","https://twitter.com/bokeyfinest/status/833336877826576388"
"bcoker1","2017-02-19 06:51","0","1","Why is there a portrait of Sam McCalla sdmccalla on the wall of Green Room restaurant? @Green https://www.instagram.com/p/BQrwvSNF6vp/","","@Green","","833207452489375744","https://twitter.com/bcoker1/status/833207452489375744"
"gorillainkdh","2017-02-19 04:49","0","0","adriamonique_lv is your new drug of choice, but they only carry that potency on the left coast. https://www.instagram.com/p/BQriyE8g5_J/","","","","833176767250710528","https://twitter.com/gorillainkdh/status/833176767250710528"
"dondrennon","2017-02-19 02:19","1","3","Wanted for border crossings: A way to have my phone display nothing but the Bill of Rights. https://twitter.com/CNN/status/833107835999420416 ","","","","833138811014111234","https://twitter.com/dondrennon/status/833138811014111234"
"Kingviper74","2017-02-19 00:00","0","0","The Great Wall (@Regal Cinemas Azalea Square 16 & RPX - @regalmovies for The Great Wall 3D in Summerville, SC) https://www.swarmapp.com/c/l8DyMtDMyB0","","@Regal @regalmovies","","833103944083763200","https://twitter.com/Kingviper74/status/833103944083763200"
"nenobrown803","2017-02-17 21:11","0","0","So im at work and looked at the wall and saw this..... Powerful https://www.instagram.com/p/BQoJgZng-n7qQA0S0763CcPQPkwj2hN1-lrQyQ0/ ","","","","832698954030608388","https://twitter.com/nenobrown803/status/832698954030608388"
"LocalHappiness","2017-02-17 12:47","0","0","Adding a brick wall to 2410 Duncan Street. @andrealreynolds has it https://www.instagram.com/p/BQnP2AsD9Fbx5evfbs8g4sv1RAW59xtTAZFROU0/ ","","@andrealreynolds","","832572156361965572","https://twitter.com/LocalHappiness/status/832572156361965572"
"Shane_Wall","2017-02-16 02:41","0","1","We now get to have our Valentines dinner. @Clark's Inn and Restaurant https://www.instagram.com/p/BQjltrRhLCy/","","@Clark","","832057296846852096","https://twitter.com/Shane_Wall/status/832057296846852096"
"AikishaHolly","2017-02-15 21:16","0","0","#WillKishaSTILLTripping2017 @Georgia/South Carolina Border https://www.instagram.com/p/BQjAicNB5pT/","","@Georgia","#WillKishaSTILLTripping2017","831975572649570304","https://twitter.com/AikishaHolly/status/831975572649570304"
"TheAlienWay","2017-02-15 17:50","0","0","#RockHill #SouthCarolina im crossing the border each and every friday to crank yall tf up !! https://www.instagram.com/p/BQeV_KJjnx8/","","","#RockHill #SouthCarolina","831923557823369218","https://twitter.com/TheAlienWay/status/831923557823369218"
"LegiScanSC","2017-02-15 10:26","0","0","H3750 [NEW] Provide That Criminal Cases In Which The Penalty Does Not Exceed Three Years, Rather Than One Year, M... http://bitly.com/Wv1689","","","","831811837184319488","https://twitter.com/LegiScanSC/status/831811837184319488"
"TheAlienWay","2017-02-15 00:36","0","0","#RockHill #SouthCarolina im crossing the border each and every friday to crank yall tf up !! https://www.instagram.com/p/BQeV_KJjnx8/","","","#RockHill #SouthCarolina","831663395967467521","https://twitter.com/TheAlienWay/status/831663395967467521"
"robdempsey","2017-02-14 20:01","0","0","Another beautiful day. Bootcamp was awesome!burpees, wall balls and slams, ropes, tire flips, https://www.instagram.com/p/BQgTGoZDeek/","","","","831594160746528768","https://twitter.com/robdempsey/status/831594160746528768"
"DomniqueAngel","2017-02-14 18:27","0","0","Just posted a photo @Georgia/South Carolina Border https://www.instagram.com/p/BQgIaqwjlq0eOxk8USJd2dZS7VdFxWN-aMg3TU0/ ","","@Georgia","","831570658463199232","https://twitter.com/DomniqueAngel/status/831570658463199232"
"DomniqueAngel","2017-02-14 18:27","0","0","Just posted a photo @Georgia/South Carolina Border https://www.instagram.com/p/BQgIVAyj-_vKRVQ0mYnwPGJa65P9utcMx5vPmE0/ ","","@Georgia","","831570463428136960","https://twitter.com/DomniqueAngel/status/831570463428136960"
"husseystudio","2017-02-14 17:21","0","0","On studio wall, though maybe more effective on my forehead #thusseystudio @Hussey Studio https://www.instagram.com/p/BQgA4RtgYqr/","","@Hussey","#thusseystudio","831554085174312960","https://twitter.com/husseystudio/status/831554085174312960"
"SCHomeTeam","2017-02-14 16:27","0","0","See a virtual tour of my listing on 872 Wall St #Iva #SC #realestate http://www.upstateschometours.cdanjoyner.com/home/XUUSVF pic.twitter.com/lp43pAQnuj","","","#Iva #SC #realestate","831540407230042112","https://twitter.com/SCHomeTeam/status/831540407230042112"
"The_Luke_Wilson","2017-02-14 14:46","0","0","Happy Valentines Day from #teamluke to you! I sorta wish we had this flower wall to stare at https://www.instagram.com/p/BQfvIn9F7Wp/","","","#teamluke","831515079828963328","https://twitter.com/The_Luke_Wilson/status/831515079828963328"
"BlinkThePope","2017-02-14 14:01","0","0","Aye bros tape bout to drop make sure y'all get that straight @Mexico, South Carolina https://www.instagram.com/p/BQfp8H9hgx-/","","@Mexico","","831503637293641728","https://twitter.com/BlinkThePope/status/831503637293641728"
"TheAlienWay","2017-02-14 01:48","0","0","#RockHill #SouthCarolina im crossing the border each and every friday to crank yall tf up !! https://www.instagram.com/p/BQeV_KJjnx8/","","","#RockHill #SouthCarolina","831319083719282688","https://twitter.com/TheAlienWay/status/831319083719282688"
"NatalieNGreen","2017-02-13 23:12","0","1","So today... I joined a biker gang. #AlmostFamily #About2BaHouston @Hwy 25 https://www.instagram.com/p/BQeELW8g5LV/","","@Hwy","#AlmostFamily #About2BaHouston","831279865097752577","https://twitter.com/NatalieNGreen/status/831279865097752577"
"joshtrammell04","2017-02-12 13:47","0","1","Just a few of the Stories written on the story wall last week!! Excited to see more as we https://www.instagram.com/p/BQaerqulvyB/","","","","830775213751144448","https://twitter.com/joshtrammell04/status/830775213751144448"
"Bettsie2769","2017-02-11 22:29","0","0","As I was taking the photo of this piece of the original fortification wall, I noticed the super https://www.instagram.com/p/BQY1otXDnzL/","","","","830544197040103428","https://twitter.com/Bettsie2769/status/830544197040103428"
"shoparea57","2017-02-11 20:27","0","0","cookiessf wall looking great come get urs now at #area57 come #shoparea57 in store or online https://www.instagram.com/p/BQYnuGulVI0/","","","#area57 #shoparea57","830513604189442052","https://twitter.com/shoparea57/status/830513604189442052"
"willjudd","2017-02-11 03:55","0","1","Mac Leaphart, Reid Stone and the gang at the Yazoo party @DirtbagCHS #yazoo #hometeambbq https://www.instagram.com/p/BQW2QA3Fyyj/","","@DirtbagCHS","#yazoo #hometeambbq","830264078291566592","https://twitter.com/willjudd/status/830264078291566592"
"pannlewis44","2017-02-10 19:28","0","0","Steve Bannon Mixes Discarded Climate Change Report With Saliva To Build Final Wall Of Nest http://ln.is/www.theonion.com/art/CawaR  v@theonion @docrocktex26","","@theonion @docrocktex26","","830136275432853509","https://twitter.com/pannlewis44/status/830136275432853509"
"itsalliehipps","2017-02-09 22:06","0","0","this wall was aesthetically pleasing, but so was Sabrina Carpenter's https://www.instagram.com/p/BQTpg9ZAD98fCQhMC9O5rpbWY_iktUqIZCEfQs0/ ","","","","829813859397619713","https://twitter.com/itsalliehipps/status/829813859397619713"
"Farmer_Celeste","2017-02-09 14:48","0","0","Little Donald, 3 days old! He's gonna make America great by helping people to eat healthy good https://www.instagram.com/p/BQS3U6wD2A9/","","","","829703490473705472","https://twitter.com/Farmer_Celeste/status/829703490473705472"
"Young34STEVEN","2017-02-08 22:05","0","0","Hello miss Debra at carol fabrics grandma? 1st appearance on the ""wall."" pic.twitter.com/RU31lNRs5L","","","","829451012620636160","https://twitter.com/Young34STEVEN/status/829451012620636160"
"dogmandiet","2017-02-08 18:34","0","0","I'm at Low Country Drug Screening in North Charleston, SC https://www.swarmapp.com/c/jpbgfIyaIcK","","","","829397940640894978","https://twitter.com/dogmandiet/status/829397940640894978"
"Made2MovePT","2017-02-08 18:00","0","0","Wall slide. Old school PT exercise, great to get some variation in the squat pattern and great https://www.instagram.com/p/BQQoiRgllVK/","","","","829389493480411143","https://twitter.com/Made2MovePT/status/829389493480411143"
"pgapaige","2017-02-08 13:17","0","0","Post study hall, pre class entertainment...for me... @Wall College of Business https://www.instagram.com/p/BQQHtQglOLl/","","@Wall","","829318249292644356","https://twitter.com/pgapaige/status/829318249292644356"
"DonnieCriswell","2017-02-07 18:10","0","0","What your wall looks like when you have a bunch of students that do sports. @Elberton Christian https://www.instagram.com/p/BQOE0HZj7na/","","@Elberton","","829029463539200000","https://twitter.com/DonnieCriswell/status/829029463539200000"
"joshtrammell04","2017-02-07 17:12","0","1","Week 2 of our #Stories Series is this Sunday! Come write on our story wall, hear real stories https://www.instagram.com/p/BQN-ORIFeHc/","","","#Stories","829014973116510209","https://twitter.com/joshtrammell04/status/829014973116510209"
"ColumbiaLAC","2017-02-07 02:27","1","0","Our gang! #realpeople #realbeauty #microdermabrasion #estheticiansrock #bestinjectorsincolumbia https://www.instagram.com/p/BQMY6Rml3kv/","","","#realpeople #realbeauty #microdermabrasion #estheticiansrock #bestinjectorsincolumbia","828792194714763264","https://twitter.com/ColumbiaLAC/status/828792194714763264"
"columbiarimsaud","2017-02-06 23:05","0","0","When you are determined to build a wall #caraudio #carstereo #caraudiofab https://www.instagram.com/p/BQMB4poAPu5/","","","#caraudio #carstereo #caraudiofab","828741545423675394","https://twitter.com/columbiarimsaud/status/828741545423675394"
"mikeconklinart","2017-02-05 19:42","0","0","Since I'm redoing my studio space I thought i'd try my hand at a wall mounted easel. Phase 1-so https://www.instagram.com/p/BQJFwZhAcIr/","","","","828327847508967424","https://twitter.com/mikeconklinart/status/828327847508967424"
"t1951","2017-02-05 19:39","0","0","The slaughter is over in Tallahassee! The final: War chant (FSU) 109 @Clemson 61! Xtra ugly loss 4 Brownell gang!","","@Clemson","","828327216555646976","https://twitter.com/t1951/status/828327216555646976"
"FlipalosCLT","2017-02-05 18:37","0","0","Gang's all here! #squad #flipnchicken #fambam #teamflipn #nevsatl #SB51 #SBLI #SNF @ https://www.instagram.com/p/BQI-a6XFTtJ/","","@","#squad #flipnchicken #fambam #teamflipn #nevsatl #SB51 #SBLI #SNF","828311719940341760","https://twitter.com/FlipalosCLT/status/828311719940341760"
"TSGGreenville","2017-02-05 17:26","0","1","This flower wall by staticefloral is blowing us away! : @theneededimage &: bellemaquillage https://www.instagram.com/p/BQI2OWNlMNs/","","@theneededimage","","828293698303713281","https://twitter.com/TSGGreenville/status/828293698303713281"
"emsmyname","2017-02-04 18:11","0","0","So happy to go into work today and see this on the wall. I guess https://www.instagram.com/p/BQGJGk9AW2vY1Mr40NPUfpLZzICFY2UDA_BWAs0/ ","","","","827942705963606017","https://twitter.com/emsmyname/status/827942705963606017"
"pannlewis44","2017-02-03 21:32","1","0","Over 100,000 visas revoked by immigration ban, government lawyer reveals http://ln.is/www.nbcnews.com/news/oED9V  via @nbcnews @Ireland0828 @GinsburgJobs","","@nbcnews @Ireland0828 @GinsburgJobs","","827630971847602177","https://twitter.com/pannlewis44/status/827630971847602177"
"pannlewis44","2017-02-03 21:32","0","0","Over 100,000 visas revoked by immigration ban, government lawyer reveals http://ln.is/www.nbcnews.com/news/UtGcZ  via @nbcnews @rick00979 @docrocktex26","","@nbcnews @rick00979 @docrocktex26","","827630822383550464","https://twitter.com/pannlewis44/status/827630822383550464"
"Shane_Wall","2017-02-03 20:50","0","1","Supernatural Boot Camp-Orangeburg, SC is tomorrow at 12 noon! 19 spaces left. Register for FREE https://www.instagram.com/p/BQEEDdDBfyz/","","","","827620414943748096","https://twitter.com/Shane_Wall/status/827620414943748096"
"pannlewis44","2017-02-03 19:06","2","1","Republicans revolt over Trump's border wall @CNNPolitics http://ln.is/www.cnn.com/2017/02/rCGKc  @docrocktex26 @rick00979 @Ireland0828 @GinsburgJobs","","@CNNPolitics @docrocktex26 @rick00979 @Ireland0828 @GinsburgJobs","","827594123343433728","https://twitter.com/pannlewis44/status/827594123343433728"
"ShopBottles","2017-02-03 15:39","1","2","Make America Grape Again! @Bottles Beverage Superstore https://www.instagram.com/p/BQDgbCWgSgd/","","@Bottles","","827542060483883008","https://twitter.com/ShopBottles/status/827542060483883008"
"columbiarimsaud","2017-02-03 12:58","0","0","Build a wall they said #caraudio #carstereo #caraudiofab #caraudiofabrication #basshead https://www.instagram.com/p/BQDN-fTAF2s/","","","#caraudio #carstereo #caraudiofab #caraudiofabrication #basshead","827501496409403392","https://twitter.com/columbiarimsaud/status/827501496409403392"
"anhp","2017-02-02 13:27","1","1","And Mexico will pay for it! https://twitter.com/omnivoreblog/status/827139958880268292 ","","","","827146377817911296","https://twitter.com/anhp/status/827146377817911296"
"anhp","2017-02-02 13:19","0","2","@MaxBoot @asymmetricinfo and Mexico will pay for it.","","@MaxBoot @asymmetricinfo","","827144470865014784","https://twitter.com/anhp/status/827144470865014784"
"HannahLove07","2017-02-02 03:38","0","1","Baby you're my wonder{wall} @Clock Tower Downtown Spartanburg https://www.instagram.com/p/BP_pEidh1dgZ7MEImVdrjhlncE9e43JpuOomJ00/ ","","@Clock","","826998132424585216","https://twitter.com/HannahLove07/status/826998132424585216"
"LUST_drag","2017-02-01 21:40","0","0","Local protest against immigration ban. #lovetrumpshate #resist @Greenwood, South Carolina https://www.instagram.com/p/BP_AFJfA1cM/","","@Greenwood","#lovetrumpshate #resist","826907990829719555","https://twitter.com/LUST_drag/status/826907990829719555"
"dyhorse","2017-02-01 20:34","0","0","Drug city! LOL (@Woodrow in Sumter, SC) https://www.swarmapp.com/c/38NE0zflIE7","","@Woodrow","","826891475266961408","https://twitter.com/dyhorse/status/826891475266961408"
"ThaKoolUncle","2017-01-31 12:28","0","0","Hardhat gang, rough and scruffy #engineerslife @North Charleston, South Carolina https://www.instagram.com/p/BP7cMb1BatG/","","@North","#engineerslife","826406872756342786","https://twitter.com/ThaKoolUncle/status/826406872756342786"
"Pluvlaw","2017-01-30 15:06","0","0","Here are two of my favorite things brought to you by Immigration: a https://www.instagram.com/p/BP5JerdDTQyIQ1YdWNqqFiKDVVHG4ISbzPwBcc0/ ","","","","826084234813128704","https://twitter.com/Pluvlaw/status/826084234813128704"
"pannlewis44","2017-01-30 13:51","0","0","Republicans begin to break with President Trump over immigration ban http://ln.is/time.com/4652966/tS6Nd  @smileyt22","","@smileyt22","","826065408008548352","https://twitter.com/pannlewis44/status/826065408008548352"
"pannlewis44","2017-01-30 13:51","12","9","Republicans begin to break with President Trump over immigration ban http://ln.is/time.com/4652966/D3WLM  @Ireland0828 @GinsburgJobs","","@Ireland0828 @GinsburgJobs","","826065325754052610","https://twitter.com/pannlewis44/status/826065325754052610"
"pannlewis44","2017-01-30 13:51","0","1","Republicans begin to break with President Trump over immigration ban http://ln.is/time.com/4652966/HiAqg  @rick00979 @docrocktex26","","@rick00979 @docrocktex26","","826065208225460225","https://twitter.com/pannlewis44/status/826065208225460225"
"Shane_Wall","2017-01-30 02:08","1","1","This Saturday... a few spaces remain. Free registration now at http://www.shanewall.com/bootcamp @The https://www.instagram.com/p/BP3wZuZhU3n/","","@The","","825888349797748736","https://twitter.com/Shane_Wall/status/825888349797748736"
"EliotDudik","2017-01-29 18:51","1","1","handwritten wall text for Paradise Road | Paradise Out-Front. Massive thanks to @TheSouthernArt, https://www.instagram.com/p/BP2-WNCBtwE/","","@TheSouthernArt","","825778285959262208","https://twitter.com/EliotDudik/status/825778285959262208"
"Pluvlaw","2017-01-29 13:02","0","0","#LaPorte thinks immigration is pretty cool. And American. Especially https://www.instagram.com/p/BP2WcSND0_SYFIiXGX_-ZzWzPypVDDAoN3cg540/ ","","","#LaPorte","825690529434390533","https://twitter.com/Pluvlaw/status/825690529434390533"
"RicardoBach","2017-01-28 17:47","0","0","Lunch before walk to Morris Museum of Art nearby on the Savannah River, the border w SC (@Farmhaus Burger) https://www.swarmapp.com/c/2X1QQDv488K","","@Farmhaus","","825399981842513920","https://twitter.com/RicardoBach/status/825399981842513920"
"YellowDogBBQ","2017-01-28 17:43","1","1","Fresh from an amazing trip to California and Mexico with our brunch special for tomorrow: | https://www.instagram.com/p/BP0RzxQA7ub/","","","","825398979869425664","https://twitter.com/YellowDogBBQ/status/825398979869425664"
"lyricsborn","2017-01-28 05:20","0","0","#Repost hoodclips  Lmao hahha accurate af @Csra Border Clash https://www.instagram.com/p/BPy8y29hDFH/","","@Csra","#Repost","825211914170929156","https://twitter.com/lyricsborn/status/825211914170929156"
"anhp","2017-01-28 02:21","1","0","Glad that Mary, Joseph and little Jesus weren't stopped at the Egyptian border and sent back to Israel & the murderous intentions of Herod.","","","","825166803898867713","https://twitter.com/anhp/status/825166803898867713"
"Shane_Wall","2017-01-28 00:36","0","0","After the sound check with @timbowmanjr and about to go eat. Tomorrow's free concert will be https://www.instagram.com/p/BPycRf6hkmT/","","@timbowmanjr","","825140401581367296","https://twitter.com/Shane_Wall/status/825140401581367296"
"TradesmanBrew","2017-01-28 00:16","0","3","Hitting the wall. #laststop revelrybrewing brookbristow #ride @trekbikesguy @Revelry Brewing Co. https://www.instagram.com/p/BPyaBlijkUI/","","@trekbikesguy @Revelry","#laststop #ride","825135458967498752","https://twitter.com/TradesmanBrew/status/825135458967498752"
"inventivEVENTS","2017-01-27 17:23","0","0","hanging with the G&G gang this morning, talking SEWE. make sure you pop by their tent to see https://www.instagram.com/p/BPxqxyCgJB7/","","","","825031563712806912","https://twitter.com/inventivEVENTS/status/825031563712806912"
"keze2002","2017-01-27 15:45","0","0","So proud! @US Citizenship and Immigration Services https://www.instagram.com/p/BPxfjzZFaw9/","","@US","","825006895303946240","https://twitter.com/keze2002/status/825006895303946240"
"TheElrodJr_31","2017-01-26 22:59","0","0","For the past 3 nights my dreams have been drug or alcohol related and very vivid.","","","","824753672689242112","https://twitter.com/TheElrodJr_31/status/824753672689242112"
"robdempsey","2017-01-26 19:49","0","1","Nailed that today. TRX Bootcamp was so good! Wall balls, Ropes, ball slams, box jumps, sand https://www.instagram.com/p/BPvWqUcDHgw/","","","","824705846634487808","https://twitter.com/robdempsey/status/824705846634487808"
"feartheshako","2017-01-25 23:42","0","0","Drinking a Gang of Blades by @burialbeer @The Stables at Halo de Santo  http://untp.beer/s/c409871701","","@burialbeer @The","","824402203674812419","https://twitter.com/feartheshako/status/824402203674812419"
"atmurdockjr","2017-01-25 19:22","0","0","Ask for Murdock... ""Like a Young Michael Jackson, I'm OFF THE WALL, these other guys is Tito https://www.instagram.com/p/BPsuyfHDHrh/","","","","824336694841397249","https://twitter.com/atmurdockjr/status/824336694841397249"
"LegiScanSC","2017-01-24 23:57","0","0","S0299 [NEW] Relating To Definitions In The Drug Product Selection Act, To Amend The Definition Of ""substitute"" To... http://bitly.com/Yg9i8M","","","","824043472529293312","https://twitter.com/LegiScanSC/status/824043472529293312"
"GQGifts","2017-01-24 22:18","0","0","We have a huge Inspirational Gift section now at @gqgifts. Find Double Wall Water Bottles with https://www.instagram.com/p/BPqeHTQAUOH/","","@gqgifts","","824018546195894272","https://twitter.com/GQGifts/status/824018546195894272"
"KC8PNL","2017-01-24 15:01","0","0","Proving to the world that I'm drug free. Good thing I studied for my pee test! (@Lab Corp in Charlotte, NC) https://www.swarmapp.com/c/3eLRykfrGZ5","","@Lab","","823908473473826816","https://twitter.com/KC8PNL/status/823908473473826816"
"DJCHUCKT","2017-01-24 00:31","0","1","Don't wait for it to happen....MAKE IT HAPPEN! @North Carolina\South Carolina border https://www.instagram.com/p/BPoIgZQh4p9/","","@North","","823689557593837569","https://twitter.com/DJCHUCKT/status/823689557593837569"
"rdpatrick","2017-01-23 23:26","0","1","My favorite song for the ride home. #silence @Georgia/South Carolina Border https://www.instagram.com/p/BPoBJK1Fghn/","","@Georgia","#silence","823673394818334726","https://twitter.com/rdpatrick/status/823673394818334726"
"pannlewis44","2017-01-23 19:41","0","0","Sessions can put the brakes on criminal justice reform http://thehill.com/blogs/pundits-blog/crime/315627-sessions-can-put-the-brakes-on-criminal-justice-reform  @docrocktex26 @rick00979","","@docrocktex26 @rick00979","","823616554604625922","https://twitter.com/pannlewis44/status/823616554604625922"
"JPRchitect","2017-01-23 13:48","0","0","So close to finishing our cork wall... we have been collecting them for 10 years and still had https://www.instagram.com/p/BPm-5_SjoWC/","","","","823527709733220354","https://twitter.com/JPRchitect/status/823527709733220354"
"duboseratchford","2017-01-23 02:07","0","0","gear wall complete (i clearly do not have a favorite brand). | #patagonia #outdoors #adventure https://www.instagram.com/p/BPlut0DgBk1/","","","#patagonia #outdoors #adventure","823351367519600640","https://twitter.com/duboseratchford/status/823351367519600640"
"ThomasHayes5th","2017-01-22 19:58","0","0","Watching Adult Films Alters Brain Activity Similar To Drug Addicts, https://www.instagram.com/p/BPlEiFFjrvXliD-EjhwrWskLQJDhuyiUQCucoI0/ ","","","","823258608880205824","https://twitter.com/ThomasHayes5th/status/823258608880205824"
"btpotter10","2017-01-22 04:58","4","26","Mama be stressin, be patient it's comin #gang #blessup @Williams-Brice Stadium https://www.instagram.com/p/BPjIqMfDK86/","","@Williams","#gang #blessup","823031941146542080","https://twitter.com/btpotter10/status/823031941146542080"
"pannlewis44","2017-01-21 22:49","3","0","but look where, read wall pic.twitter.com/jmxpkGKPdx","","","","822939201637388288","https://twitter.com/pannlewis44/status/822939201637388288"
"pannlewis44","2017-01-21 22:39","8","3","@rick00979 @docrocktex26 look where he chose to complain about media & how big his crowds were. Read the wall pic.twitter.com/z9z2wL5Klx","","@rick00979 @docrocktex26","","822936664268046336","https://twitter.com/pannlewis44/status/822936664268046336"
"TossPizzaPub","2017-01-21 22:23","0","2","No shame in the game. Come see the gang. Stay gold. #yeahthatgreenville #gvlifestyle #gvl https://www.instagram.com/p/BPiwRs3lRzh/","","","#yeahthatgreenville #gvlifestyle #gvl","822932595449233412","https://twitter.com/TossPizzaPub/status/822932595449233412"
"gruvileak","2017-01-20 22:18","0","0","Wall of fame @Coastal Carolina University Place https://www.instagram.com/p/BPgK5aThEDe/","","@Coastal","","822568916169924608","https://twitter.com/gruvileak/status/822568916169924608"
