"username","date","retweets","favorites","text","geo","mentions","hashtags","id","permalink"
"2_Shay","2017-04-19 22:34","0","0","Ruled out of order by the chairman of house criminal committee https://www.instagram.com/p/BTFXgEjAVLS5Llk9dSl29mkPSnbP7KwcK1dqrA0/ ","","","","854825516477632512","https://twitter.com/2_Shay/status/854825516477632512"
"Danyelcosmetics","2017-04-19 21:07","0","0","Had a fabulous time with Devon O'Day & #Nashvilletoday & the gang on WSM 650! Thanks for having https://www.instagram.com/p/BTFNiebjDgP/","","","#Nashvilletoday","854803610244460544","https://twitter.com/Danyelcosmetics/status/854803610244460544"
"boomermaru","2017-04-19 13:20","0","0","And Mexico is going to pay for the stupid wall!lol!","","","","854686201177133058","https://twitter.com/boomermaru/status/854686201177133058"
"xtinalynne","2017-04-19 04:44","0","0","Coke. What I really want (and deserve) is a big ass bottle of wine. (@Kroger 4579 wall triana madison al) https://www.swarmapp.com/c/dkrnun8wZSF","","@Kroger","","854556247902781440","https://twitter.com/xtinalynne/status/854556247902781440"
"honestfarm","2017-04-19 02:29","0","1","Here's the #Prince section of the flower border. #purple #gardening #perennials @Hillsboro West https://www.instagram.com/p/BTDNmWZB8Xi/","","@Hillsboro","#Prince #purple #gardening #perennials","854522266163363841","https://twitter.com/honestfarm/status/854522266163363841"
"JonesyLitton","2017-04-19 01:02","0","0","I will conquer you wall. Even if I have to march 7times around you. https://www.instagram.com/p/BTDDqwIhXEVU-T8Ywy6YobqBlrnQud4RxCfNrA0/ ","","","","854500428397948928","https://twitter.com/JonesyLitton/status/854500428397948928"
"StreetJelly","2017-04-18 23:30","0","1","#LiveStreamMusic Vinja Mother, should I build a wall? http://www.StreetJelly.com/Vinja #Rock #Vocal","","","#LiveStreamMusic #Rock #Vocal","854477224417914885","https://twitter.com/StreetJelly/status/854477224417914885"
"cthompso27","2017-04-18 19:12","0","0","Records wall @The Johnny Cash Museum https://www.instagram.com/p/BTCbnzCgQJ2dg0iNHX6LLlZT9vUpAdMKTiS24o0/ ","","@The","","854412365789528065","https://twitter.com/cthompso27/status/854412365789528065"
"KonaIceMiddleTn","2017-04-18 18:10","0","0","""Drive through"" ... Kona Ice to Go!!! @Reeves-Sain Drug Store https://www.instagram.com/p/BTCUiDjlM9z/","","@Reeves","","854396780880044033","https://twitter.com/KonaIceMiddleTn/status/854396780880044033"
"KonaIceMiddleTn","2017-04-18 18:04","0","0","""It is What it Is"". .... the best shaved ice in the world Kona Ice!!!! @Reeves-Sain Drug Store https://www.instagram.com/p/BTCTyDIF9cv/","","@Reeves","","854395132782759936","https://twitter.com/KonaIceMiddleTn/status/854395132782759936"
"KonaIceMiddleTn","2017-04-18 16:31","0","0","Getting ready to ""Shred It"" ... Kona Ice that is! @Reeves-Sain Drug Store https://www.instagram.com/p/BTCJNXDlu4q/","","@Reeves","","854371880442187777","https://twitter.com/KonaIceMiddleTn/status/854371880442187777"
"KonaIceMiddleTn","2017-04-18 15:58","1","2","Chill Out Day has just begun! FREE Kona Ice from 11-1 @Reeves-Sain Drug Store https://www.instagram.com/p/BTCFZURFjaN/","","@Reeves","","854363495579742208","https://twitter.com/KonaIceMiddleTn/status/854363495579742208"
"overFloPro","2017-04-18 03:59","0","1","Great Easter weekend thanks so much to igotofaith for letting us be a part via some LED Wall https://www.instagram.com/p/BTAzKzZDwOJ/","","","","854182693642358785","https://twitter.com/overFloPro/status/854182693642358785"
"TPfannk","2017-04-17 17:48","0","0","The words on the wall say it all @Nashville, Tennessee https://www.instagram.com/p/BS_tMJ_l-JE/","","@Nashville","","854028792838443010","https://twitter.com/TPfannk/status/854028792838443010"
"poisonnivyyy","2017-04-17 16:19","0","0","Your love is literally my drug. @Scruggs Bridge Overlook Area https://www.instagram.com/p/BS_jBd5lDPUvDlZVIN1UeYdJlbWp22e0ynrwDA0/ ","","@Scruggs","","854006432173367296","https://twitter.com/poisonnivyyy/status/854006432173367296"
"alyssalopez61","2017-04-17 01:57","0","0","happy easter!!! (we obviously liked this wall) (& i liked this https://www.instagram.com/p/BS-AaQ5lHZbPIjQTmr90EL9nDkY8GlFUyoxiXk0/ ","","","","853789585264062464","https://twitter.com/alyssalopez61/status/853789585264062464"
"23justine","2017-04-16 12:45","1","0","Wall art #nashville #photography @Courtyard Nashville Downtown https://www.instagram.com/p/BS8lu0FgvXr/","","@Courtyard","#nashville #photography","853590171652153344","https://twitter.com/23justine/status/853590171652153344"
"mynameistotalBS","2017-04-16 01:54","0","0","Our soul sister, Angel! Glitter gang right hererree!!!!! #goingoutwithabang #bangthis https://www.instagram.com/p/BS7bQKpDC0x/","","","#goingoutwithabang #bangthis","853426395267182594","https://twitter.com/mynameistotalBS/status/853426395267182594"
"lilmeach1130","2017-04-15 17:09","0","0","Micah at #highpoint #climbing on the wall #outside @High Point Climbing And Fitness https://www.instagram.com/p/BS6fJzcFuZ2/","","@High","#highpoint #climbing #outside","853294237315731457","https://twitter.com/lilmeach1130/status/853294237315731457"
"libra_zebra","2017-04-15 15:45","0","0","Dinner's not complete unless there's a piano wall meggywap1738 @Champions Nashville https://www.instagram.com/p/BS6Vkbygr2O/","","@Champions","","853273161038782465","https://twitter.com/libra_zebra/status/853273161038782465"
"OurThriftStore","2017-04-15 13:06","0","1","In honor of Leonardo Da Vinci's birthday, all hanging wall art is 25% off! @Downtown https://www.instagram.com/p/BS6DT4VhXHl/","","@Downtown","","853233006227501058","https://twitter.com/OurThriftStore/status/853233006227501058"
"MOB514","2017-04-15 04:38","0","0","The Wall of Skulls @Downtown Nashville https://www.instagram.com/p/BS5JLKwFCzQ/","","@Downtown","","853105168652619776","https://twitter.com/MOB514/status/853105168652619776"
"sarahsavageart","2017-04-15 00:45","0","0","Pallet wall with an American flag center complete for some local friends. A long day has got my https://www.instagram.com/p/BS4uf37FXF4/","","","","853046505934073856","https://twitter.com/sarahsavageart/status/853046505934073856"
"caitlynnn_jo","2017-04-15 00:27","0","2","Who's the first person you scream for when you hit a brick wall head on and see your finger at a https://www.instagram.com/p/BS4sd8TBB3A/","","","","853042034814234624","https://twitter.com/caitlynnn_jo/status/853042034814234624"
"teamtwansmom","2017-04-14 15:48","0","0","It amazes me how in the year 2017 the norm for our children is gang banging, kids dying, kids https://www.instagram.com/p/BS3xHwWFvwm/","","","","852911544220495872","https://twitter.com/teamtwansmom/status/852911544220495872"
"Circle_R185","2017-04-14 12:33","0","1","Get'er done (!) RT @jimdwrench: Criminal charges for IRS targeting conspiracy ringleader Lois Lerner? http://canadafreepress.com.ln.is/QSZZf","","@jimdwrench","","852862369986379776","https://twitter.com/Circle_R185/status/852862369986379776"
"PhotoCaptures","2017-04-14 00:36","0","0","Oreo calf close view You deserve having me in your home hanging upon your wall Brightening your https://www.instagram.com/p/BS2Is3Uh6-A/","","","","852681907032645632","https://twitter.com/PhotoCaptures/status/852681907032645632"
"lex_partyrock","2017-04-13 23:14","0","0","Go, Dj! That's my Dj!! #Inkwell #LatinVibes #Colombia #Mexico #ExpressLife #PartyRock @Hard https://www.instagram.com/p/BS1_XsfljOo/","","@Hard","#Inkwell #LatinVibes #Colombia #Mexico #ExpressLife #PartyRock","852661396076732418","https://twitter.com/lex_partyrock/status/852661396076732418"
"ChiokeMusic","2017-04-13 22:40","0","0","5 Important Facts From the #CFDAs New #Immigration #Report - https://www.instagram.com/p/BSu2jBoBb40/","","","#CFDA #Immigration #Report","852652621206757376","https://twitter.com/ChiokeMusic/status/852652621206757376"
"joyiscooking","2017-04-13 16:42","0","0","#onlyinNashville the local post office has a wall filled with photos https://www.instagram.com/p/BS1Sf3BBh30rpzoF7AIg9Tkg7I1-mWBpbE0PGM0/ ","","","#onlyinNashville","852562743840260096","https://twitter.com/joyiscooking/status/852562743840260096"
"Circle_R185","2017-04-12 23:29","1","0","RT @bfraser747: "" #PresidentTrump will find a way to pay for the border wall whether Sen. (cont) http://tl.gd/nnlfe8","","@bfraser747","#PresidentTrump","852302741942751234","https://twitter.com/Circle_R185/status/852302741942751234"
"Circle_R185","2017-04-12 22:08","0","0","@MSM @foxandfriends @orileyfactor RT @_Proud_American: BREAKING : Criminal Illegal Charged With (cont) http://tl.gd/nnlf9h","","@MSM @foxandfriends @orileyfactor @_Proud_American","","852282297541939202","https://twitter.com/Circle_R185/status/852282297541939202"
"comforttwitt","2017-04-12 19:21","0","2","Deathwish Death Spray green/yellow 8.0 & Giant Gang Logo silver/black 8.25 #deathwishskateboards https://www.instagram.com/p/BSy_1-8BE_K/","","","#deathwishskateboards","852240221533896704","https://twitter.com/comforttwitt/status/852240221533896704"
"sarahsavageart","2017-04-12 17:29","0","0","Preparing for a local pallet wall installation. This American flag will be in the center of the https://www.instagram.com/p/BSyzAbYliML/","","","","852211997278183424","https://twitter.com/sarahsavageart/status/852211997278183424"
"papajinx","2017-04-12 16:09","0","1","I'm at Great Wall of China Restaurant in Franklin, TN https://www.swarmapp.com/c/3OEsr4ZOQ0L","","","","852192069535891456","https://twitter.com/papajinx/status/852192069535891456"
"ChiokeMusic","2017-04-12 16:09","0","0","5 Important Facts From the #CFDAs New #Immigration #Report - https://www.instagram.com/p/BSu2jBoBb40/","","","#CFDA #Immigration #Report","852191974664699904","https://twitter.com/ChiokeMusic/status/852191974664699904"
"firekidmusic","2017-04-12 00:45","0","2","Wall washer. Mold murderer. Paint prepper. @Florence, Alabama https://www.instagram.com/p/BSxALihlz4T/","","@Florence","","851959495081295872","https://twitter.com/firekidmusic/status/851959495081295872"
"comforttwitt","2017-04-11 16:45","0","2","Wade Desarmo is one of the illest so we will always have his board in the wall... Unless you https://www.instagram.com/p/BSwJLzqhx11/","","","","851838553558458368","https://twitter.com/comforttwitt/status/851838553558458368"
"ChiokeMusic","2017-04-11 04:43","0","0","5 Important Facts From the #CFDAs New #Immigration #Report - https://www.instagram.com/p/BSu2jBoBb40/","","","#CFDA #Immigration #Report","851656828651847681","https://twitter.com/ChiokeMusic/status/851656828651847681"
"CONCRETE615","2017-04-10 20:07","0","0","The wall of fame!! #nashville #rex2 #concretemagazine @Nashville, Tennessee https://www.instagram.com/p/BSt7fEaBY5V/","","@Nashville","#nashville #rex2 #concretemagazine","851526951818874881","https://twitter.com/CONCRETE615/status/851526951818874881"
"Prxncekay_","2017-04-10 14:36","0","0","Hello, My name is Deandre Brown, a Criminal Justice major from Birmingham Al. and it is my https://www.instagram.com/p/BStVr6KFUnI/","","","","851443831530815489","https://twitter.com/Prxncekay_/status/851443831530815489"
"RobDeeNashville","2017-04-10 14:08","1","1","Manufacturers that appreciate your business. You ain't seen a Rap Artist on the wall with Dolly https://www.instagram.com/p/BStSfjuFnIV/","","","","851436811620687873","https://twitter.com/RobDeeNashville/status/851436811620687873"
"memhousewives","2017-04-09 21:58","0","2","bathroom wall...commitment-phobe #graffiti artist . . . . . #memphishousewivesinthecity https://www.instagram.com/p/BSrjaMZj2Ov/","","","#graffiti #memphishousewivesinthecity","851192530813280259","https://twitter.com/memhousewives/status/851192530813280259"
"sarahsavageart","2017-04-09 21:54","0","0","Need a wood wall for a prop or photo booth at your wedding? This was simple enough to make, even https://www.instagram.com/p/BSrjCL0lP_4/","","","","851191709207801857","https://twitter.com/sarahsavageart/status/851191709207801857"
"irobyn","2017-04-09 20:10","0","0","My Pussy Riot gang took over this space this afternoon! #phdlife #queerscholar https://www.instagram.com/p/BSrXDWSAiex/","","","#phdlife #queerscholar","851165358287446016","https://twitter.com/irobyn/status/851165358287446016"
"NYC_PJ","2017-04-08 21:46","1","0","This approach to Hole in the Wall island is rather Games of Thronse-y... @Percy Priest Lake https://www.instagram.com/p/BSo9UGiAiVh/","","@Percy","","850827278015660032","https://twitter.com/NYC_PJ/status/850827278015660032"
"_ashleone_","2017-04-07 22:54","0","1","""go stand by that wall you're gonna want this tomorrow"" @BryceDrewMusic happy to have played https://www.instagram.com/p/BSmgSNEhF66/","","@BryceDrewMusic","","850481971167764484","https://twitter.com/_ashleone_/status/850481971167764484"
"amorganaudio","2017-04-07 20:03","0","0","Studio 2.0 starting to come together!! 20'x17' diffusion wall complete! #dreamstudio https://www.instagram.com/p/BSmMp0BAiiY/","","","#dreamstudio","850438799045820416","https://twitter.com/amorganaudio/status/850438799045820416"
"hazelwoodlabs","2017-04-07 19:30","0","0","I'm in love with antique push-button style wall switches. This will be the On/Off switch for the https://www.instagram.com/p/BSmI8iUAXW-/","","","","850430643943219200","https://twitter.com/hazelwoodlabs/status/850430643943219200"
"nashnightowl","2017-04-07 19:00","1","0","#tonight #Johnnyneel & The Criminal Element Come get #funky with your favorite #nightowls https://www.instagram.com/p/BSmFcpsDJ-X/","","","#tonight #Johnnyneel #funky #nightowls","850422955985305600","https://twitter.com/nashnightowl/status/850422955985305600"
"InsuranceAnswer","2017-04-07 18:42","0","0","Public Adjusting is Now Licensed in New Mexico http://bit.ly/2o6yD9c #Insurance #Answers","","","#Insurance #Answers","850418417320382464","https://twitter.com/InsuranceAnswer/status/850418417320382464"
"UAgaYoga","2017-04-07 17:12","0","0","Just posted a photo @Tennessee/Kentucky Border https://www.instagram.com/p/BSl5JZilAPU/","","@Tennessee","","850395908625883136","https://twitter.com/UAgaYoga/status/850395908625883136"
"WGNSRadio","2017-04-07 14:31","0","0","Action Line - Assistant Rutherford Co. District Attorney J. Paul Newman talks past criminal cases http://dlvr.it/NqgHpG -Podcast","","","","850355268189732865","https://twitter.com/WGNSRadio/status/850355268189732865"
"AlgoTraffic","2017-04-07 14:05","0","0","Barrier Wall / Divider on I-65 ANY OTHER at Bibb Garrett Rd","","","","850348847268331520","https://twitter.com/AlgoTraffic/status/850348847268331520"
"jpjipjerk","2017-04-07 00:13","0","0","Kentucky wall art....not as hectic as not colourful as Montreal but so https://www.instagram.com/p/BSkEh-TFhff/","","","","850139468212436992","https://twitter.com/jpjipjerk/status/850139468212436992"
"rewebcoach","2017-04-07 00:08","0","1","Good times listening to some tunes wildhorsesaloon with daknocom gang before the #REBCNASH @ https://www.instagram.com/p/BSkD4ybDRtd/","","@","#REBCNASH","850138047849144321","https://twitter.com/rewebcoach/status/850138047849144321"
"AlgoTraffic","2017-04-06 21:08","0","0","Barrier Wall / Divider on I-65 ANY OTHER at Bibb Garrett Rd","","","","850092928131375105","https://twitter.com/AlgoTraffic/status/850092928131375105"
"guysbowtie","2017-04-06 01:06","0","1","Good eats in Nashville at #jacksbbq with gang from securitynationallife @Jack's Bar-B-Que https://www.instagram.com/p/BShlzS-liBz/","","@Jack","#jacksbbq","849790418443276288","https://twitter.com/guysbowtie/status/849790418443276288"
"HenryRothenberg","2017-04-06 01:06","0","0","Outside of newschannel5. An hour ago we were wall-to-wall with tornado warnings. #TNwx #KYwx https://www.instagram.com/p/BShlxTAD-tB/","","","#TNwx #KYwx","849790347290976256","https://twitter.com/HenryRothenberg/status/849790347290976256"
"gavoweb","2017-04-06 00:54","0","0","What do you do when there are high winds that border on tornado warning status? Why stay up past https://www.instagram.com/p/BShkbTMBDbf/","","","","849787395394330624","https://twitter.com/gavoweb/status/849787395394330624"
"spotternetwork","2017-04-05 22:36","2","2","Spotr 2 miles SSW of SPENCER, TN @22:36 UTC Rotating Wall Cloud>-Rotating wall cloud South of Spencer 10 min ago mvmt NE @35 MPH","","@22 @35","","849752630545068033","https://twitter.com/spotternetwork/status/849752630545068033"
"spotternetwork","2017-04-05 22:32","2","1","Spotr 2 miles SSW of SPENCER, TN @22:32 UTC Rotating Wall Cloud>- Rotating wall cloud South of Spencer moving NE @30 to 40 MPH","","@22 @30","","849751731038801920","https://twitter.com/spotternetwork/status/849751731038801920"
"Johnathan123486","2017-04-05 17:28","0","0","Do do Business with thugs and gang members and people that sale drugs...they nun but trouble and https://www.instagram.com/p/BSgxYQBBFmF/","","","","849675139285266432","https://twitter.com/Johnathan123486/status/849675139285266432"
"DJSkiWeezy","2017-04-05 16:51","0","0","From rocking small venues and hope in the wall clubs, to on stage with mainstream artists, Dj https://www.instagram.com/p/BSgtI9Gl5_O/","","","","849665819701325825","https://twitter.com/DJSkiWeezy/status/849665819701325825"
"BillyHaley","2017-04-05 04:41","0","1","When Shaun Lewis visits your church...he tags the wall. momma_t.lewis aj.lewis @ https://www.instagram.com/p/BSfZoahArOA/","","@","","849482179004518400","https://twitter.com/BillyHaley/status/849482179004518400"
"katrinaburgoyne","2017-04-05 04:27","0","6","Studio A | I could feel magic in the grain on the wall... So many hits by so many artists I https://www.instagram.com/p/BSfX9ZIAR-D/","","","","849478500981641216","https://twitter.com/katrinaburgoyne/status/849478500981641216"
"nick_gw_","2017-04-05 02:40","0","0","And the wife hung up our hats on the wall in such a simple, https://www.instagram.com/p/BSfLvYjgovINgCdWTW2aQykYs-9N-cRXJ5i74I0/ ","","","","849451635059429376","https://twitter.com/nick_gw_/status/849451635059429376"
"kayle_brook27","2017-04-02 19:19","0","0","Thanks for not getting mad at me when I drug you out of bed last https://www.instagram.com/p/BSZPrFtBx4E2CB918FRkIM5jkNjS-SX12b_MVY0/ ","","","","848615855805956096","https://twitter.com/kayle_brook27/status/848615855805956096"
"Jtimbit","2017-04-02 14:35","0","0","Sometimes you need to make America great again #Tootsies https://www.instagram.com/p/BSYvJhvjQbNRxux7j-KMi9C8FxftB-5Pri6elw0/ ","","","#Tootsies","848544339638853634","https://twitter.com/Jtimbit/status/848544339638853634"
"miiacom","2017-04-02 00:22","0","0","Paul's Wall at #artcrawl @driver49 Get in here and buy something! @The Nashville Arcade https://www.instagram.com/p/BSXNiC7lJvb/","","@driver49 @The","#artcrawl","848329674883289088","https://twitter.com/miiacom/status/848329674883289088"
"Circle_R185","2017-04-01 22:12","1","0","@FoxNews @foxandfriends @orileyfactor RT BREAKING : Huge Drug Bust at Ohio State University http://ln.is/truthfeed.com/breaki/oYkfW ","","@FoxNews @foxandfriends @orileyfactor","","848297011384332289","https://twitter.com/Circle_R185/status/848297011384332289"
"lolokmc","2017-04-01 19:43","0","0","Because everyone looks a little bit cooler standing in front of a wall. @The Blue Room at https://www.instagram.com/p/BSWtmnZD8Td/","","@The","","848259463895281666","https://twitter.com/lolokmc/status/848259463895281666"
"dirty_livin","2017-04-01 18:35","0","0","TOMORROW! Join Dirty Livin' and the rest of the Porter East gang in our first Sunday event! https://www.instagram.com/p/BSWl5b5A0Af/","","","","848242529153802240","https://twitter.com/dirty_livin/status/848242529153802240"
"graceekuhn","2017-04-01 05:36","0","0","Haven't hit the late night {velcro} wall yet! Dance Big Red 2017 is https://www.instagram.com/p/BSVMt34B8rFE9LqsaYwD_da6Qu3lSI8pjKpurg0/ ","","","","848046402483634177","https://twitter.com/graceekuhn/status/848046402483634177"
"rachelfarrer74","2017-04-01 01:37","0","0","Just posted a photo @Tennessee/Kentucky Border https://www.instagram.com/p/BSUxX4yAZKJy-A0E0usq7ZxTTq7FPcb3deBvko0/ ","","@Tennessee","","847986272001982468","https://twitter.com/rachelfarrer74/status/847986272001982468"
"wichitarecs","2017-03-31 23:15","0","0","Who's playing that banjo? @Alabama /Tennessee border. https://www.instagram.com/p/BSUhIoBDlep/","","@Alabama","","847950564499628032","https://twitter.com/wichitarecs/status/847950564499628032"
"tlegs75","2017-03-31 22:01","0","0","County Music Hall of Fame wall of hits. So much cool history. https://www.instagram.com/p/BSUYrTvhqRVe1QsKdUd_x_6KHFbEEk_54sEB7c0/ ","","","","847931966829637633","https://twitter.com/tlegs75/status/847931966829637633"
"kennysmoov","2017-03-31 20:21","0","0","The Internet Wins Again! #I85 - Damn That Wall...Build This Bridge! @92Q http://ln.is/www.instagram.com/p/4XYjs ","","@92Q","#I85","847906627474923521","https://twitter.com/kennysmoov/status/847906627474923521"
"SuddenlyPersian","2017-03-31 19:07","0","1","Mushroom wall! @The Country, Antioch, Tennessee https://www.instagram.com/p/BSUExtejRbi/","","@The","","847888207308050434","https://twitter.com/SuddenlyPersian/status/847888207308050434"
"mvillarjones","2017-03-31 18:13","0","0","Rivergate Alterations Wall of Stars!! Mary is the best at https://www.instagram.com/p/BST-g2jl-ZqcdbWLTRPQMzplNQj1A4_lu0O1A80/ ","","","","847874440797016064","https://twitter.com/mvillarjones/status/847874440797016064"
"katfreakinfried","2017-03-31 03:06","0","0","the girl gang rolled up to support our boi @atomicike during his opening night -- we love u so https://www.instagram.com/p/BSSWtBcF8Dl/","","@atomicike","","847646163108995072","https://twitter.com/katfreakinfried/status/847646163108995072"
"tayxdmnd","2017-03-30 15:55","0","1","GANG $HIT LIL BITCHMuch love to everyone that came out and supported last night : https://www.instagram.com/p/BSRJ9RWhR_c/","","","","847477385784049664","https://twitter.com/tayxdmnd/status/847477385784049664"
"RedstoneHarley","2017-03-30 15:07","0","0","Just another brick in the wall! #harleydavidson #pinkfloyd #alabama #huntsville #harleylove https://www.instagram.com/p/BSREhYGB2Pd/","","","#harleydavidson #pinkfloyd #alabama #huntsville #harleylove","847465431883333633","https://twitter.com/RedstoneHarley/status/847465431883333633"
"skinnydripp","2017-03-30 14:18","0","1","""Revenge"" f/2.8 . . . #sonya7sii #silhouette #gang #sunset #edgehill #rosepark #nashville https://www.instagram.com/p/BSQ-1mvAguo/","","","#sonya7sii #silhouette #gang #sunset #edgehill #rosepark #nashville","847452931649687552","https://twitter.com/skinnydripp/status/847452931649687552"
"1stCentenarySM","2017-03-30 13:19","0","0","The CAVE Pallet Wall is finally complete! It took almost a full year to finish but it looks https://www.instagram.com/p/BSQ4I4bD3Yi/","","","","847438200981377024","https://twitter.com/1stCentenarySM/status/847438200981377024"
"momentummedia","2017-03-30 01:40","0","1","Finished up a couple of wall mural installs today in a couple of kids rooms. #wideformat https://www.instagram.com/p/BSPoItADQ50/","","","#wideformat","847262276352589824","https://twitter.com/momentummedia/status/847262276352589824"
"NikkiPoppinsRN","2017-03-28 21:00","0","1","So fun to meet up with a new friend. Love that we had to go to Mexico to meet!! Thanks for that https://www.instagram.com/p/BSMjUv3BwKR/","","","","846829479850749952","https://twitter.com/NikkiPoppinsRN/status/846829479850749952"
"CeoYfc","2017-03-28 14:21","0","0","Me & bro gotta movie otw gaNg ! xanmanvisuals #YFC #XanMan @Chattanooga, Tennessee https://www.instagram.com/p/BSL1ooIhSpv/","","@Chattanooga","#YFC #XanMan","846729007362035713","https://twitter.com/CeoYfc/status/846729007362035713"
"codelemur","2017-03-28 03:12","0","0","Pea-sized hail, Madison, Gillespie and Wall-Triana. #ValleyWx #alwx","","","#ValleyWx #alwx","846560700772290560","https://twitter.com/codelemur/status/846560700772290560"
"codelemur","2017-03-28 03:10","0","1","Very heavy rain, Madison, Gillespie and Wall-Triana. #alwx #ValleyWx","","","#alwx #ValleyWx","846560030338011138","https://twitter.com/codelemur/status/846560030338011138"
"restlesstech","2017-03-27 13:01","0","0","Audrey is on the outs. Anybody want a stylized pic for their wall? #breakfastattiffanys @Sugar https://www.instagram.com/p/BSJHnyfFhRY/","","@Sugar","#breakfastattiffanys","846346353366224896","https://twitter.com/restlesstech/status/846346353366224896"
"ArmyBlaque","2017-03-27 01:11","0","0","#Vacacion @Kentucky State Border https://www.instagram.com/p/BSH2Wx9DBiR/","","@Kentucky","#Vacacion","846167641630887938","https://twitter.com/ArmyBlaque/status/846167641630887938"
"cocrews","2017-03-26 23:28","0","0","After a week at Gramzy and PawPaw's they're beat! #kidsofinsta @Alabama /Tennessee border. https://www.instagram.com/p/BSHqp50hvsX/","","@Alabama","#kidsofinsta","846141912398540801","https://twitter.com/cocrews/status/846141912398540801"
"WrenFione","2017-03-26 19:26","0","1","Spending my afternoon deciphering this wall and drinking more coffee #coffee #nashville https://www.instagram.com/p/BSHO-gOBnkI/","","","#coffee #nashville","846081049335508993","https://twitter.com/WrenFione/status/846081049335508993"
"ponydarling","2017-03-26 13:02","0","4","Girl Boss Gang patches, $8. Open 12-4, come say hi . . . #girlbossgang #girlboss #pony https://www.instagram.com/p/BSGi_YpAo4g/","","","#girlbossgang #girlboss #pony","845984319529201664","https://twitter.com/ponydarling/status/845984319529201664"
"blakeells","2017-03-26 01:25","0","5","I have been to Mexico and Arizona and Greensprings Highway and this Mexican place in Fayetteville, Tennessee is the best I've ever had.","","","","845809022355820544","https://twitter.com/blakeells/status/845809022355820544"
"GoodWorldGoods","2017-03-25 15:21","0","1","We just #love these #French #inspired #wall #clocks! I. #sale today. Was $24 now $16! At http://ln.is/www.instagram.com/p/jeEz4 ","","","#love #French #inspired #wall #clocks #sale","845656789995663360","https://twitter.com/GoodWorldGoods/status/845656789995663360"
"jamfan40","2017-03-24 20:35","92","177","Just to recap: -Hillary has not been locked up -Travel ban failed twice -Mexico not paying for the wall -Obamacare not repealed #whoops","","","#whoops","845373519328370688","https://twitter.com/jamfan40/status/845373519328370688"
"SamCroweee","2017-03-23 22:07","0","0","Think if I stand here long enough the wall will become black and blue? #draperjames #nashville https://www.instagram.com/p/BR_y9EJh4Ua/","","","#draperjames #nashville","845034264081018880","https://twitter.com/SamCroweee/status/845034264081018880"
"mikekahnle","2017-03-23 14:58","0","1","Stone wall, cows and goats. #mrenthusiasm #beprolific #modern #minimalism #feministdad https://www.instagram.com/p/BR_B37QFZnn/","","","#mrenthusiasm #beprolific #modern #minimalism #feministdad","844926340675571715","https://twitter.com/mikekahnle/status/844926340675571715"
"katfreakinfried","2017-03-23 02:46","0","1","edited outtakes from girl gang : anna     #nashville #nashvillephotography #vsco #vscocam https://www.instagram.com/p/BR9uHHnl20C/","","","#nashville #nashvillephotography #vsco #vscocam","844742183664173056","https://twitter.com/katfreakinfried/status/844742183664173056"
"geauxtygers","2017-03-22 22:42","0","1","Our Wall of Motivation! Thanks to my study hall kids for wanting to encourage their classmates!! https://www.instagram.com/p/BR9SKDZBu1m/","","","","844680667275247616","https://twitter.com/geauxtygers/status/844680667275247616"
"DenimJoe","2017-03-22 20:30","0","0","Dear Drug & Alcohol Addiction Hotline, don't call asking if I have a problem when you live in https://www.instagram.com/p/BR9DFa_DGwU/","","","","844647525067968513","https://twitter.com/DenimJoe/status/844647525067968513"
"ChaseOnGame","2017-03-22 17:39","0","1","She will always be on the wall... @Loveless Cafe https://www.instagram.com/p/BR8veoyFEPU/","","@Loveless","","844604415680172033","https://twitter.com/ChaseOnGame/status/844604415680172033"
"E2ResearchHSV","2017-03-22 14:04","0","0","New Drug Could Treat Alzheimer's, Multiple Sclerosis and Brain Injury http://www.esquaredresearch.com/articles/2017/3/22/new-drug-could-treat-alzheimers-multiple-sclerosis-and-brain-injury ","","","","844550444127047682","https://twitter.com/E2ResearchHSV/status/844550444127047682"
"amberlouise007","2017-03-22 02:08","0","0","Not pictured: me having a heart attack every time someone hit the wall in front of me. https://www.instagram.com/p/BR7FAs9AQHk/","","","","844370282034946048","https://twitter.com/amberlouise007/status/844370282034946048"
"angatc","2017-03-21 19:25","0","3","In front of the @ramseyshow Debt Free Wall @Ramsey Solutions https://www.instagram.com/p/BR6W4LUDXs3/","","@ramseyshow @Ramsey","","844268839030394880","https://twitter.com/angatc/status/844268839030394880"
"thedylankip","2017-03-21 19:11","0","0","I just hope my future is a bright and this pink wall #spring #localbusiness @Sub Stop https://www.instagram.com/p/BR6VPEXl-Zo/","","@Sub","#spring #localbusiness","844265230419087360","https://twitter.com/thedylankip/status/844265230419087360"
"lemadjames","2017-03-21 00:38","0","1","Me n my gang @University of North Alabama https://www.instagram.com/p/BR4V4adjYsBlu8ywmIZ2n_2ZJ262VkmRkHe_ZY0/ ","","@University","","843985178057949193","https://twitter.com/lemadjames/status/843985178057949193"
"covey99","2017-03-21 00:34","0","0","Drinking a Gang of Blades by @burialbeer at @doubletree  http://untp.beer/s/c430667431","","@burialbeer @doubletree","","843984193050894342","https://twitter.com/covey99/status/843984193050894342"
"clashville","2017-03-21 00:17","0","0","Cobra is lit! Bands on stage, Animal House on the wall. Come get it @The Cobra Nashville https://www.instagram.com/p/BR4TfpHgQYo/","","@The","","843979916991512576","https://twitter.com/clashville/status/843979916991512576"
"bRooKieeee_12","2017-03-19 22:46","0","0","went to the famous wing wall today @Downtown Nashville https://www.instagram.com/p/BR1kRzMhyzg/","","@Downtown","","843594615462621184","https://twitter.com/bRooKieeee_12/status/843594615462621184"
"dji75mike","2017-03-19 20:55","0","0","Just posted a photo @Alabama /Tennessee border. https://www.instagram.com/p/BR1XmHlFyKj/","","@Alabama","","843566730861580293","https://twitter.com/dji75mike/status/843566730861580293"
"EmilyCMMusic","2017-03-19 18:50","2","11","When there's a wall with Chris Stapleton on it in East Nashville you stop and get your picture https://www.instagram.com/p/BR1JM77gRWi/","","","","843535073613938690","https://twitter.com/EmilyCMMusic/status/843535073613938690"
"DavidOwenFilson","2017-03-19 18:41","0","0","The newest members of the Hair Bear Bunch! @U.S. Border Cantina https://www.instagram.com/p/BR1IQ_6DZav/","","@U","","843533019755560961","https://twitter.com/DavidOwenFilson/status/843533019755560961"
"pgregoryyy","2017-03-19 17:38","0","0","Happy to have you back from Mexico bby. Don't ever leave me again @Coyote Jacks's Saloon https://www.instagram.com/p/BR1BA3sDNim/","","@Coyote","","843517069387796482","https://twitter.com/pgregoryyy/status/843517069387796482"
"MrGuilt","2017-03-19 15:32","0","0","Ready for last ride of #Darkhorseracing camp. #cycling #bikebikebike @Alabama /Tennessee border. https://www.instagram.com/p/BR0yl94jvsL/","","@Alabama","#Darkhorseracing #cycling #bikebikebike","843485358440550400","https://twitter.com/MrGuilt/status/843485358440550400"
"StreetJelly","2017-03-18 18:18","0","0","#LiveStreamMusic YorStuff Wills Wall http://www.StreetJelly.com/YorStuff #Country #Rock","","","#LiveStreamMusic #Country #Rock","843164750985023490","https://twitter.com/StreetJelly/status/843164750985023490"
"cowboy_ben","2017-03-18 07:24","0","0","#Travelarchives from #2010. . . The wall of gold records at the Country Music Hall of Fame and https://www.instagram.com/p/BRxV-r6jg3d/","","","#Travelarchives #2010","843000225405026304","https://twitter.com/cowboy_ben/status/843000225405026304"
"mvillarjones","2017-03-17 01:51","0","2","Wall of Stars!! Plaza Mexican Grill is helping grant wishes. https://www.instagram.com/p/BRuLA0EFYgVGTTJEPqEhuqdUbjX1EGXjfRXvzU0/ ","","","","842553905028513796","https://twitter.com/mvillarjones/status/842553905028513796"
"SmarttImages","2017-03-16 23:02","0","0","The old gang for St. Pattie's Eve @McCrearysPub! #pubclub #franklintn #visitfranklintn https://www.instagram.com/p/BRt3vpThHjc/","","@McCrearysPub","#pubclub #franklintn #visitfranklintn","842511523805192192","https://twitter.com/SmarttImages/status/842511523805192192"
"jennyraymusic","2017-03-16 17:39","0","1","#tbt This photo makes me weirdly nostalgic because it hung on the @clivedavisinst wall for four https://www.instagram.com/p/BRtSv4nggrj/","","@clivedavisinst","#tbt","842430167083556864","https://twitter.com/jennyraymusic/status/842430167083556864"
"DeadGirlz1","2017-03-16 10:42","0","0","A painting I made 20+ years ago is still hanging on a friend's parents kitchen wall . :) https://www.instagram.com/p/BRsjB3eltEQ/","","","","842325235760271364","https://twitter.com/DeadGirlz1/status/842325235760271364"
"TNRepParkinson","2017-03-16 04:31","0","0","State Rep. Antonio Parkinson asking the criminal committee if they ever broke the law @ https://www.instagram.com/p/BRr4hnRlxjG/","","@","","842231781344608256","https://twitter.com/TNRepParkinson/status/842231781344608256"
"BigBadBumgarner","2017-03-16 03:04","0","0","We helped Make America Great Again today! @Metro Nashville https://www.instagram.com/p/BRrunRjBcoxGgOn2ri30_n1xEJ-GyuKRDjswMU0/ ","","@Metro","","842209977972412416","https://twitter.com/BigBadBumgarner/status/842209977972412416"
"P_Knightt","2017-03-16 01:44","0","0","Make America Great Again. #RushPike #MAGA @Nashville, Tennessee https://www.instagram.com/p/BRrlc7aA-afXXKnfdCDF2mlndccm35niWinhCU0/ ","","@Nashville","#RushPike #MAGA","842189848551276549","https://twitter.com/P_Knightt/status/842189848551276549"
"AfroThespis","2017-03-15 21:04","0","0","Just posted a photo @Davidson County Criminal Court https://www.instagram.com/p/BRrFazxh4n0/","","@Davidson","","842119377407295488","https://twitter.com/AfroThespis/status/842119377407295488"
"reanna_moss","2017-03-15 21:04","0","0","To the person who ruined the ""I Believe in Nashville"" wall today, you suck and are full of hate. https://www.instagram.com/p/BRrFXmHjGaq/","","","","842119293433176064","https://twitter.com/reanna_moss/status/842119293433176064"
"CSExaminerNews","2017-03-15 02:18","0","0","TWO INDICTED FOLLOWING DRUG INVESTIGATION IN SEVIER COUNTY http://www.wtenewsnow.com/crimeseen/2017/3/14/two-indicted-following-drug-investigation-in-sevier-county ","","","","841835851004952576","https://twitter.com/CSExaminerNews/status/841835851004952576"
"OKeeffe_Jim","2017-03-14 22:54","0","1","#MCIF - Take down those instruments hanging on the wall, tune 'em up, and join us https://www.instagram.com/p/BRotIuAAEVP/","","","#MCIF","841784516905689088","https://twitter.com/OKeeffe_Jim/status/841784516905689088"
"kindersmorgie","2017-03-14 12:54","0","3","Our marshmallow rainbows look so good on our black wall!!! @J. E. Moss Elementary https://www.instagram.com/p/BRnoedHjhV1/","","@J","","841633522322419712","https://twitter.com/kindersmorgie/status/841633522322419712"
"RandySantel","2017-03-13 23:12","0","3","I have some completely ridiculous friends haha this is now the Wall Of Fame at The Pied Piper https://www.instagram.com/p/BRmKb4WlWKZ/","","","","841426730040602626","https://twitter.com/RandySantel/status/841426730040602626"
"foxxxynyla","2017-03-13 17:34","0","0","I'm at Kentucky/Tennessee Border in Oak Grove, KY https://www.swarmapp.com/c/2gEyAsqCxmd","","","","841341737931034624","https://twitter.com/foxxxynyla/status/841341737931034624"
"DJGhostDogg","2017-03-13 14:51","0","0","Beard Gang Chronicles: Shave What #readmeme #readcaption #beardgangchronicles #selfexplanatory https://www.instagram.com/p/BRlRFOBhoDs/","","","#readmeme #readcaption #beardgangchronicles #selfexplanatory","841300602185367552","https://twitter.com/DJGhostDogg/status/841300602185367552"
"joshkerrmusic","2017-03-13 13:56","0","0","@destineequinn KILLIN the wall art game!! So excited to put these on display in my house. Highly https://www.instagram.com/p/BRlKy5KBWCr/","","@destineequinn","","841286783513985024","https://twitter.com/joshkerrmusic/status/841286783513985024"
"joshroe","2017-03-12 22:18","0","1","Clarence Schutt has this picture on his wall. It also hangs on the wall at @marinemuseum - https://www.instagram.com/p/BRjfiVhBJgI/","","@marinemuseum","","841050911849906176","https://twitter.com/joshroe/status/841050911849906176"
"JeromyABailey","2017-03-12 18:50","0","3","A few pics from rehearsals in #Nashville a couple weeks ago with @luke__pell and the gang. What https://www.instagram.com/p/BRjHueGAga-/","","@luke__pell","#Nashville","840998552226713600","https://twitter.com/JeromyABailey/status/840998552226713600"
"randysthomas","2017-03-12 16:14","0","0","Jack Daniel's wall of glass. #jackdaniels #tennesseewhiskey #historiclynchburg @Historic Jack https://www.instagram.com/p/BRi12hHDzeT/","","@Historic","#jackdaniels #tennesseewhiskey #historiclynchburg","840959251052941313","https://twitter.com/randysthomas/status/840959251052941313"
"amber_leigh","2017-03-12 15:59","0","0","You gonna eat those eggs? #Guinness breakfast with @mattcrowning and the gang @Nashville, https://www.instagram.com/p/BRi0G0VDwQe/","","@mattcrowning @Nashville","#Guinness","840955418771881984","https://twitter.com/amber_leigh/status/840955418771881984"
"codelemur","2017-03-12 04:16","1","2","Seems to be a rain/sleet mix in Madison, near Gillespie and Wall-Triana. #alwx #valleywx","","","#alwx #valleywx","840778472138145792","https://twitter.com/codelemur/status/840778472138145792"
"BestPaintersTen","2017-03-12 01:45","0","0","Change up the look of your room! Add a painted accent wall. https://goo.gl/yOO7L4 . https://www.instagram.com/p/BRhSWrfAZs7/","","","","840740453041504256","https://twitter.com/BestPaintersTen/status/840740453041504256"
"EliotLorango","2017-03-11 22:07","0","1","Hangs in Nashville last night with bsimpsy Not sure if he was trying to make a gang signs or https://www.instagram.com/p/BRg5YhIALXh/","","","","840685537652551681","https://twitter.com/EliotLorango/status/840685537652551681"
"mvillarjones","2017-03-11 20:39","0","2","Wall of stars at Initial This. Granting wishes one star at a time! https://www.instagram.com/p/BRgvVjLFrEMtTZ3I6pSflpZY6pPHyWcEqlJoeg0/ ","","","","840663457934499841","https://twitter.com/mvillarjones/status/840663457934499841"
"mvillarjones","2017-03-11 19:25","0","1","Wall of stars @Jumbo and Delicious #whyIwalk2017 https://www.instagram.com/p/BRgm6HGFKtIQCg_cGZEDrbQd088yBsJPKTFfo80/ ","","@Jumbo","#whyIwalk2017","840644919488348160","https://twitter.com/mvillarjones/status/840644919488348160"
"jakelagrone","2017-03-11 16:44","0","0","Well we just need Chris Downer out here and we would have the whole gang back together. Marcus https://www.instagram.com/p/BRgUehJg68q/","","","","840604384560050176","https://twitter.com/jakelagrone/status/840604384560050176"
"jakelagrone","2017-03-11 16:41","0","0","Well we are just needing Chris Downer here to have the gang back together: Marcus enjoying https://www.instagram.com/p/BRgULBjANny/","","","","840603709927219200","https://twitter.com/jakelagrone/status/840603709927219200"
"DrPhillENT","2017-03-11 03:23","0","1","#HackedBy: #Sfg 1st_gang @PlumFoolBT @300Shawty3D #WePissWitDatTool @BTDaMob #BT #SoufSide #Mobb https://www.instagram.com/p/8BrLYcqDUG/","","@PlumFoolBT @300Shawty3D @BTDaMob","#HackedBy #Sfg #WePissWitDatTool #BT #SoufSide #Mobb","840402685065068544","https://twitter.com/DrPhillENT/status/840402685065068544"
"namastaygrape","2017-03-11 01:43","0","0","Wall of records @Country Music Hall of Fame and Museum https://www.instagram.com/p/BRetVHkgULe20VDzca6UCt-S7vug1lpYMjKfJw0/ ","","@Country","","840377557438615554","https://twitter.com/namastaygrape/status/840377557438615554"
"BestPaintersTen","2017-03-10 16:56","0","0","Painted the accent wall to match the counter tops. https://goo.gl/yOO7L4 #martinsqualitypainting https://www.instagram.com/p/BRdxGSUAKRL/","","","#martinsqualitypainting","840245109258125312","https://twitter.com/BestPaintersTen/status/840245109258125312"
"xtinalynne","2017-03-10 02:14","0","0","Beverages (@Kroger 4579 wall triana madison al in Madison, AL w/ @ssaint04) https://www.swarmapp.com/c/11f5b3ehdGK","","@Kroger @ssaint04","","840023071734001664","https://twitter.com/xtinalynne/status/840023071734001664"
"PerkUpCafe_TN","2017-03-09 13:29","0","0","These Have JUMPED OFF the wall - ONLY 3 REMAINING - $24.00 (Free In-Store Pick-up - Shipping https://www.instagram.com/p/BRa0i50hjaA/","","","","839830472322535424","https://twitter.com/PerkUpCafe_TN/status/839830472322535424"
"mira_0nthe_wall","2017-03-07 16:34","0","0","We walked, biked, ate and drank our way thru Nash this weekend...tnx https://www.instagram.com/p/BRWALlHAirSckTCZTUwe-A3k4au6SsfnpdPKWg0/ ","","","","839152380818128906","https://twitter.com/mira_0nthe_wall/status/839152380818128906"
"DaveeC_","2017-03-07 03:24","1","0","I see what you did there RT @OGBEARD: Painting that white spot on the wall because that would drive me insane. https://twitter.com/cliffbreazzy/status/838925064720560128 ","","@OGBEARD","","838953490638585856","https://twitter.com/DaveeC_/status/838953490638585856"
"amber_hadley00","2017-03-06 04:42","0","1","Cinderella and her gang has one show left. Come out and support SGC theatre department https://www.instagram.com/p/BRSJ3dAAzQU/","","","","838610722624004096","https://twitter.com/amber_hadley00/status/838610722624004096"
"stephenmhudak","2017-03-06 00:40","0","0","The Great Wall of Chocolate at P.F. Chang's. @janette_turner's hand for scale. @P.F. Chang's https://www.instagram.com/p/BRRuJMhjDrh/","","@janette_turner @P","","838549760034353154","https://twitter.com/stephenmhudak/status/838549760034353154"
"alocke0","2017-03-05 21:36","0","0","The gang back together again to celebrate Loren & Seth's beautiful https://www.instagram.com/p/BRRZJ69BcYGIdR7o0OTls3Qf_Es4LIsAM_CVpk0/ ","","","","838503610661007360","https://twitter.com/alocke0/status/838503610661007360"
"medinavbenny","2017-03-05 07:00","0","0","Saturday night #Mxico #USA #Venezuela @Nashville, Tennessee https://www.instagram.com/p/BRP0zxAh6_i/","","@Nashville","#Mxico #USA #Venezuela","838282940488429569","https://twitter.com/medinavbenny/status/838282940488429569"
"tonyroseshow","2017-03-04 17:02","3","0","One of the real good people in BG. Jimmy and the gang at Guarantee Pest Control at #HomeExpo2017 https://www.instagram.com/p/BROVAfUBS_T/","","","#HomeExpo2017","838072275408560128","https://twitter.com/tonyroseshow/status/838072275408560128"
"rmproute66","2017-03-04 15:18","0","0","I'm at Nissan Mexico NP Nissan Export Center in Mount Juliet, TN https://www.swarmapp.com/c/0HeQYrR2HKi","","","","838046060455002114","https://twitter.com/rmproute66/status/838046060455002114"
"PerkUpCafe_TN","2017-03-04 13:38","0","0","Plenty of stock designs on the JCL Metals display wall for you to choose from OR you can request https://www.instagram.com/p/BRN9qWCBg0l/","","","","838020933524697088","https://twitter.com/PerkUpCafe_TN/status/838020933524697088"
"KonaIceMiddleTn","2017-03-03 22:14","0","0","Nothing like your FIRST Kona Ice! @Reeves-Sain Drug Store https://www.instagram.com/p/BRMT1uaAzdg/","","@Reeves","","837788228354772993","https://twitter.com/KonaIceMiddleTn/status/837788228354772993"
"Freak4Harvick","2017-03-03 09:45","0","0","I'm at Kentucky/Tennessee Border in Oak Grove, KY https://www.swarmapp.com/c/1jaoaJqyVjH","","","","837599788405227521","https://twitter.com/Freak4Harvick/status/837599788405227521"
"ponydarling","2017-03-02 21:02","0","0","The light coming in the shop this morning made such cute shadows on the wall! https://www.instagram.com/p/BRJmzmPlQLi/","","","","837407731770355712","https://twitter.com/ponydarling/status/837407731770355712"
"papajinx","2017-03-02 18:02","0","0","I'm at Great Wall of China Restaurant in Franklin, TN https://www.swarmapp.com/c/2NwRXqH3GM3","","","","837362420607823874","https://twitter.com/papajinx/status/837362420607823874"
"NuclearWomprat","2017-03-02 17:32","0","0","This must be Thursday, I never could get the hang of Thursdays @Wall Street https://www.instagram.com/p/BRIFopDlM8l/","","@Wall","","837354856239230976","https://twitter.com/NuclearWomprat/status/837354856239230976"
"Thegentsstache","2017-03-02 16:04","0","0","Our best selling wall hanger is BACK!!! We've got tons of new greenery and floral, too! https://www.instagram.com/p/BRJEupmjZz6/","","","","837332794242117632","https://twitter.com/Thegentsstache/status/837332794242117632"
"JLDesignTN","2017-03-01 16:29","0","0","This wall decor for a client's bathroom sure makes a statement!    #nashvilleinteriors https://www.instagram.com/p/BRGiyzxDGet/","","","#nashvilleinteriors","836976689921982464","https://twitter.com/JLDesignTN/status/836976689921982464"
"hannahgoodwin__","2017-03-01 16:02","0","1","Can't wait to cruise to Mexico in less than a week with ya @ https://www.instagram.com/p/BRGfv84hXxxZPkkzJz99yPiHFlM4V6Aa5NQYdo0/ ","","@","","836969997545046016","https://twitter.com/hannahgoodwin__/status/836969997545046016"
"Circle_R185","2017-03-01 12:57","0","0","Ha Ha LMAO Ha Ha RT @mdjtraveler: @KGBr67 @AandGShow Here's CRIMINAL (cont) http://tl.gd/nnh358","","@mdjtraveler @KGBr67 @AandGShow","","836923378091048960","https://twitter.com/Circle_R185/status/836923378091048960"
"spotternetwork","2017-03-01 06:14","1","3","Spotr 2 miles ESE of HOPKINSVILLE, KY @06:13 UTC Rotating Wall Cloud>-Notable rotation no funnel at this time","","@06","","836821939775746052","https://twitter.com/spotternetwork/status/836821939775746052"
"DaGreatest40","2017-02-28 15:36","1","0","Gang @Tennessee State University https://www.instagram.com/p/BRD38dKFoDi/","","@Tennessee","","836600993764814849","https://twitter.com/DaGreatest40/status/836600993764814849"
"Freak4Harvick","2017-02-28 13:30","0","0","I'm at Kentucky/Tennessee Border in Oak Grove, KY https://www.swarmapp.com/c/45JY25fywAZ","","","","836569368934907905","https://twitter.com/Freak4Harvick/status/836569368934907905"
"angemartin","2017-02-28 13:19","0","0","Presents from Mexico way way too early on this Mardi Gras https://www.instagram.com/p/BRDoQUjlUMfdmGEiQ95_XvURf6rZkn1P33FCto0/ ","","","","836566490149236737","https://twitter.com/angemartin/status/836566490149236737"
"alexmbryant","2017-02-28 03:44","0","0","your drug is a heartbreaker @Scottsboro, Alabama https://www.instagram.com/p/BRCmcbgjBKOXE3UkN8fJ8IHRRkl_meaOwgpgfc0/ ","","@Scottsboro","","836421767094751232","https://twitter.com/alexmbryant/status/836421767094751232"
"CeoYfc","2017-02-28 02:25","1","1","Out Now !  s/o @SupProd for da inspiration gang shit only #9thWard to #HighlandParc https://www.instagram.com/p/BRCdYc6BReR/","","@SupProd","#9thWard #HighlandParc","836401843362123776","https://twitter.com/CeoYfc/status/836401843362123776"
"VanderbiltCLAS","2017-02-28 00:22","0","0","#Repost @vanderbilttfc  In good company at tonight's panel discussion on Mexico & US trade https://www.instagram.com/p/BRCPQoBjXe4/","","@vanderbilttfc","#Repost","836370873938501632","https://twitter.com/VanderbiltCLAS/status/836370873938501632"
"amespearson16","2017-02-27 22:06","0","1","Best part of paying land taxes in JCounty.... ice cream at the Drug https://www.instagram.com/p/BRB_xHcFjzuIh-nuyWqf56cv_QBaHKBPJ-XXgA0/ ","","","","836336727086272513","https://twitter.com/amespearson16/status/836336727086272513"
"lawyerlookbook","2017-02-27 03:08","0","1","Gang's all here. http://liketk.it/2qwL6 liketoknow.it #liketkit @Nashville, Tennessee https://www.instagram.com/p/BQ_9hg0F8s8/","","@Nashville","#liketkit","836050319922642945","https://twitter.com/lawyerlookbook/status/836050319922642945"
"JHitteMusic","2017-02-26 00:56","0","3","""Just like Jericho, we're gonna shout till every wall comes down."" This line was given to me https://www.instagram.com/p/BQ9JkyqFbF4/","","","","835654642285555714","https://twitter.com/JHitteMusic/status/835654642285555714"
"jennyraymusic","2017-02-25 23:55","0","1","WHAT A GANG & WHAT A WAY TO SPEND A SATURDAY. #nashville #repost @Nashville, Tennessee https://www.instagram.com/p/BQ9CoZlArNe/","","@Nashville","#nashville #repost","835639324351823872","https://twitter.com/jennyraymusic/status/835639324351823872"
"jodiashbrook","2017-02-25 20:47","0","0","A wall of gold, silver and platinum and Elvis' piano right in the space where he recorded all of https://www.instagram.com/p/BQ8tICNBCoG/","","","","835592034807230464","https://twitter.com/jodiashbrook/status/835592034807230464"
"EdDavis7","2017-02-25 01:35","0","21","#oreillyfactor The Mexican government is responsible for their citizens crossing our border illegally. They own it.","","","#oreillyfactor","835302237421334528","https://twitter.com/EdDavis7/status/835302237421334528"
"AmandaMayPhotos","2017-02-25 00:24","0","0","Still no baby... so instead I share this awesome window light and plaster wall from a June https://www.instagram.com/p/BQ6hIZrBqlm/","","","","835284184776114176","https://twitter.com/AmandaMayPhotos/status/835284184776114176"
"libbykoch","2017-02-24 21:26","0","0","You're the only ten I see #punchdrunk (@Kentucky/Tennessee Border in Oak Grove, KY) https://www.swarmapp.com/c/5dcNrrU4fCK","","@Kentucky","#punchdrunk","835239570899890177","https://twitter.com/libbykoch/status/835239570899890177"
"Circle_R185","2017-02-24 20:31","0","0","No wall, did very deep, wide trench using massive coal mining drag lines piling all tailings very (cont) http://tl.gd/nngk6t","","","","835225642266464256","https://twitter.com/Circle_R185/status/835225642266464256"
"GrahamDogg","2017-02-23 05:18","0","2","Reverse Buzzards custom record wall art. @Nashville, Tennessee https://www.instagram.com/p/BQ15P0IgWhk/","","@Nashville","","834633529283715072","https://twitter.com/GrahamDogg/status/834633529283715072"
"micahkandros","2017-02-22 20:16","0","2","Great day shooting with the @shereadstruth @bhpub gang! Workout for the day - done! #profoto https://www.instagram.com/p/BQ07NkAh2q8/","","@shereadstruth @bhpub","#profoto","834497116378509313","https://twitter.com/micahkandros/status/834497116378509313"
"WGNSRadio","2017-02-22 15:41","0","0","Action Line - Rutherford County Criminal Justice System http://dlvr.it/NRrsdf -Podcast","","","","834427869245771777","https://twitter.com/WGNSRadio/status/834427869245771777"
"WGNSRadio","2017-02-22 15:07","0","0","Action Line - Rutherford County Criminal Justice System http://dlvr.it/NRr3D0 -Podcast","","","","834419361133666305","https://twitter.com/WGNSRadio/status/834419361133666305"
"VolBeast21","2017-02-22 14:15","0","0","Footwork/agility day pt.2 .. added in wall ball with a twist for reaction . #highschool https://www.instagram.com/p/BQ0R6N_hxSQ/","","","#highschool","834406286716309504","https://twitter.com/VolBeast21/status/834406286716309504"
"VipdOut","2017-02-22 00:01","0","0","Who can guess what's behind that wall #vipdout #vipdout #vipdoutapproved https://www.instagram.com/p/BQywJeHBCR8/","","","#vipdout #vipdout #vipdoutapproved","834191347577872384","https://twitter.com/VipdOut/status/834191347577872384"
"dwlittlefield","2017-02-21 20:32","0","0","Bath wall #custom @The Bobby Hotel https://www.instagram.com/p/BQyYPexDtZi/","","@The","#custom","834138735608524804","https://twitter.com/dwlittlefield/status/834138735608524804"
"calvincandesign","2017-02-21 16:23","0","0","Shopping in Franklin today...anyone need this for the wall? @ https://www.instagram.com/p/BQx7xXWDP1OOBFLojEJ_UlC-JiI_umFoVBMgAs0/ ","","@","","834076135965212672","https://twitter.com/calvincandesign/status/834076135965212672"
"audskelton","2017-02-21 15:25","0","0","I love our bedroom's mini-gallery wall and think it's kinda the perfect conglomeration of both https://www.instagram.com/p/BQx1HKAjtJd/","","","","834061485424902144","https://twitter.com/audskelton/status/834061485424902144"
"InsuranceAnswer","2017-02-21 12:05","0","0","Brandee Bower Expands Her Practice into New Mexico http://bit.ly/2mhqqgb #Insurance #Answers","","","#Insurance #Answers","834011183006916609","https://twitter.com/InsuranceAnswer/status/834011183006916609"
"DallasJorge","2017-02-21 09:15","0","0","Mexico!! (@Nashville International Airport - @fly_nashville in Nashville, TN) https://www.swarmapp.com/c/3G5Gh2ktTPm","","@Nashville @fly_nashville","","833968317631176704","https://twitter.com/DallasJorge/status/833968317631176704"
"scavellathedr","2017-02-21 06:24","0","0","Only that gang life be giving young boys the hope, i.e. dope for the saddest nights with no satellite.","","","","833925329966227456","https://twitter.com/scavellathedr/status/833925329966227456"
"jamfan40","2017-02-20 21:48","0","1","We just need a wall of ""Old Man Yells At Cloud"" under this Brent Musberger tweet @RedSox730 pic.twitter.com/zUQvxw6ln0","","@RedSox730","","833795471160258561","https://twitter.com/jamfan40/status/833795471160258561"
"CSExaminerNews","2017-02-20 16:58","0","0","SNEEDVILLE MAN INDICTED, ARRESTED ON DRUG AND WEAPONS CHARGES http://www.wtenewsnow.com/crimeseen/2017/2/20/sneedville-man-indicted-arrested-on-drug-and-weapons-charges ","","","","833722498185383936","https://twitter.com/CSExaminerNews/status/833722498185383936"
"mcrose94","2017-02-19 23:17","0","0","AD & Boogie, huh?? Just go ahead and do what it takes to get Wall and Booker there and Ill switch my favorite team, no questions asked.","","","","833455606455480320","https://twitter.com/mcrose94/status/833455606455480320"
"Thegentsstache","2017-02-19 18:09","0","0","We are OPEN! I wanted a word wall, because words can make or break someone's day! Say I love you https://www.instagram.com/p/BQs-RAvDqY0/","","","","833377927504986112","https://twitter.com/Thegentsstache/status/833377927504986112"
"traylorwoodall","2017-02-19 17:06","0","0","Great to have the whole gang together for a belated Valentine's! @ https://www.instagram.com/p/BQs3GvVFEY-OExbfWLBu8syFI_5UE_pRUv3IlY0/ ","","@","","833362198416224262","https://twitter.com/traylorwoodall/status/833362198416224262"
"LexiFunk4","2017-02-19 03:23","0","0","2 cups of coffee and a macaroon later @No Sleep Gang https://www.instagram.com/p/BQrY2LejkUJ/","","@No","","833154901559631872","https://twitter.com/LexiFunk4/status/833154901559631872"
"Buckeyefan2424","2017-02-18 23:26","0","0","Poster on the wall before the sink hole @Bowling Green, Kentucky https://www.instagram.com/p/BQq91Nwlis1YcKOq_UQFfw5wJqyLpeMv6Swhs40/ ","","@Bowling","","833095499091738626","https://twitter.com/Buckeyefan2424/status/833095499091738626"
"michaelEsparks","2017-02-18 23:14","0","0","The #AMSOIL gang at the #nwtf 2017 expo. Stop by booth 1003, we have plenty of the new AMSOIL https://www.instagram.com/p/BQq8bx1giKm/","","","#AMSOIL #nwtf","833092418966781953","https://twitter.com/michaelEsparks/status/833092418966781953"
"matt_longworth","2017-02-18 23:11","0","0","Back in the groove. This time on the other side of the wall as a musician. Wish we had this https://www.instagram.com/p/BQq8C_OAlNy/","","","","833091571650330625","https://twitter.com/matt_longworth/status/833091571650330625"
"SaraBillPhoto","2017-02-18 22:03","0","0","We made a wall! Now to get everything else together for my first bridal show tomorrow.. @ https://www.instagram.com/p/BQq0UdXB9YH/","","@","","833074578830168064","https://twitter.com/SaraBillPhoto/status/833074578830168064"
"KateCiaraHodges","2017-02-18 21:14","0","1","I believe in Nashville #Mural #Wall #Art #Nashville @Nashville, Tennessee https://www.instagram.com/p/BQqutV8FsKi/","","@Nashville","#Mural #Wall #Art #Nashville","833062249224892417","https://twitter.com/KateCiaraHodges/status/833062249224892417"
"StreetJelly","2017-02-18 19:25","0","1","#LiveStreamMusic YorStuff Wills Wall http://www.StreetJelly.com/YorStuff #Country #Rock","","","#LiveStreamMusic #Country #Rock","833034708971827200","https://twitter.com/StreetJelly/status/833034708971827200"
"trucker_derek","2017-02-18 18:59","0","0","I'm at Kentucky/Tennessee Border in Oak Grove, KY https://www.swarmapp.com/c/fLer8VF6Fti","","","","833028088367816704","https://twitter.com/trucker_derek/status/833028088367816704"
"m0lectricule1","2017-02-18 00:39","0","0","""Riddle on the wall, tell me all the ways to stay away."" https://www.instagram.com/p/BQohS-JDMvUA7EyCp8NYxq0GEs2MrdEmZsRp-Q0/ ","","","","832751270796603392","https://twitter.com/m0lectricule1/status/832751270796603392"
"DJWRIGHTFUL","2017-02-17 23:41","0","0","#Repost from @fleetdjs - djdoenation_mixtapes - Out now ""Money Gang Campaign Vol.1 https://www.instagram.com/p/BQoaqPBjR51/","","@fleetdjs","#Repost","832736677424607236","https://twitter.com/DJWRIGHTFUL/status/832736677424607236"
"Adam_Polk","2017-02-17 20:07","0","0","When you come in the wrong entrance at the rest stop. @Kentucky State Border https://www.instagram.com/p/BQoCPZwjBWO/","","@Kentucky","","832682981445603331","https://twitter.com/Adam_Polk/status/832682981445603331"
"jeffreyjames","2017-02-17 19:17","0","1","It's just a wall or is it? @Barista Parlor Golden Sound https://www.instagram.com/p/BQnq85shsBT/","","@Barista","","832670230660812801","https://twitter.com/jeffreyjames/status/832670230660812801"
"CSExaminerNews","2017-02-17 18:47","0","0","FOUR INDICTED IN JOINT COCKE COUNTY DRUG INVESTIGATION http://www.wtenewsnow.com/crimeseen/2017/2/17/four-indicted-in-joint-cocke-county-drug-investigation ","","","","832662847062618117","https://twitter.com/CSExaminerNews/status/832662847062618117"
"painsthee","2017-02-17 17:53","0","0","Dramatic lighting shop is dramatic. @4 Wall Entertainment Lighting-Nashville https://www.instagram.com/p/BQny3Yvlc_W/","","@4","","832649180501929984","https://twitter.com/painsthee/status/832649180501929984"
"bunch_sam","2017-02-17 11:34","0","0","@WhiteHouse #Deport DECA kids that find them selves arrested for gang activities, or crimes. You cannot show compassion to criminals.","","@WhiteHouse","#Deport","832553798207995906","https://twitter.com/bunch_sam/status/832553798207995906"
"britneycmccoy","2017-02-16 18:38","0","0","#tbt to finding this wall mural while walking around 12 South because it is giving me all those https://www.instagram.com/p/BQlTNwfDTVy/","","","#tbt","832298094708551682","https://twitter.com/britneycmccoy/status/832298094708551682"
"MarkAddison_USA","2017-02-16 17:26","0","0","Blue Bar tonight for Midtown Hoedown. Come hang with me @jaddiscountry and the gang! #nashville https://www.instagram.com/p/BQlLARzBzV2/","","@jaddiscountry","#nashville","832280036468092928","https://twitter.com/MarkAddison_USA/status/832280036468092928"
"BlueSkiesMag","2017-02-16 05:10","0","0","The flyaerodyne gang at their #PIA2017 booth. If you are in town, make sure stop by the booth https://www.instagram.com/p/BQj2zJ2j3b2/","","","#PIA2017","832094867320872960","https://twitter.com/BlueSkiesMag/status/832094867320872960"
"HeavenAleOolt","2017-02-15 20:55","0","0","Our sticker wall is slowly growing! If you have any extra brewery stickers, bring them to us! Or https://www.instagram.com/p/BQi-DeTFwos/","","","","831970090845364226","https://twitter.com/HeavenAleOolt/status/831970090845364226"
"themoonpies","2017-02-15 18:34","0","0","We're coming for y'all, Sheffield, Alabama! Get the gang together and let's hang TONIGHT at https://www.instagram.com/p/BQit9Wkl_qW/","","","","831934699589218304","https://twitter.com/themoonpies/status/831934699589218304"
"MillCreekBrewCo","2017-02-15 17:27","1","3","The gang's all here. #millcreekbrewco #localbeer #craftbeer #tncraftbeer @Mill Creek Brewing Co https://www.instagram.com/p/BQimQM0Dzv9/","","@Mill","#millcreekbrewco #localbeer #craftbeer #tncraftbeer","831917746736750592","https://twitter.com/MillCreekBrewCo/status/831917746736750592"
"skylermarrr","2017-02-15 02:11","0","0","this took a half hour bc john wouldn't stop making gang signs but he is still my valentine @ https://www.instagram.com/p/BQg9cDuhbvH/","","@","","831687257610285056","https://twitter.com/skylermarrr/status/831687257610285056"
"JeffFiene","2017-02-14 18:57","0","0","""Well damn."" ------ It's Valentine's Day, gang. #selfie #red #black #bowtie #Flash https://www.instagram.com/p/BQgLxRpBHp8/","","","#selfie #red #black #bowtie #Flash","831578036122193921","https://twitter.com/JeffFiene/status/831578036122193921"
"StarLineBooks","2017-02-14 16:42","0","0","On sale TOMORROW! Join us tomorrow evening at 7 p.m. for the book launch/reading of Immigration https://www.instagram.com/p/BQf8YoOAAQt/","","","","831544200369991681","https://twitter.com/StarLineBooks/status/831544200369991681"
"bunch_sam","2017-02-14 03:32","0","0","@seanhannity we need to annex Mexico.","","@seanhannity","","831345228607062018","https://twitter.com/bunch_sam/status/831345228607062018"
"bunch_sam","2017-02-14 03:17","0","0","@WhiteHouse Annex Mexico, then we can control the crime. They are not going to do it. Since so many want to come to this country.","","@WhiteHouse","","831341646793023492","https://twitter.com/bunch_sam/status/831341646793023492"
"brettastic","2017-02-14 00:38","0","0","A happy place to call home. Thanks for the beautiful work @jamescworsham on this new wall https://www.instagram.com/p/BQeOFgjFxws/","","@jamescworsham","","831301662333607937","https://twitter.com/brettastic/status/831301662333607937"
"Amandalynn720","2017-02-13 22:53","0","0","When randomly visit your parents and find something on the wall you made as a kid....  https://www.instagram.com/p/BQeCBKMgleV/","","","","831275114738151424","https://twitter.com/Amandalynn720/status/831275114738151424"
"RenovativeInter","2017-02-13 20:09","0","0","What a wicked wall of windows....cheers for sharing live_trendy_or_die -- we sold over 50 https://www.instagram.com/p/BQdvOQGDbNr/","","","","831233783085015042","https://twitter.com/RenovativeInter/status/831233783085015042"
"DiezelRaccoon","2017-02-13 13:46","0","3","I'm at Kentucky/Tennessee Border in Oak Grove, KY https://www.swarmapp.com/c/0mnVnEJzSNx","","","","831137480678240256","https://twitter.com/DiezelRaccoon/status/831137480678240256"
"drumninja6","2017-02-13 01:40","0","1","What a great time with #GoldyLocks and the #gang at out #photoshoot today, we are so #fortunate https://www.instagram.com/p/BQbwV7HAPnm/","","","#GoldyLocks #gang #photoshoot #fortunate","830954772152844289","https://twitter.com/drumninja6/status/830954772152844289"
"2groovywatkins","2017-02-12 17:41","0","0","some call it 'their' tribe/crew/squad/gang....well guys~~~this is my BUNCH. bunch of HUGS, https://www.instagram.com/p/BQa5icHjHVk/","","","","830834257178275842","https://twitter.com/2groovywatkins/status/830834257178275842"
"KaylaRae55","2017-02-12 02:49","0","0","Catch us in parking spot 197 checking out some Lynchvegas wall https://www.instagram.com/p/BQZTZZkhlN-qzPSgevj6bQVvwLEWghyi-WGqJ00/ ","","","","830609642300379137","https://twitter.com/KaylaRae55/status/830609642300379137"
"Freak4Harvick","2017-02-11 22:22","0","0","I'm at Kentucky/Tennessee Border in Oak Grove, KY https://www.swarmapp.com/c/5kRPDrt8T6i","","","","830542637933412352","https://twitter.com/Freak4Harvick/status/830542637933412352"
"nashnightowl","2017-02-11 22:22","0","0","#tonight #Johnnyneel & The Criminal Element Come get #funky with your favorite #nightowls https://www.instagram.com/p/BQY05__AipE/","","","#tonight #Johnnyneel #funky #nightowls","830542594551721984","https://twitter.com/nashnightowl/status/830542594551721984"
"akajimtadlock","2017-02-11 20:07","0","1","Make america great again! (@Costco Wholesale in Nashville, TN w/ @leslietadlock) https://www.swarmapp.com/c/4N9fsTY0gxE","","@Costco @leslietadlock","","830508564951269376","https://twitter.com/akajimtadlock/status/830508564951269376"
"megan_faulk","2017-02-11 17:00","0","0","Same dress. Same wall. Different baby! Excited to meet this little https://www.instagram.com/p/BQYQArIDzusTvLeFHQzCSA_XbfwF6kfTvnPvbk0/ ","","","","830461459297599491","https://twitter.com/megan_faulk/status/830461459297599491"
"carolinelawley","2017-02-11 06:21","0","0","Mirrors mirrors on the wall... @Trinity Broadcasting Network https://www.instagram.com/p/BQXG8drBtXD/","","@Trinity","","830300785330171904","https://twitter.com/carolinelawley/status/830300785330171904"
"momentummedia","2017-02-11 02:05","0","2","Printed and installed this nice wall mural at ClearView Baptist today. More to come next week. https://www.instagram.com/p/BQWpnk8jg0S/","","","","830236301773398017","https://twitter.com/momentummedia/status/830236301773398017"
"CaplingerRusty","2017-02-11 00:20","0","8","It's a sad day when the vols have to hire a recruiting coach with a criminal record to recruit the mid-state so Vandy doesn't get any!!","","","","830209894859100160","https://twitter.com/CaplingerRusty/status/830209894859100160"
"safetyjedi","2017-02-10 20:07","0","0","they never even addressed the statute that gives the president the power to limit immigration. Instead it based on opinion","","","","830146146777567232","https://twitter.com/safetyjedi/status/830146146777567232"
"jermytina","2017-02-09 20:53","0","0","The whole gang is here & getting along. Of course we stop playing when the camera comes out.  https://www.instagram.com/p/BQThGfIjqw9/","","","","829795356393213953","https://twitter.com/jermytina/status/829795356393213953"
"KTredsquirrel","2017-02-09 20:32","0","1","Something about crossing this state border (@Tennessee in Whites Creek, TN) https://www.swarmapp.com/c/1ywXFjYmQj5","","@Tennessee","","829790017560117251","https://twitter.com/KTredsquirrel/status/829790017560117251"
"mattwade","2017-02-09 13:32","0","0","Each Thursday morning at 8am, I drive to our Waverly Hope Center (1 of our 7 drug and alcohol https://www.instagram.com/p/BQSurC4gSlC/","","","","829684462585835521","https://twitter.com/mattwade/status/829684462585835521"
"loswhit","2017-02-09 03:45","0","5","I got home from Atlanta and Heather has a new sign up on our kitchen wall! I'm gonna love seeing https://www.instagram.com/p/BQRraMcldKO/","","","","829536550748901377","https://twitter.com/loswhit/status/829536550748901377"
"jamfan40","2017-02-08 18:56","0","0","This dude is a very friendly criminal. Stopping at red lights and stop signs during a police chase. pic.twitter.com/3j3iyvUobT","","","","829403551772323840","https://twitter.com/jamfan40/status/829403551772323840"
"StarLineBooks","2017-02-08 17:30","0","0","Make plans to attend the launch of Immigration Essays by Sybil Baker Wednesday, Feb. 15th https://www.instagram.com/p/BQQlGSSAhL5/","","","","829381930542051328","https://twitter.com/StarLineBooks/status/829381930542051328"
"TobyLemley","2017-02-08 13:28","0","0","GOD gave us life to LIVE.... now off to Mexico we go!!!  https://www.instagram.com/p/BQQJXpmjrTGpMqJADNMMujOwbgbNg8of7Bc2Iw0/ ","","","","829320957340839938","https://twitter.com/TobyLemley/status/829320957340839938"
"DrGregHodges","2017-02-08 02:40","0","0","Local hero Jonathan Bowling on the wall at Mission BBQ in Nashville. https://www.instagram.com/p/BQO_MB3B07MGIUT-RiZPAvgWVx37qnA6Vws45o0/ ","","","","829157828988325888","https://twitter.com/DrGregHodges/status/829157828988325888"
"MurrayStateArt","2017-02-08 00:48","1","0","Talking about how these wall sculptures work from @danielghill. His work is on display in the https://www.instagram.com/p/BQOybJQAyQg/","","@danielghill","","829129760940883969","https://twitter.com/MurrayStateArt/status/829129760940883969"
"mcrose94","2017-02-07 00:34","0","0","John Wall having his way right now.","","","","828763895124856833","https://twitter.com/mcrose94/status/828763895124856833"
"imtiffanyterror","2017-02-06 23:49","0","0","Drug myself out of bed to attend the How and Why of State Legislative Advocacy tonight. Wasn't https://www.instagram.com/p/BQMG5ToBDR6/","","","","828752564061556736","https://twitter.com/imtiffanyterror/status/828752564061556736"
"RoryEllisMusic","2017-02-06 19:09","0","2","I hope Trump's wall is as awesome as this one lol #trumpswall https://www.instagram.com/p/BQLmx6Cl8aeiZ8sF3Pnz2XwIBmEf5FIJ0iMxm80/ ","","","#trumpswall","828681947845107713","https://twitter.com/RoryEllisMusic/status/828681947845107713"
"EdDavis7","2017-02-06 03:36","1","0","@realDonaldTrump Why won't Mexico take care of their own citizens. Illegal immigration is Mexico's fault & yet America is blamed for it.....","","@realDonaldTrump","","828447261961101314","https://twitter.com/EdDavis7/status/828447261961101314"
"JesseSantoyo","2017-02-05 22:07","0","0","Iron sharpens iron. actthe4thwall #actors #nashville @The 4th Wall Acting Studio https://www.instagram.com/p/BQJWcrTgH_2/","","@The","#actors #nashville","828364552635031552","https://twitter.com/JesseSantoyo/status/828364552635031552"
"EdDavis7","2017-02-05 21:59","0","0","Question: Why won't Mexico take care of their own citizens? Fair question to ask. Why blame America 4 Mexico's failure to do what's right???","","","","828362408611692545","https://twitter.com/EdDavis7/status/828362408611692545"
"H2Owens","2017-02-05 18:47","0","2","Just crossed the Georgia/Tennessee border and made a pit stop. $26 later...I have my Funyuns!! https://www.instagram.com/p/BQI_d4kAo6b/","","","","828314017127157761","https://twitter.com/H2Owens/status/828314017127157761"
"wnkytv","2017-02-05 00:22","0","0","The whole @wnkytv gang getting ready for a group photo at Fur Ball tonight to benefit https://www.instagram.com/p/BQHA__9A-i8/","","@wnkytv","","828035922990157824","https://twitter.com/wnkytv/status/828035922990157824"
"giovannagomez","2017-02-04 18:54","0","0","Currently picking out wallpaper for a wall for my bedroom redo. I think I'm in love with this. https://www.instagram.com/p/BQGbibFDWrW/","","","","827953532074655746","https://twitter.com/giovannagomez/status/827953532074655746"
"JakeRoseMusic","2017-02-04 17:59","0","2","Wall Art. @Nashville, Tennessee https://www.instagram.com/p/BQGVRfQgOgk/","","@Nashville","","827939756675833861","https://twitter.com/JakeRoseMusic/status/827939756675833861"
"freecreampies","2017-02-04 17:45","0","0","i got a wall up","","","","827936108050800640","https://twitter.com/freecreampies/status/827936108050800640"
"SmokeMoreButts","2017-02-04 15:07","0","0","The gang is all here. It is a blistering 23 so I think the smoker blanket will be called into https://www.instagram.com/p/BQGBisDjKAt/","","","","827896367804710912","https://twitter.com/SmokeMoreButts/status/827896367804710912"
"thePaulMcDonald","2017-02-04 01:16","0","3","""OOOOOHHH YEAHHH"" - Pre-show vibes with the gang. @emont88 @krisdonegan @gabesimonsays https://www.instagram.com/p/BQEiYW2lZZP/","","@emont88 @krisdonegan @gabesimonsays","","827687125223141376","https://twitter.com/thePaulMcDonald/status/827687125223141376"
"DrMelShemberger","2017-02-03 13:55","0","2","Lane 3 from the wall. My lane for 1,600 yards this morning. Total yards after swimming three https://www.instagram.com/p/BQDUgxOBoaF/","","","","827515870691733504","https://twitter.com/DrMelShemberger/status/827515870691733504"
"lbutler225","2017-02-03 13:21","0","1","@realDonaldTrump If California wants out of the USA ...let's build a wall around them and send them the refugees","","@realDonaldTrump","","827507408285081600","https://twitter.com/lbutler225/status/827507408285081600"
"xtinalynne","2017-02-02 19:01","0","0","Hungry and impatient (@Kroger 4579 wall triana madison al in Madison, AL) https://www.swarmapp.com/c/1Rm56LKzW8n","","@Kroger","","827230406248382464","https://twitter.com/xtinalynne/status/827230406248382464"
"revival_tx","2017-02-02 03:16","0","0","Here's the dining room from the AirBNB in Nashville this past weekend. Loved the gallery wall https://www.instagram.com/p/BP_mlU1AMq_/","","","","826992657318739968","https://twitter.com/revival_tx/status/826992657318739968"
"kentyoungstrom","2017-02-02 01:48","0","0","lets paint - nashville. make something original + hang it on your wall. be proud. be https://www.instagram.com/p/BP_cgD5h7Zd/","","","","826970486559027200","https://twitter.com/kentyoungstrom/status/826970486559027200"
"VipdOut","2017-02-02 01:27","0","0","Nice find ! migs_garage  ground grinder gang @Vipdout Headquarters https://www.instagram.com/p/BP_aIfUA4Th/","","@Vipdout","","826965292391739392","https://twitter.com/VipdOut/status/826965292391739392"
"RyMB","2017-02-02 00:50","0","0","Red states are rallying in support of immigration y'all. And we've https://www.instagram.com/p/BP_V2i3lwscVpIOLlu2bvs0uqDJx7QiLKH0MJE0/ ","","","","826955873671139328","https://twitter.com/RyMB/status/826955873671139328"
"TylerAJames","2017-02-02 00:25","0","2","NO BAN, NO WALL. Tennessee stands tall! @Coleman Park https://www.instagram.com/p/BP_TC_4BcYR/","","@Coleman","","826949700599164928","https://twitter.com/TylerAJames/status/826949700599164928"
"blogofbeastmode","2017-02-02 00:17","0","0","If you live in Nashville, this is one of the best hole in the wall Greek places there is! http://ln.is/www.instagram.com/p/W408K ","","","","826947511990509570","https://twitter.com/blogofbeastmode/status/826947511990509570"
"themollyrocket","2017-02-01 21:47","1","2","SUPPORT UR LOCAL GRRL GANG @lizcoopermusic @LeahBlevins @whoa_dakota @ehernmusic https://www.instagram.com/p/BP_A-sdFHtj/","","@lizcoopermusic @LeahBlevins @whoa_dakota @ehernmusic","","826909986139860993","https://twitter.com/themollyrocket/status/826909986139860993"
"hmax17","2017-02-01 16:36","0","0","My cubicle is only so big but I have three wall calendars...One of my big pimpin' nephew, one https://www.instagram.com/p/BP-dS91lWkr/","","","","826831511236259845","https://twitter.com/hmax17/status/826831511236259845"
"audiovirtue","2017-02-01 15:00","0","0","Just enough wall for a 3'0 door! Sometimes you have to use every inch to make the most of the https://www.instagram.com/p/BP-SaUVg27y/","","","","826807561412288513","https://twitter.com/audiovirtue/status/826807561412288513"
"D5Blackwill","2017-02-01 01:06","0","1","99 beers on the wall @Taco Mac https://www.instagram.com/p/BP8y5Miga7u/","","@Taco","","826597515613057025","https://twitter.com/D5Blackwill/status/826597515613057025"
"SkyeSherman","2017-01-31 20:49","0","0","Did you even go to Nashville if you didn't get a picture in front of this wall? Welcome to the https://www.instagram.com/p/BP8VhKQgbjm/","","","","826532931124490240","https://twitter.com/SkyeSherman/status/826532931124490240"
"mcrose94","2017-01-31 04:11","0","0","coffee is one helluva drug","","","","826281712745381894","https://twitter.com/mcrose94/status/826281712745381894"
"imtiffanyterror","2017-01-31 01:37","0","0","Wall of security guards as we left. We all said thank you to them as we walked out. @Tennessee https://www.instagram.com/p/BP6RU5VBQri/","","@Tennessee","","826242874693914624","https://twitter.com/imtiffanyterror/status/826242874693914624"
"hazelwoodlabs","2017-01-30 19:55","0","0","I built a WALL @OZNashville I do all the best things with @Raspberry_Pi @OZ Arts Nashville https://www.instagram.com/p/BP5qjp_ANdt/","","@OZNashville @Raspberry_Pi @OZ","","826156972831600648","https://twitter.com/hazelwoodlabs/status/826156972831600648"
"radiowoody","2017-01-30 14:10","0","2","How will Illegal Immigrants get thru Trump's Wall! Two Words: ""Kool-aid Man"" @Woody & Jim https://www.instagram.com/p/BP5DEMwBABV/","","@Woody","","826070133227483138","https://twitter.com/radiowoody/status/826070133227483138"
"bunch_sam","2017-01-30 12:48","0","0","@foxandfriends Mexico is guilty and are working with the drug cartel.","","@foxandfriends","","826049369019445248","https://twitter.com/bunch_sam/status/826049369019445248"
"bunch_sam","2017-01-30 12:42","0","0","@realDonaldTrump Idea!!! Start using Drone's on drug cartel and smugglers on Mexican soil. Give a warning to mexico. Stop them or we will.","","@realDonaldTrump","","826047852824690688","https://twitter.com/bunch_sam/status/826047852824690688"
"bunch_sam","2017-01-30 12:38","0","0","@foxandfriends President should start using drones on Mexican drug cartel. And drug smuggler's on the Mexican side of the Border.","","@foxandfriends","","826046865418420225","https://twitter.com/bunch_sam/status/826046865418420225"
"JolynSwimwear","2017-01-30 00:42","0","1","We find print inspo everywhere. Pretty wall Here are our Martin leggings in the Tourin print. https://www.instagram.com/p/BP3mhxFllHH/","","","","825866644572471296","https://twitter.com/JolynSwimwear/status/825866644572471296"
"KillaKella723","2017-01-29 21:23","3","8","No ban, no wall, you come for one, you come for all #NoBanNoWall #615resist @Senator Bob Corker https://www.instagram.com/p/BP3P0aSgPh6/","","@Senator","#NoBanNoWall #615resist","825816698662113280","https://twitter.com/KillaKella723/status/825816698662113280"
"chrisfig58","2017-01-29 18:30","0","1","Brunch with Mom (@U.S. Border Cantina in Nashville, TN) https://www.swarmapp.com/c/4rGyh9vJg1R","","@U","","825773103724765184","https://twitter.com/chrisfig58/status/825773103724765184"
"hellomarko","2017-01-29 00:46","0","0","Caption contest - go!! (guess who these geezers voted for?!) #oldwhitemen @U.S. Border Cantina https://www.instagram.com/p/BP1CLofBkJ6/","","@U","#oldwhitemen","825505236139675648","https://twitter.com/hellomarko/status/825505236139675648"
"apstribling","2017-01-28 20:30","0","1","How cute is this?! Custom built/painted wall art $29 . . . #farmhouse #pretty #decor #shabby https://www.instagram.com/p/BP0k5NWFj-c/","","","#farmhouse #pretty #decor #shabby","825440840751411201","https://twitter.com/apstribling/status/825440840751411201"
"GeorgeVinson","2017-01-28 19:15","0","0","Crossing the border @Alabama Welcome Center https://www.instagram.com/p/BP0cVZeAzVK/","","@Alabama","","825422006887780352","https://twitter.com/GeorgeVinson/status/825422006887780352"
"mariatucker1","2017-01-28 15:55","0","0","The Rubber Chicken Of Excellence Wall of Achievement! Various illustrious winners from the past https://www.instagram.com/p/BP0Fb5_D-nR/","","","","825371664292671488","https://twitter.com/mariatucker1/status/825371664292671488"
"EdDavis7","2017-01-27 20:42","0","0","@ShepNewsTeam Mexico should take care of their own citizens so they wouldn't have to come to our country ILEGALLY! They should reimburse us.","","@ShepNewsTeam","","825081648047874049","https://twitter.com/EdDavis7/status/825081648047874049"
"centennial_nash","2017-01-27 18:56","0","1","West Nashville's number one ""wall art from Ghostbusters 2"" bar. #thenations #thecentennial https://www.instagram.com/p/BPx1Z3kDTps/","","","#thenations #thecentennial","825054926040600576","https://twitter.com/centennial_nash/status/825054926040600576"
"BrickBriscoe","2017-01-27 14:55","0","0","I got through the border patrol kind of quickly but Ron is still in customs. @Tennessee Welcome https://www.instagram.com/p/BPxZyEjj7Nq/","","@Tennessee","","824994189079412736","https://twitter.com/BrickBriscoe/status/824994189079412736"
"greg_u","2017-01-27 14:38","0","0","A little drug induced humor for your Friday morning. https://www.instagram.com/p/BPxXzsIDtiZ_xRI_abGDjwcOSxXmf17U7FUf1g0/ ","","","","824989843654582272","https://twitter.com/greg_u/status/824989843654582272"
"allanleque","2017-01-27 13:18","0","0","So #Trump is gonna put a Tax on imports from #Mexico. Is he gonna put a Tax on #China where most of his stuff is made? #taxallimports","","","#Trump #Mexico #China #taxallimports","824969862141374467","https://twitter.com/allanleque/status/824969862141374467"
"ChrisOwenz_","2017-01-27 08:34","0","0","The Ville 01.12.17 #Gang #Faded #NASHVILLE #TN #MusicCity #coasttocoast #roadtrip https://www.instagram.com/p/BPnalIDgg-H/","","","#Gang #Faded #NASHVILLE #TN #MusicCity #coasttocoast #roadtrip","824898463091396608","https://twitter.com/ChrisOwenz_/status/824898463091396608"
"ChrisOwenz_","2017-01-27 08:25","0","0","Gang at it again The Ville 01.12.17 #NASHVILLE #TN #MusicCity #coasttocoast #roadtrip https://www.instagram.com/p/BPnR3adAtRf/","","","#NASHVILLE #TN #MusicCity #coasttocoast #roadtrip","824896155641212928","https://twitter.com/ChrisOwenz_/status/824896155641212928"
"AllAboutMemphis","2017-01-26 20:59","0","0","Trump wants 20% tax on imports from Mexico to pay for wall http://www.cnn.com/2017/01/26/politics/donald-trump-mexico-import-tax-border-wall/index.html ","","","","824723500225220608","https://twitter.com/AllAboutMemphis/status/824723500225220608"
"TNRepParkinson","2017-01-26 20:59","0","0","Trump wants 20% tax on imports from Mexico to pay for wall http://www.cnn.com/2017/01/26/politics/donald-trump-mexico-import-tax-border-wall/index.html ","","","","824723495657623553","https://twitter.com/TNRepParkinson/status/824723495657623553"
"2_Shay","2017-01-26 20:59","0","0","Trump wants 20% tax on imports from Mexico to pay for wall http://www.cnn.com/2017/01/26/politics/donald-trump-mexico-import-tax-border-wall/index.html ","","","","824723487478743041","https://twitter.com/2_Shay/status/824723487478743041"
"jamfan40","2017-01-26 20:55","0","7","Congrats Trump supporters. Who is paying for the wall? We are!","","","","824722504182824965","https://twitter.com/jamfan40/status/824722504182824965"
"bunch_sam","2017-01-26 19:23","0","0","@FoxNews let the corps of Army Engineers build the damn Wall. We got to pay them anyway.","","@FoxNews","","824699357006012417","https://twitter.com/bunch_sam/status/824699357006012417"
"lonniestewart2","2017-01-26 19:15","0","0","we are alive and well and support the wall -first order of fed is to defend our borders from invasion","","","","824697261833801728","https://twitter.com/lonniestewart2/status/824697261833801728"
"emilyrobbins76","2017-01-26 16:41","0","0","Let's go y'all. Feeling a bit feisty this morning. Think it was all the dang wall balls at Fit https://www.instagram.com/p/BPvBLOCgtFK/","","","","824658598303334401","https://twitter.com/emilyrobbins76/status/824658598303334401"
"12thBroad","2017-01-26 14:58","0","0","Wall. Of. Inspiration. cardiobarrenashville #nashville @Cardio Barre Nashville https://www.instagram.com/p/BPu1YrWgh2v/","","@Cardio","#nashville","824632673905868800","https://twitter.com/12thBroad/status/824632673905868800"
"Mexico_Ralph","2017-01-26 14:30","0","0","Damn homes all in my personal space @Alabama Georgia State Line https://www.instagram.com/p/BPuyKhzgzRu/","","@Alabama","","824625591676760065","https://twitter.com/Mexico_Ralph/status/824625591676760065"
"Thegentsstache","2017-01-26 13:38","0","0","Our gallery wall got some loving yesterday. Come see the FFH ladies and I today from 10-5. We've https://www.instagram.com/p/BPusLcVgROT/","","","","824612427950125056","https://twitter.com/Thegentsstache/status/824612427950125056"
"momentummedia","2017-01-26 03:47","0","0","Been a busy day of vinyl wrapping this 14'x30' brick wall for the @wochurchtn New Years Series https://www.instagram.com/p/BPtoj3jjaSc/","","@wochurchtn","","824463734655557632","https://twitter.com/momentummedia/status/824463734655557632"
"DeAnthony_Yonko","2017-01-26 03:09","0","0","Headband gang with my brother @Lanes, Trains, and Automobiles https://www.instagram.com/p/BPtkPvSBU3nKDzPc54u34AyFcXok7-dAbrZNXk0/ ","","@Lanes","","824454245604745217","https://twitter.com/DeAnthony_Yonko/status/824454245604745217"
"allanleque","2017-01-25 23:37","0","0","boarder as well? #Mexico @realDonaldTrump #BerlinWall. (2/2)","","@realDonaldTrump","#Mexico #BerlinWall","824400741913739264","https://twitter.com/allanleque/status/824400741913739264"
"allanleque","2017-01-25 23:37","0","0","So we are gonna build a #wall that's eventually gonna come down. Are we also going to build a wall for #Canada to protect that (1/2)","","","#wall #Canada","824400739783114752","https://twitter.com/allanleque/status/824400739783114752"
"L_evateyourlife","2017-01-25 20:21","0","0","L-EVATE back on the road again - #l_evate @US Department of Homeland Security Customs & Border https://www.instagram.com/p/BPs1iDDDxQk/","","@US","#l_evate","824351525912924165","https://twitter.com/L_evateyourlife/status/824351525912924165"
"theshabbybee","2017-01-25 01:35","0","0","Large Windmill Wall Decor/ Architectural Salvage available now at The Shabby Bee in Historic https://www.instagram.com/p/BPq0oC7A5mc/","","","","824068050836221960","https://twitter.com/theshabbybee/status/824068050836221960"
"mcrose94","2017-01-24 23:43","0","0","Somebody starting to like John Wall eh https://twitter.com/TylerOSU/status/824039238651944960 ","","","","824039872155500544","https://twitter.com/mcrose94/status/824039872155500544"
"Mexico_Ralph","2017-01-24 06:18","0","0","@1yungfresh I made 450+tax yesterday. #omfg #LLBRF #DoIt4Bank @Madison, Alabama https://www.instagram.com/p/BPklihbgFa_/","","@1yungfresh @Madison","#omfg #LLBRF #DoIt4Bank","823777041669558272","https://twitter.com/Mexico_Ralph/status/823777041669558272"
"bunch_sam","2017-01-24 02:08","0","0","@TuckerCarlson That guy must be a drug runner. Or a cayote.","","@TuckerCarlson","","823714178447900672","https://twitter.com/bunch_sam/status/823714178447900672"
"tommy1277","2017-01-23 21:24","0","0","The chalk wall! I think I want an entire room with chalk walls. #ministry #preacher #seminary https://www.instagram.com/p/BPnzHbxA9mx/","","","#ministry #preacher #seminary","823642518512402433","https://twitter.com/tommy1277/status/823642518512402433"
"DanFletcher71","2017-01-23 19:01","5","12","@seanspicer Why does @realDonaldTrump need congressional allocations to build that wall if Mexico is going to pay for it?","","@seanspicer @realDonaldTrump","","823606529895137290","https://twitter.com/DanFletcher71/status/823606529895137290"
"Mexico_Ralph","2017-01-23 17:01","0","0","Idc if its out of town or around the corner im on my #WAYOUT @Madison, Alabama https://www.instagram.com/p/BPnVAwOAMWA/","","@Madison","#WAYOUT","823576316733747201","https://twitter.com/Mexico_Ralph/status/823576316733747201"
"Mexico_Ralph","2017-01-23 16:44","0","0","Keep a mug on my face Never let em see ya teeth. Its a eat gotta kill what u Eat ! @ https://www.instagram.com/p/BPnTGSwAJTW/","","@","","823572112464084992","https://twitter.com/Mexico_Ralph/status/823572112464084992"
"Mexico_Ralph","2017-01-23 16:04","0","0","All them losses i took, I feel like nothin can stop me ... #motivated @Madison, Alabama https://www.instagram.com/p/BPnOkOBgHjs/","","@Madison","#motivated","823562168729763847","https://twitter.com/Mexico_Ralph/status/823562168729763847"
"katebiddle08","2017-01-22 22:38","0","0","Adventure #model #photography #samsunggalaxys6edge #ginza #filter #wall #stone #architecture https://www.instagram.com/p/BPlWyFrDP7j/","","","#model #photography #samsunggalaxys6edge #ginza #filter #wall #stone #architecture","823298739326611457","https://twitter.com/katebiddle08/status/823298739326611457"
"JessLeighBorden","2017-01-22 20:00","0","0","You love is like religion Across in Mexico And your kiss is like the https://www.instagram.com/p/BPlEslXDYF0P-nNWy23Mnnow0QqsECha35WPqA0/ ","","","","823258968088780800","https://twitter.com/JessLeighBorden/status/823258968088780800"
"CoachJim1024","2017-01-22 18:38","0","0","Getting closer! @Georgia-Tennessee border https://www.instagram.com/p/BPk7U7tBJHe/","","@Georgia","","823238365231214592","https://twitter.com/CoachJim1024/status/823238365231214592"
"Mexico_Ralph","2017-01-22 15:43","0","0","Dont U See Me Nigha Lookin Like i Got It ! ... Collecting this sh#t like a landlord 100% https://www.instagram.com/p/BPknWbYAOjN/","","","#t","823194433411805185","https://twitter.com/Mexico_Ralph/status/823194433411805185"
"Mexico_Ralph","2017-01-22 15:27","0","0","@1yungfresh I made 450+tax yesterday, last years #1 Rep in the country made $0 https://www.instagram.com/p/BPklihbgFa_/","","@1yungfresh","#1","823190454976073729","https://twitter.com/Mexico_Ralph/status/823190454976073729"
"betsylivingbig","2017-01-22 05:24","0","0","Hanging with my gang! #lunchride #myharleyfamily #brunch #plustodd https://www.instagram.com/p/BPjgbzpAwPNSRUwpfY5v0UY-S9w1_r3nZzVhpQ0/ ","","","#lunchride #myharleyfamily #brunch #plustodd","823038492238290944","https://twitter.com/betsylivingbig/status/823038492238290944"
"xtinalynne","2017-01-22 04:26","0","0","The drug dealing Mapco (at @MAPCOMart in Harvest, AL) https://www.swarmapp.com/c/7v1c8fjSHKX","","@MAPCOMart","","823023950854844416","https://twitter.com/xtinalynne/status/823023950854844416"
"Mexico_Ralph","2017-01-22 04:13","0","0","@dirtogunjobi I shine any weather im doin soo better etc... etc... #ImaTellULikeDis ! Im https://www.instagram.com/p/BPjYXALg6N4/","","@dirtogunjobi","#ImaTellULikeDis","823020734058467328","https://twitter.com/Mexico_Ralph/status/823020734058467328"
"Mexico_Ralph","2017-01-22 03:48","0","0","Workin Every Angle Bruh ! #THINK #DATHARD @CHIEFRASTA @dirtogunjobi @SpotLife_Phew https://www.instagram.com/p/BPjVgFSgXxk/","","@CHIEFRASTA @dirtogunjobi @SpotLife_Phew","#THINK #DATHARD","823014473497739264","https://twitter.com/Mexico_Ralph/status/823014473497739264"
"Mexico_Ralph","2017-01-22 03:34","0","0","Salute my foke wit 9to5 who gotta work ! #spotlifemovement #SPOT2 #OTW @dirtogunjobi https://www.instagram.com/p/BPjT9Argdpc/","","@dirtogunjobi","#spotlifemovement #SPOT2 #OTW","823011040006787072","https://twitter.com/Mexico_Ralph/status/823011040006787072"
"CSExaminerNews","2017-01-22 00:30","0","0","TWO ARRESTED IN WASHINGTON COUNTY DRUG INVESTIGATION http://www.wtenewsnow.com/crimeseen/2017/1/21/two-arrested-in-washington-county-drug-investigation ","","","","822964682080321536","https://twitter.com/CSExaminerNews/status/822964682080321536"
"Mexico_Ralph","2017-01-21 16:08","0","0","Lost everything i had an Granny said she got me ... turned a loan from my granny to couple of https://www.instagram.com/p/BPiFXUrA7rc/","","","","822838222409572352","https://twitter.com/Mexico_Ralph/status/822838222409572352"
"davidbhutchens","2017-01-21 15:01","0","1","Women's March in Nashville. Make America kind again (@Cumberland Park in Nashville, TN) https://www.swarmapp.com/c/4Jf6IWXFMeE","","@Cumberland","","822821503129554947","https://twitter.com/davidbhutchens/status/822821503129554947"
"jbrumay","2017-01-21 00:38","0","0","Had a blast recording gang vocals with this gang today at Cloverland Studios on an upcoming https://www.instagram.com/p/BPga6tigxsf/","","","","822604142971670531","https://twitter.com/jbrumay/status/822604142971670531"
"sharonmcmill","2017-01-21 00:22","0","0","Hanging with this chick @Tennessee/Kentucky Border https://www.instagram.com/p/BPgZG4AhVRN-BLk9k3AIvfWRBh9r0mJw3P3Qh40/ ","","@Tennessee","","822600162384244740","https://twitter.com/sharonmcmill/status/822600162384244740"
"Mexico_Ralph","2017-01-20 18:53","0","0","#Trap #Trap #Trap #Trap #TRAPGOINCRAZY ! #2 #NATIONWIDE !!! Shout out the regular people in https://www.instagram.com/p/BPfza0Gg81V/","","","#Trap #Trap #Trap #Trap #TRAPGOINCRAZY #2 #NATIONWIDE","822517312892891140","https://twitter.com/Mexico_Ralph/status/822517312892891140"
"apstribling","2017-01-20 16:37","1","0","Farmhouse wall hanging. Would look precious in a bathroom! $42 . . . #farmhouse #pretty #decor https://www.instagram.com/p/BPfj6D9BIOj/","","","#farmhouse #pretty #decor","822483175850971136","https://twitter.com/apstribling/status/822483175850971136"
"mcrose94","2017-01-20 14:30","0","2","Today We Make America Great Again!!","","","","822451313325834240","https://twitter.com/mcrose94/status/822451313325834240"
"HaymakersNash","2017-01-20 14:24","0","0","Sunrise flight outta Nashville headed to NYC for market gang. Got any suggestions for what you'd https://www.instagram.com/p/BPfUszWAN3O/","","","","822449734921191425","https://twitter.com/HaymakersNash/status/822449734921191425"
"Still_LzzrdBoy","2017-01-20 10:35","0","0","Where's the Burbon? (@Kentucky/Tennessee Border in Oak Grove, KY) https://www.swarmapp.com/c/8asklKGN9jg","","@Kentucky","","822392221332893696","https://twitter.com/Still_LzzrdBoy/status/822392221332893696"
"Saaavvv_","2017-01-20 04:35","0","0","MY FAVORITE PERSON IS AT FREED. Good luck in Mexico, Cam. Always told you that you would play https://www.instagram.com/p/BPeRSE_Dj29/","","","","822301483010027520","https://twitter.com/Saaavvv_/status/822301483010027520"
"CarsonStoke","2017-01-20 03:16","0","1","Sure beats Trump's ""Make America Great Again Concert."" #YouLookGood #LadyA @OZ Arts Nashville https://www.instagram.com/p/BPeITpugeA7/","","@OZ","#YouLookGood #LadyA","822281743222927360","https://twitter.com/CarsonStoke/status/822281743222927360"
"jasmin_quire","2017-01-20 02:04","0","0","After a month or so on working on this wall it's finally finished @Pi Kappa Alpha https://www.instagram.com/p/BPeABGlgCzM/","","@Pi","","822263512873496576","https://twitter.com/jasmin_quire/status/822263512873496576"
"dustin_haney","2017-01-20 00:28","0","0","Wall to wall @malmichaelis @Nashville, Tennessee https://www.instagram.com/p/BPd1BMdg62a/","","@malmichaelis @Nashville","","822239329162502146","https://twitter.com/dustin_haney/status/822239329162502146"
