"username","date","retweets","favorites","text","geo","mentions","hashtags","id","permalink"
"Lebzzz","2017-04-18 09:48","0","0","So what was that people were saying about immigration? @St. Mark's Hospital https://www.instagram.com/p/BTBbFJBl74B/","","@St","","854270443846500352","https://twitter.com/Lebzzz/status/854270443846500352"
"cup_o_skate","2017-04-18 00:54","0","1","'Hitting the Wall' #slc #utah #utahgram #utahisrad #utahphotographer #igslc #igutah #visitslc https://www.instagram.com/p/BTAd9oyjEjC/","","","#slc #utah #utahgram #utahisrad #utahphotographer #igslc #igutah #visitslc","854136044790439936","https://twitter.com/cup_o_skate/status/854136044790439936"
"annmarieinutah","2017-04-17 17:08","0","1","I saw these two #giraffe paintings on the wall at my kid's #neurology appointment and I thought https://www.instagram.com/p/BS_opI6AStT/","","","#giraffe #neurology","854018789846986752","https://twitter.com/annmarieinutah/status/854018789846986752"
"wildbrad","2017-04-17 04:00","0","0","When you hit the wall in your law paper, and concede that baking may be the way to open up your https://www.instagram.com/p/BS-OaOTDkkR/","","","","853820360906743809","https://twitter.com/wildbrad/status/853820360906743809"
"thesaltyblock","2017-04-16 00:53","0","0","Hanging with the gang at Kilby Court @Cera_Music @nicknordmusic wearecityanimals https://www.instagram.com/p/BS7UST0DpcH/","","@Cera_Music @nicknordmusic","","853411071599808512","https://twitter.com/thesaltyblock/status/853411071599808512"
"caduse","2017-04-15 15:17","0","0","Yeah! #preyingmatus #thrivelife #thrive #itsyourturn #blacklabel @Wyoming Border Line https://www.instagram.com/p/BS6SS81j7zF/","","@Wyoming","#preyingmatus #thrivelife #thrive #itsyourturn #blacklabel","853265969480966147","https://twitter.com/caduse/status/853265969480966147"
"ENDZLGC","2017-04-15 01:24","0","0","#THE4OURTOUR in da muthafuckin house Salt Lake City, Utah ! Catch the gang on @krclradio 90.9FM https://www.instagram.com/p/BS4zACIlP85/","","@krclradio","#THE4OURTOUR","853056419372945408","https://twitter.com/ENDZLGC/status/853056419372945408"
"jwoody1972","2017-04-13 18:09","0","1","What's in the tank you ask? #Foltecsg #Pervade #Quicksilver #Floratine #knife #Border #Andersons https://www.instagram.com/p/BS1ccEDA5pK/","","","#Foltecsg #Pervade #Quicksilver #Floratine #knife #Border #Andersons","852584579135397888","https://twitter.com/jwoody1972/status/852584579135397888"
"aqjarvis","2017-04-13 02:22","0","0","Women Crush Wednesday goes to those fine ladies, and that wall. https://www.instagram.com/p/BSzwEbWlNxQ/","","","","852346273776717824","https://twitter.com/aqjarvis/status/852346273776717824"
"kenthawkins","2017-04-10 18:14","0","1","Backed up against a wall! #NavajoRocks #Moab #Utah #BikeLife #Poser #2017 #OptOutside https://www.instagram.com/p/BStuoovjKGF/","","","#NavajoRocks #Moab #Utah #BikeLife #Poser #2017 #OptOutside","851498692997730305","https://twitter.com/kenthawkins/status/851498692997730305"
"dsuperiormusic","2017-04-08 22:56","0","1","Just posted a video @Utah/Nevada Border https://www.instagram.com/p/BSpFU_OBQWJ/","","@Utah","","850844919774101504","https://twitter.com/dsuperiormusic/status/850844919774101504"
"dsuperiormusic","2017-04-08 22:55","0","1","Just posted a video @Utah/Nevada Border https://www.instagram.com/p/BSpFHpnBLdT/","","@Utah","","850844479586058240","https://twitter.com/dsuperiormusic/status/850844479586058240"
"RyanSBrown","2017-04-05 23:00","0","0","This new studio wall is 24 feet long. It didn't take long to fill it up with studies and other https://www.instagram.com/p/BShXUDjAqNg/","","","","849758552742920193","https://twitter.com/RyanSBrown/status/849758552742920193"
"CougarCentreSLC","2017-04-03 18:49","0","0","Another profile view of the east wall of the #SaltLakeTemple at #twilight. #LDStemple https://www.instagram.com/p/BSbxCJNAwWp/","","","#SaltLakeTemple #twilight #LDStemple","848970703751839745","https://twitter.com/CougarCentreSLC/status/848970703751839745"
"NishWeiseth","2017-04-03 15:48","0","6","Adios, SLC! We're off to Playa del Carmen, Mexico for our first ever family vacation! My flight https://www.instagram.com/p/BSbcWVGhs46/","","","","848925202498990081","https://twitter.com/NishWeiseth/status/848925202498990081"
"HnRcrew","2017-04-01 18:44","0","1","CREW IS OFF THE WALL IN UTAH TODAY! #HNRLIVE #LiveScreenprinting #Vans / Photo by https://www.instagram.com/p/BSWm591FKqq/","","","#HNRLIVE #LiveScreenprinting #Vans","848244743557480448","https://twitter.com/HnRcrew/status/848244743557480448"
"on_andrews_wall","2017-03-31 20:48","0","0","#GiveThanks Friday to those of you who have or commented or followed this week. Special S/O https://www.instagram.com/p/BSUQTOgAIS6/","","","#GiveThanks","847913545580896256","https://twitter.com/on_andrews_wall/status/847913545580896256"
"CesarAReyes1","2017-03-31 19:36","0","0","VIVA MXICO! Fuck Donald Trump!  Super 78 headlining Kilby Court tonight for Rock Against https://www.instagram.com/p/BSUIC8yjIAi/","","","","847895397511069703","https://twitter.com/CesarAReyes1/status/847895397511069703"
"LegiScanUT","2017-03-30 09:16","0","0","SB0118 [Passed] Criminal Law Amendments http://bitly.com/UlW1hu","","","","847376888590770178","https://twitter.com/LegiScanUT/status/847376888590770178"
"GeminiJen529","2017-03-30 05:00","0","1","The BMR gang's all here @skisolitude #bmrfamily #skiutah #skiingislife #skiing @Solitude https://www.instagram.com/p/BSP_CNBjKnB/","","@skisolitude @Solitude","#bmrfamily #skiutah #skiingislife #skiing","847312640070213632","https://twitter.com/GeminiJen529/status/847312640070213632"
"LegiScanUT","2017-03-29 21:56","0","0","HB0369 [Passed] Criminal Penalty Enhancements for Sexual Offenses http://bitly.com/X6xMU6","","","","847205834685845504","https://twitter.com/LegiScanUT/status/847205834685845504"
"LegiScanUT","2017-03-29 07:06","0","0","HB0139 [Passed] Criminal Intent Amendments http://bitly.com/YY7kKK","","","","846981852737015809","https://twitter.com/LegiScanUT/status/846981852737015809"
"imacraven","2017-03-29 05:31","0","0","This little gang of thugs were just startled as I was when I walked https://www.instagram.com/p/BSNds4ylDIOFZDe6jMyCVDHk_LZ56Qq15z5TNQ0/ ","","","","846957858612809730","https://twitter.com/imacraven/status/846957858612809730"
"LegiScanUT","2017-03-29 03:26","0","0","SB0226 [Passed] Permanent Criminal Stalking Injunction Amendments http://bitly.com/ZoJN5L","","","","846926505586425856","https://twitter.com/LegiScanUT/status/846926505586425856"
"on_andrews_wall","2017-03-28 21:00","0","0","This is nothing fancy, but very #expedient for every home owner, small business owner, or https://www.instagram.com/p/BSMjRLogtsH/","","","#expedient","846829359763783681","https://twitter.com/on_andrews_wall/status/846829359763783681"
"mollyharrell","2017-03-28 01:37","0","0","Thunder and lightening. @mollyharrell @Utah / Colorado Border https://www.instagram.com/p/BSKeLxQFQgX/","","@mollyharrell @Utah","","846536704655851520","https://twitter.com/mollyharrell/status/846536704655851520"
"on_andrews_wall","2017-03-27 21:06","0","0","This will be a laundry room when all is finished. I'm looking at the framing & plumbing https://www.instagram.com/p/BSJ_LSwgQhF/","","","","846468514634498049","https://twitter.com/on_andrews_wall/status/846468514634498049"
"on_andrews_wall","2017-03-27 15:52","0","0","Slight progress on our new residence. There is a hole in the ground. Not much to brag about now, https://www.instagram.com/p/BSJbOToAnVB/","","","","846389452251516928","https://twitter.com/on_andrews_wall/status/846389452251516928"
"gzchef","2017-03-27 02:30","1","30","A serious wall of snow deserves a serious winter hat. @MontageDV @Deer_Valley #basesnow https://www.instagram.com/p/BSH_f3RlZl3/","","@MontageDV @Deer_Valley","#basesnow","846187761149337600","https://twitter.com/gzchef/status/846187761149337600"
"CougarCentreSLC","2017-03-27 01:48","0","0","The #TempleSquareSisters today are Sister Cabello (From Mexico ) & Sister Lee (From Singapore https://www.instagram.com/p/BSH6mJ4gF1m/","","","#TempleSquareSisters","846176977296003072","https://twitter.com/CougarCentreSLC/status/846176977296003072"
"computerhope","2017-03-26 15:04","1","0","Today in 1976: The First Annual World Altair Computer convention and first convention of computer hobbyists is held in New Mexico.","","","","846014901394915328","https://twitter.com/computerhope/status/846014901394915328"
"LegiScanUT","2017-03-25 20:06","0","0","SB0251 [Passed] Local Government Criminal Penalty Amendments http://bitly.com/ZBYZwD","","","","845728543250243586","https://twitter.com/LegiScanUT/status/845728543250243586"
"LegiScanUT","2017-03-25 00:56","0","0","SB0071 [Passed] Criminal Accounts Receivable Amendments http://bitly.com/WJf2d2","","","","845439295557120000","https://twitter.com/LegiScanUT/status/845439295557120000"
"LissaFone","2017-03-24 23:28","0","0","New state for Boo. #utah @Utah Border I-70w. https://www.instagram.com/p/BSChB1bhJ9w/","","@Utah","#utah","845417056774193152","https://twitter.com/LissaFone/status/845417056774193152"
"santosxguzman","2017-03-24 02:28","0","0","I can't wait for tomorrow and this weekend to see all my New Mexico/Arizona/Texas family. All my https://www.instagram.com/p/BSAQ3DNhB_h/","","","","845100048908107776","https://twitter.com/santosxguzman/status/845100048908107776"
"AKnitInTime","2017-03-24 01:18","0","0","Craft Night with the gang! #crafts #friends @The Wood Connection https://www.instagram.com/p/BSAI2RfBTD1/","","@The","#crafts #friends","845082412895760385","https://twitter.com/AKnitInTime/status/845082412895760385"
"on_andrews_wall","2017-03-23 20:41","0","0","#ThrowBackThursday to yesterday when I received the #SherwinWilliamsPaint #ColorMix 2017 https://www.instagram.com/p/BR_pF79AinL/","","","#ThrowBackThursday #SherwinWilliamsPaint #ColorMix","845012577251999745","https://twitter.com/on_andrews_wall/status/845012577251999745"
"on_andrews_wall","2017-03-22 20:47","0","0","Here is another simple #DIYhome project that you can do if you have a phone and a library card. https://www.instagram.com/p/BR9FCEFgzal/","","","#DIYhome","844651803484532736","https://twitter.com/on_andrews_wall/status/844651803484532736"
"PurezaSpa","2017-03-22 13:26","0","1","#Repost naturabisse  #TheMindfulTouch arrives in Mexico with a very special #BubblePureAir https://www.instagram.com/p/BR8SgJLAhHv/","","","#Repost #TheMindfulTouch #BubblePureAir","844540698716262400","https://twitter.com/PurezaSpa/status/844540698716262400"
"on_andrews_wall","2017-03-21 23:10","0","0","#ModelHomes What do you think of them? Do they inspire? Do they add #threedimensional clarity to https://www.instagram.com/p/BR6wklUAX6U/","","","#ModelHomes #threedimensional","844325335441313792","https://twitter.com/on_andrews_wall/status/844325335441313792"
"bigcolmomma1","2017-03-21 02:22","0","0","the gang @Yeet https://www.instagram.com/p/BR4hzXhj5oXNkswOvHPX5xMRCIPmAqc633VKTg0/ ","","@Yeet","","844011389287055360","https://twitter.com/bigcolmomma1/status/844011389287055360"
"powderpipeline","2017-03-19 18:58","0","0","Day 2 of skiing with our customers visiting from Mexico City. We bounced between Alta & Snowbird https://www.instagram.com/p/BR1KJ5-FUiY/","","","","843537178999308288","https://twitter.com/powderpipeline/status/843537178999308288"
"kacey_kogianes","2017-03-19 02:37","0","0","My 400th memory. #silence #purebliss @Utah/Nevada Border https://www.instagram.com/p/BRzZ3NeBQPL/","","@Utah","#silence #purebliss","843290235987345408","https://twitter.com/kacey_kogianes/status/843290235987345408"
"vschool_","2017-03-17 23:31","4","6","In honor our f St. Patrick's Day ... a beautiful Green Wall from our local spot. @publikcoffee https://www.instagram.com/p/BRwfxj9AmOe/","","@publikcoffee","","842881027337080833","https://twitter.com/vschool_/status/842881027337080833"
"LegiScanUT","2017-03-17 18:36","0","0","SB0251 [Enroll] Local Government Criminal Penalty Amendments http://bitly.com/ZBYZwD","","","","842806959380336642","https://twitter.com/LegiScanUT/status/842806959380336642"
"on_andrews_wall","2017-03-17 16:35","0","0","#GiveThanks Friday. Thank you for your likes, or your comments, or for following me this week. https://www.instagram.com/p/BRvwJ6HgveW/","","","#GiveThanks","842776313094135809","https://twitter.com/on_andrews_wall/status/842776313094135809"
"EricBDK","2017-03-17 02:57","0","0","The gang is coming together. #veronimard #saltlakecity #utah #tepanyaki #weddings @Bonsai https://www.instagram.com/p/BRuSmzSj8BL/","","@Bonsai","#veronimard #saltlakecity #utah #tepanyaki #weddings","842570594268975104","https://twitter.com/EricBDK/status/842570594268975104"
"ChickWhoClicksS","2017-03-17 02:40","0","0","Moab, UT storm on my avocado wall in NYC @Moab, Utah https://www.instagram.com/p/BRuQql6gylJ/","","@Moab","","842566323595100160","https://twitter.com/ChickWhoClicksS/status/842566323595100160"
"LegiScanUT","2017-03-16 23:06","0","0","SB0071 [Enroll] Criminal Accounts Receivable Amendments http://bitly.com/WJf2d2","","","","842512464101171204","https://twitter.com/LegiScanUT/status/842512464101171204"
"LegiScanUT","2017-03-16 19:16","0","0","HB0369 [Enroll] Criminal Penalty Enhancements for Sexual Offenses http://bitly.com/X6xMU6","","","","842454563605106690","https://twitter.com/LegiScanUT/status/842454563605106690"
"ponchoayala801","2017-03-16 16:41","0","0","""Empathy is the secrete drug of sales"" @garyvee @Utah Valley https://www.instagram.com/p/BRtMGEagJm_o6BRI9q5TQvZ24lw3i9f1lDZ1OM0/ ","","@garyvee @Utah","","842415535979667456","https://twitter.com/ponchoayala801/status/842415535979667456"
"LegiScanUT","2017-03-16 01:07","0","0","SB0226 [Enroll] Permanent Criminal Stalking Injunction Amendments http://bitly.com/ZoJN5L","","","","842180379733831680","https://twitter.com/LegiScanUT/status/842180379733831680"
"powderpipeline","2017-03-15 23:30","0","0","Blue bird day of skiing at Snowbird with our customers visiting from Mexico City. Powder https://www.instagram.com/p/BRrWE-NF9CU/","","","","842156022902996993","https://twitter.com/powderpipeline/status/842156022902996993"
"highsteph","2017-03-15 23:14","0","3","Excellent adventure this morning climbing to the top of Pistol Whipped wall on the Pistol https://www.instagram.com/p/BRrUO7llVX3/","","","","842151961357086722","https://twitter.com/highsteph/status/842151961357086722"
"SEH4032","2017-03-15 22:56","0","1","wall mural scavenger hunt = success #adventuresinSLC #springbreak2017 @Salt Lake City, Utah https://www.instagram.com/p/BRrSQ8tBqII/","","@Salt","#adventuresinSLC #springbreak2017","842147633044979715","https://twitter.com/SEH4032/status/842147633044979715"
"PermalocEdging","2017-03-15 21:35","0","0","Learning how to level those wall blocks at the Hardscape Installation workshop. #nalpnclc https://www.instagram.com/p/BRrI_qOlDbJ/","","","#nalpnclc","842127253786005505","https://twitter.com/PermalocEdging/status/842127253786005505"
"UVUintramurals","2017-03-15 19:41","0","0","#CrateStacking tonight at 6pm in #theProject (rock wall)!! Space is limited so come early to https://www.instagram.com/p/BRq731lhIFD/","","","#CrateStacking #theProject","842098388111769600","https://twitter.com/UVUintramurals/status/842098388111769600"
"on_andrews_wall","2017-03-15 16:21","0","0","Working on the planning phase of a project later this year. With the help of ""Graphic Guide To https://www.instagram.com/p/BRqk_EGAEoX/","","","","842048056505847808","https://twitter.com/on_andrews_wall/status/842048056505847808"
"highsteph","2017-03-15 06:47","0","5","Brittany packing a punch at the power wall kavu @mammutna @backcountrycom @Indian Creek https://www.instagram.com/p/BRpjWWvlTQP/","","@mammutna @backcountrycom @Indian","","841903730706513920","https://twitter.com/highsteph/status/841903730706513920"
"moonshineslc","2017-03-15 01:52","0","1","Spring weather is in full swing and the gang and I are at Gracie's tonight in SLC. Catch us https://www.instagram.com/p/BRpBk6VF2xQ/","","","","841829467009998848","https://twitter.com/moonshineslc/status/841829467009998848"
"on_andrews_wall","2017-03-14 21:11","0","0","Look at what I got from my local sherwinwilliams store. As part of my interview the manager https://www.instagram.com/p/BRohWgdgJ-Z/","","","","841758592600571905","https://twitter.com/on_andrews_wall/status/841758592600571905"
"on_andrews_wall","2017-03-14 03:08","0","0","New #blog post with my local sherwinwilliams store 8529 manager. The number one thing home https://www.instagram.com/p/BRmlb2sgyp0/","","","#blog","841486098845048832","https://twitter.com/on_andrews_wall/status/841486098845048832"
"saltydogtrainer","2017-03-13 21:10","0","1","Coma the border collie mix working on social skills by walking with a balanced group of dogs. pic.twitter.com/UUSx6DcON2","","","","841395967165419520","https://twitter.com/saltydogtrainer/status/841395967165419520"
"whimsyclothing1","2017-03-13 16:21","0","0","All the fun on the wall #whimsyclothing #parkcityutah #thinkspring #boho#tyedye #denim https://www.instagram.com/p/BRlbY-DjFNT/","","","#whimsyclothing #parkcityutah #thinkspring #boho #tyedye #denim","841323273975656452","https://twitter.com/whimsyclothing1/status/841323273975656452"
"on_andrews_wall","2017-03-13 15:48","0","0","This has been on my mind all weekend for today's #mondaythings motivational QOTD. For those of https://www.instagram.com/p/BRlXoAPAbo6/","","","#mondaythings","841314988899856385","https://twitter.com/on_andrews_wall/status/841314988899856385"
"rome_kuntz","2017-03-13 01:23","0","1","This type of wall/box feature are my favorite. So many possibilities! #gopro #gooutside https://www.instagram.com/p/BRj0sfWhhOq/","","","#gopro #gooutside","841097459090649088","https://twitter.com/rome_kuntz/status/841097459090649088"
"katelindsey","2017-03-12 23:18","0","0","gang gang @Daybreak https://www.instagram.com/p/BRjmVETlB2I/","","@Daybreak","","841065867072950272","https://twitter.com/katelindsey/status/841065867072950272"
"brownbw","2017-03-12 16:52","0","0","Just posted a photo @CO-UT I-70 Border https://www.instagram.com/p/BRi6L-fh6oq/","","@CO","","840968781211947008","https://twitter.com/brownbw/status/840968781211947008"
"BergfalkMichael","2017-03-11 06:18","0","0","Stoked on my new wall hangs by my boy therealsamyamini he's at the#saltlaketattooconvention this https://www.instagram.com/p/BRfMxVjh7fK/","","","#saltlaketattooconvention","840446698488922114","https://twitter.com/BergfalkMichael/status/840446698488922114"
"on_andrews_wall","2017-03-11 05:15","0","0","It's a late night for posting, but I must #GiveThanks Friday for all of you who have liked, https://www.instagram.com/p/BRfFoOjAS_S/","","","#GiveThanks","840430991080591360","https://twitter.com/on_andrews_wall/status/840430991080591360"
"GeorgeWangJr13","2017-03-11 02:48","0","0","Can't wait to throw this wolf devil on my studio wall. Got this from a tattoo artist named https://www.instagram.com/p/BRe0zEBllSJ/","","","","840393986871308289","https://twitter.com/GeorgeWangJr13/status/840393986871308289"
"kacey_kogianes","2017-03-10 18:23","0","1","About last night. #wendover #montegobay #snapseed #snpchat #vscocam @Utah/Nevada Border https://www.instagram.com/p/BRd7AokBgBP/","","@Utah","#wendover #montegobay #snapseed #snpchat #vscocam","840266903671132160","https://twitter.com/kacey_kogianes/status/840266903671132160"
"kburgi1","2017-03-10 07:17","0","0","Join me and the @lacecj gang for a 90 minute class tomorrow at 10am! #whoopwhoop #oremotf https://www.instagram.com/p/BRcuzbTgE7h/","","@lacecj","#whoopwhoop #oremotf","840099335924736000","https://twitter.com/kburgi1/status/840099335924736000"
"on_andrews_wall","2017-03-09 22:09","0","0","#tbt 2012 when @thatyarngirl & I found the perfect gift for Grandpa. We had some copies of ""The https://www.instagram.com/p/BRbwA5IgiKG/","","@thatyarngirl","#tbt","839961248775147521","https://twitter.com/on_andrews_wall/status/839961248775147521"
"joshtylermma","2017-03-09 03:14","0","2","Make America #StrongAF Again! #MAGA #America @2POOD @sofletehq @blckriflecoffeepic.twitter.com/JL2wkVOdOU","","@2POOD @sofletehq @blckriflecoffeepic","#StrongAF #MAGA #America","839675635547021312","https://twitter.com/joshtylermma/status/839675635547021312"
"on_andrews_wall","2017-03-08 16:23","0","2","Here's a little fun #decor idea for anyone who: (a) loves photography, (b) has children, or (c) https://www.instagram.com/p/BRYjtJyA5FD/","","","#decor","839511968549498881","https://twitter.com/on_andrews_wall/status/839511968549498881"
"on_andrews_wall","2017-03-07 18:19","0","1","An #interiordesigner never stops learning. Now that it's official that we're building a house https://www.instagram.com/p/BRWMNN6gPjn/","","","#interiordesigner","839178816610250753","https://twitter.com/on_andrews_wall/status/839178816610250753"
"on_andrews_wall","2017-03-06 19:29","0","0","The past few days have been very busy for us, and it's only going to get busier. In the coming https://www.instagram.com/p/BRTvWSsgRPl/","","","","838833881981849600","https://twitter.com/on_andrews_wall/status/838833881981849600"
"torrysheppard","2017-03-04 22:36","0","0","And so it begins #6goonsgowest #part2 @Utah State Border https://www.instagram.com/p/BRO6-gkFt9G/","","@Utah","#6goonsgowest #part2","838156321769795588","https://twitter.com/torrysheppard/status/838156321769795588"
"IrisisRadtastic","2017-03-04 04:00","0","0","I'm so excited to go to Mexico in 9 days, how cute is this top and bandanna from stylesforless https://www.instagram.com/p/BRM7axEDVjZ/","","","","837875271818694656","https://twitter.com/IrisisRadtastic/status/837875271818694656"
"savege","2017-03-04 00:04","0","0","Make #America #Native again!!!!!! S.A.V.E.G.E. #SAVEGE #WarEagle https://www.instagram.com/p/BRMgbusAhDGgGbFYrv_yOGKc5czjaci6aBss-M0/ ","","","#America #Native #SAVEGE #WarEagle","837815921796329472","https://twitter.com/savege/status/837815921796329472"
"bourgeoisgrrrl","2017-03-03 19:15","0","0","Love the sights of my job! #comeflywithme @Utah / Colorado Border https://www.instagram.com/p/BRL_ag0Bw1G/","","@Utah","#comeflywithme","837743358369914880","https://twitter.com/bourgeoisgrrrl/status/837743358369914880"
"on_andrews_wall","2017-03-03 17:52","0","0","#GiveThanks Friday! Thanks to all of you who have liked, commented, or followed. I know some of https://www.instagram.com/p/BRL15D-AMvy/","","","#GiveThanks","837722375319867392","https://twitter.com/on_andrews_wall/status/837722375319867392"
"MRC_SLC","2017-03-03 02:17","1","4","I should frame this and hang it on the wall! :) https://twitter.com/stevemouzon/status/837440731992195073 ","","","","837486941855690753","https://twitter.com/MRC_SLC/status/837486941855690753"
"highsteph","2017-03-03 00:59","0","7","just a little bit beautiful at the Wall @garminoutdoor msr_gear @ospreypacks @CWBotanicals https://www.instagram.com/p/BRKB5mOl5eq/","","@garminoutdoor @ospreypacks @CWBotanicals","","837467310633992193","https://twitter.com/highsteph/status/837467310633992193"
"LegiScanUT","2017-03-02 21:36","0","0","SB0251 [Engross] Local Government Criminal Penalty Amendments http://bitly.com/ZBYZwD","","","","837416421135110144","https://twitter.com/LegiScanUT/status/837416421135110144"
"on_andrews_wall","2017-03-02 19:08","0","0","#tbt to 2012. This was a residential bathroom I painted with sherwinwilliams #duration with a https://www.instagram.com/p/BRJZ1UsAivM/","","","#tbt #duration","837379196120936449","https://twitter.com/on_andrews_wall/status/837379196120936449"
"TotalTrafficSLC","2017-03-02 14:45","0","0","Closed due to accident in #Weber on 20th at Wall Ave #SLCtraffic http://bit.ly/Xid4QI","","","#Weber #SLCtraffic","837312979578335233","https://twitter.com/TotalTrafficSLC/status/837312979578335233"
"COGdesign","2017-03-02 13:05","0","0","a little wall climbing before sunup. #climbing #spiderman #woodholds #earlymorningmeetings https://www.instagram.com/p/BRIwOtrDC-d/","","","#climbing #spiderman #woodholds #earlymorningmeetings","837287708275912705","https://twitter.com/COGdesign/status/837287708275912705"
"LegiScanUT","2017-03-01 22:36","0","0","SB0226 [Engross] Permanent Criminal Stalking Injunction Amendments http://bitly.com/ZoJN5L","","","","837069074266001408","https://twitter.com/LegiScanUT/status/837069074266001408"
"on_andrews_wall","2017-03-01 17:40","0","0","So honored to present my 500th post on #Instagram & also showcase the incredible feature of the https://www.instagram.com/p/BRGq-aoA_lK/","","","#Instagram","836994683557593092","https://twitter.com/on_andrews_wall/status/836994683557593092"
"on_andrews_wall","2017-02-28 21:53","0","0","How do you like that for ""About Me?"" Can you give me some feedback? Press if it speaks to https://www.instagram.com/p/BREjIN9gOS0/","","","","836695948650766336","https://twitter.com/on_andrews_wall/status/836695948650766336"
"on_andrews_wall","2017-02-28 16:40","0","0","Sometimes interior design is not about beauty, or how it looks, or how it makes you feel. https://www.instagram.com/p/BRD_RFLgX7m/","","","","836617088492056576","https://twitter.com/on_andrews_wall/status/836617088492056576"
"ElizaPlayer","2017-02-28 03:32","0","2","The #lego wall was a big hit! @Salt Lake City, Utah https://www.instagram.com/p/BRClE6GBDhL/","","@Salt","#lego","836418759397011456","https://twitter.com/ElizaPlayer/status/836418759397011456"
"tylrmckenzie","2017-02-28 03:07","0","2","our first wall tag is as lit as a lite brite #tourlife #matilda #eccles art : https://www.instagram.com/p/BRCiORajCWK/","","","#tourlife #matilda #eccles","836412488812007425","https://twitter.com/tylrmckenzie/status/836412488812007425"
"on_andrews_wall","2017-02-27 02:26","0","0","Dinner night with friends. The kids loved it. Thanks again to the Brown Family for hosting us. https://www.instagram.com/p/BQ_4tnfgLrh/","","","","836039728105406464","https://twitter.com/on_andrews_wall/status/836039728105406464"
"DukeofDevereaux","2017-02-26 04:35","0","1","Lizards, walls oh my! (at @Cinemark 16 for The Great Wall in Provo, UT) https://www.swarmapp.com/c/lzd5oyQKG69","","@Cinemark","","835709945546956800","https://twitter.com/DukeofDevereaux/status/835709945546956800"
"thewh1tebeaner","2017-02-25 17:40","0","0","Beneath the wall of snow you find a man, and beneath the man you https://www.instagram.com/p/BQ8XtsJjelwS9U0Z6IRDcwlCWx2EUd5iPbez-Y0/ ","","","","835544948468502528","https://twitter.com/thewh1tebeaner/status/835544948468502528"
"twirl_dresses","2017-02-25 03:29","0","0","It would be limiting if a dress only looked good in front of a red wall; you'd have to stand https://www.instagram.com/p/BQ62Yb-B8Zn/","","","","835330912430632960","https://twitter.com/twirl_dresses/status/835330912430632960"
"on_andrews_wall","2017-02-24 23:28","0","0","Thank you to all of you who liked a post, followed me, or commented on a photo this week. https://www.instagram.com/p/BQ6avRVgdxY/","","","","835270125980889088","https://twitter.com/on_andrews_wall/status/835270125980889088"
"on_andrews_wall","2017-02-23 03:50","0","0","Guess who is lucky enough to go on a date with three men AT THE SAME TIME? Happy Birthday to https://www.instagram.com/p/BQ1vLHzgufN/","","","","834611374022074368","https://twitter.com/on_andrews_wall/status/834611374022074368"
"cyauch13","2017-02-23 02:27","0","0","DAAAAAANNG @Smith's Food & Drug Center https://www.instagram.com/p/BQ1ln-tApYz/","","@Smith","","834590376434532352","https://twitter.com/cyauch13/status/834590376434532352"
"LegiScanUT","2017-02-22 20:16","0","0","SB0118 [Engross] Criminal Law Amendments http://bitly.com/UlW1hu","","","","834497069251444736","https://twitter.com/LegiScanUT/status/834497069251444736"
"ghosr","2017-02-22 06:52","0","0","The gang problem around Woods Cross is getting out of hand. @Woods Cross, Utah https://www.instagram.com/p/BQzfQOIgdYm/","","@Woods","","834294888451682305","https://twitter.com/ghosr/status/834294888451682305"
"LegiScanUT","2017-02-22 04:16","0","0","HB0420 [NEW] Prescription Drug Importation Study http://bitly.com/1klqwN2","","","","834255442704531458","https://twitter.com/LegiScanUT/status/834255442704531458"
"on_andrews_wall","2017-02-21 22:26","1","0","Happy to announce to my followers and to all #SherwinWilliams customers in the South West https://www.instagram.com/p/BQylSIzgUV1/","","","#SherwinWilliams","834167410202705922","https://twitter.com/on_andrews_wall/status/834167410202705922"
"LegiScanUT","2017-02-21 21:36","0","0","SB0251 [NEW] Local Government Criminal Penalty Amendments http://bitly.com/ZBYZwD","","","","834154777483366400","https://twitter.com/LegiScanUT/status/834154777483366400"
"on_andrews_wall","2017-02-21 18:13","0","0","Guess where I am today? So excited to talk with the experts my local sherwinwilliams store https://www.instagram.com/p/BQyISM6ggAz/","","","","834103644110913539","https://twitter.com/on_andrews_wall/status/834103644110913539"
"LegiScanUT","2017-02-21 01:56","0","0","SB0006 [Passed] EXECUTIVE OFFICES AND CRIMINAL JUSTICE BASE BUDGET http://bitly.com/W0sfh6","","","","833857837818331136","https://twitter.com/LegiScanUT/status/833857837818331136"
"on_andrews_wall","2017-02-20 19:09","0","0","I'm reviewing my interview questions for tomorrow's interview. Who will it be? Here's a clue. https://www.instagram.com/p/BQvp5-IggBt/","","","","833755363577102336","https://twitter.com/on_andrews_wall/status/833755363577102336"
"AnnaLarson10","2017-02-19 23:29","0","0","Helote + smiles because IM GOING TO MEXICO! I was officially accepted to my dream study https://www.instagram.com/p/BQraJeiBind/","","","","833458578824441857","https://twitter.com/AnnaLarson10/status/833458578824441857"
"BrendanFWallace","2017-02-19 19:57","0","0","Blizzard at park city. Ski trip with Fifth Wall CEOs @Park City, Utah https://www.instagram.com/p/BQtKtM_FPEozyGLKPuVd_f1JQJvLa2iK1EYTTU0/ ","","@Park","","833405288413794304","https://twitter.com/BrendanFWallace/status/833405288413794304"
"brianfielding","2017-02-19 19:13","0","0","'got kinda weird driving through Utah with brother Sean @Utah / Colorado Border https://www.instagram.com/p/BPdp_f6g2O8/","","@Utah","","833394128293679105","https://twitter.com/brianfielding/status/833394128293679105"
"ghxstintheshxll","2017-02-18 01:15","0","0","You cannot serve both Wall Street and Main Street; sooner or later you have to make a choice. https://www.instagram.com/p/BQoleAzBJ3V/","","","","832760447065419776","https://twitter.com/ghxstintheshxll/status/832760447065419776"
"on_andrews_wall","2017-02-17 16:52","0","0","To all 63 of you who have liked, commented, or followed me this week. Thank you. And yes, that https://www.instagram.com/p/BQnr8SugR-D/","","","","832633952875671552","https://twitter.com/on_andrews_wall/status/832633952875671552"
"FeelingEmulsify","2017-02-16 21:58","1","2","Does this wall makes us look Cuban? #onedaycloser #fillingsandemulsions we are planing to https://www.instagram.com/p/BQlqFo7gvTx/","","","#onedaycloser #fillingsandemulsions","832348391371919364","https://twitter.com/FeelingEmulsify/status/832348391371919364"
"TotalTrafficSLC","2017-02-16 19:46","0","0","Closed due to accident in #SaltLakeCity on 300 W Both NB/SB between 600 N and Wall St #SLCtraffic http://bit.ly/Xid4QI","","","#SaltLakeCity #SLCtraffic","832315125428285443","https://twitter.com/TotalTrafficSLC/status/832315125428285443"
"on_andrews_wall","2017-02-16 18:27","0","0","Great news everybody! I have confirmed an interview with the next professional in my interview https://www.instagram.com/p/BQlR9BYAhq_/","","","","832295317664063492","https://twitter.com/on_andrews_wall/status/832295317664063492"
"on_andrews_wall","2017-02-15 18:51","0","0","Hi, it's me Andrew. Thanks to @pictureline for this great photo from last week's event at https://www.instagram.com/p/BQiv3oultBa/","","@pictureline","","831938898062356481","https://twitter.com/on_andrews_wall/status/831938898062356481"
"LegiScanUT","2017-02-15 02:06","0","0","SB0226 [NEW] Permanent Criminal Stalking Injunction Amendments http://bitly.com/ZoJN5L","","","","831685971737505793","https://twitter.com/LegiScanUT/status/831685971737505793"
"JTEmbley","2017-02-14 23:01","0","0","Artsy photos with a brick wall are cool, right? cuileanembley @Moon Apartments https://www.instagram.com/p/BQgnsPPj2e8/","","@Moon","","831639433418043394","https://twitter.com/JTEmbley/status/831639433418043394"
"on_andrews_wall","2017-02-14 18:06","0","0","Shout out to @CrystalHintze for an incredible interview. What happens when two designers sit https://www.instagram.com/p/BQgGA0_lEPR/","","@CrystalHintze","","831565383282880512","https://twitter.com/on_andrews_wall/status/831565383282880512"
"CougarCentreSLC","2017-02-14 04:57","0","2","Looking down the #SouthTemple Street wall in #DowntownSLC #SaltLakeCity #InstaUtah #rsa_sky https://www.instagram.com/p/BQeruRfDJ-8/","","","#SouthTemple #DowntownSLC #SaltLakeCity #InstaUtah #rsa_sky","831366823853641728","https://twitter.com/CougarCentreSLC/status/831366823853641728"
"tribalwestlax","2017-02-13 21:13","1","0","Hit the wall you slacker!! #saltlakecity #lacrosse #lax #tribalwest #tribal #tribeguy #stx @ https://www.instagram.com/p/BQdNKueB_s3/","","@","#saltlakecity #lacrosse #lax #tribalwest #tribal #tribeguy #stx","831249863538995200","https://twitter.com/tribalwestlax/status/831249863538995200"
"Michae1954","2017-02-11 23:47","1","1","OohRah...!!! Outstanding...!!!RT @StillUSA1st: ICE Rounds Up 44 Criminal Aliens in Texas Capital!! Hooray! http://bit.ly/2khbRYJ","","@StillUSA1st","","830563824860221440","https://twitter.com/Michae1954/status/830563824860221440"
"LegiScanUT","2017-02-11 02:36","0","0","SB0006 [Enroll] EXECUTIVE OFFICES AND CRIMINAL JUSTICE BASE BUDGET http://bitly.com/W0sfh6","","","","830244152541605892","https://twitter.com/LegiScanUT/status/830244152541605892"
"limeroyalty","2017-02-10 22:11","0","1","Salt lake here we come! @Utah / Colorado Border https://www.instagram.com/p/BQWOzBJFSJc/","","@Utah","","830177319209811968","https://twitter.com/limeroyalty/status/830177319209811968"
"jeremyfranklin","2017-02-09 19:35","0","1","Academics United- No Visa and Immigration Ban Rally at @uofu_views @J. Willard Marriott Library https://www.instagram.com/p/BQTYONkjQQT/","","@uofu_views @J","","829775828829499392","https://twitter.com/jeremyfranklin/status/829775828829499392"
"LegiScanUT","2017-02-09 10:06","0","0","SB0071 [Engross] Criminal Accounts Receivable Amendments http://bitly.com/WJf2d2","","","","829632602168578048","https://twitter.com/LegiScanUT/status/829632602168578048"
"LegiScanUT","2017-02-09 03:56","0","0","HB0330 [NEW] Commission on Criminal and Juvenile Justice Membership Amendments http://bitly.com/ZaYzgr","","","","829539352439037954","https://twitter.com/LegiScanUT/status/829539352439037954"
"LegiScanUT","2017-02-08 22:47","0","0","HB0323 [NEW] Code of Criminal Procedure Amendments http://bitly.com/WNtn8q","","","","829461636448735232","https://twitter.com/LegiScanUT/status/829461636448735232"
"backporchpaleo","2017-02-08 16:14","0","1","Ahhhh, getting to try a new variety of @criobru this morning! ~ much thanks to the gang up https://www.instagram.com/p/BQQcVgQlTad/","","@criobru","","829362667760582656","https://twitter.com/backporchpaleo/status/829362667760582656"
"calgonite44","2017-02-07 17:24","0","0","New wall banner for my office space at work. I like it! @Lehi, Utah https://www.instagram.com/p/BQN_peLhGXg/","","@Lehi","","829018098816610304","https://twitter.com/calgonite44/status/829018098816610304"
"_ashhendrickson","2017-02-07 04:50","0","0","You may outgrow the photo wall, but you'll never outgrow Build A https://www.instagram.com/p/BQMpSJjj-3x8vQrJUq0cGDEXwZo_ccvMaCgg4Y0/ ","","","","828828194266546177","https://twitter.com/_ashhendrickson/status/828828194266546177"
"LegiScanUT","2017-02-06 21:06","0","0","SB0006 [Engross] EXECUTIVE OFFICES AND CRIMINAL JUSTICE BASE BUDGET http://bitly.com/W0sfh6","","","","828711448452988928","https://twitter.com/LegiScanUT/status/828711448452988928"
"BictorLucio","2017-02-06 04:11","0","0","I love the planes trip to Mexico 2016 #BictorLucio #mexico #guadalajara @Salt Lake City https://www.instagram.com/p/BQKAA3WFAJt/","","@Salt","#BictorLucio #mexico #guadalajara","828455962323337216","https://twitter.com/BictorLucio/status/828455962323337216"
"CLAUDIM4R","2017-02-06 01:39","4","21","Waking up on the road to this #utah just a dream #higherpower @Utah / Colorado Border https://www.instagram.com/p/BQJuoMkABCV/","","@Utah","#utah #higherpower","828417726276329474","https://twitter.com/CLAUDIM4R/status/828417726276329474"
"sha8ang","2017-02-06 00:34","0","0","That rim trail though @Utah / Colorado Border https://www.instagram.com/p/BQJnRcTBhEI/","","@Utah","","828401547813851136","https://twitter.com/sha8ang/status/828401547813851136"
"fabiofinholdt","2017-02-05 23:39","0","0","#another #brick in the #wall @South Salt Lake City https://www.instagram.com/p/BQJg5ttjkDI/","","@South","#another #brick #wall","828387539753005057","https://twitter.com/fabiofinholdt/status/828387539753005057"
"hollyheffron","2017-02-05 21:46","0","0","My beautiful Christmas gift plate now hangs on my wall in a place I see it every day. Thanks https://www.instagram.com/p/BQJUAnZDz0R/","","","","828359193547653121","https://twitter.com/hollyheffron/status/828359193547653121"
"SloanePitman","2017-02-05 17:50","0","0","Ok but Vitamin D really is my favorite drug. mrzupon #parkcity #roundvalley #trails #utahisrad https://www.instagram.com/p/BQI4_CeD53x/","","","#parkcity #roundvalley #trails #utahisrad","828299765356036096","https://twitter.com/SloanePitman/status/828299765356036096"
"Quinceyjakarii","2017-02-05 05:24","0","0","Mirror mirror on the wall @City Creek Center https://www.instagram.com/p/BQHjnHmhrIp/","","@City","","828112020973039617","https://twitter.com/Quinceyjakarii/status/828112020973039617"
"MightBeMarissa","2017-02-03 06:26","0","0","Day 33/365 - He's so sweet. He didn't even notice he was running his sister into the wall  https://www.instagram.com/p/BQChHHyg4jb/","","","","827402838783336448","https://twitter.com/MightBeMarissa/status/827402838783336448"
"conradstoll","2017-02-02 22:25","0","1","We've made it to Arches on Day Two! Drove through a lot of snow in northern New Mexico and it's https://www.instagram.com/p/BQBqBTvgKeh/","","","","827281695544004610","https://twitter.com/conradstoll/status/827281695544004610"
"on_andrews_wall","2017-02-02 18:54","0","0","Wow! There are so many filter options when editing a simple screenshot. Happy #GroundhogDay https://www.instagram.com/p/BQBR7ywFiXp/","","","#GroundhogDay","827228733148913666","https://twitter.com/on_andrews_wall/status/827228733148913666"
"BjornBauerPhoto","2017-02-02 14:48","0","0","TBT to that time I figured out how floppy alska_wild's ears really are @Utah / Colorado Border https://www.instagram.com/p/BQA1zVdhh_K/","","@Utah","","827166868578324480","https://twitter.com/BjornBauerPhoto/status/827166868578324480"
"LegiScanUT","2017-02-02 02:46","0","0","HB0260 [NEW] Drug and Alcohol Treatment Related to Bail Amendments http://bitly.com/137ECtc","","","","826985160377827328","https://twitter.com/LegiScanUT/status/826985160377827328"
"jlawrence10","2017-02-01 15:32","0","0","I've always had a bit of a thing for Salt Lake City. Next stop, Mexico! @Salt Lake City https://www.instagram.com/p/BP-V_jFBVki/","","@Salt","","826815449522266112","https://twitter.com/jlawrence10/status/826815449522266112"
"ballenmedia","2017-01-31 21:43","0","0","Somewhere around the UT/CO border, not a bar of service for miles, I began to ponder the healing https://www.instagram.com/p/BP8bvRsgYen/","","","","826546596938645504","https://twitter.com/ballenmedia/status/826546596938645504"
"TubularTrevor","2017-01-31 15:30","0","0","From Saturday's protest against making legal immigration illegal, ex-post facto. It might not be https://www.instagram.com/p/BP7w8j3F1Tn/","","","","826452502501527556","https://twitter.com/TubularTrevor/status/826452502501527556"
"UofU_OA","2017-01-30 18:41","1","1","New problems up on the bouldering wall. Thanks uofuclimbingteam for keeping things fresh down https://www.instagram.com/p/BP5iCeKh9mK/","","","","826138240214192129","https://twitter.com/UofU_OA/status/826138240214192129"
"SpencerBronte","2017-01-30 05:12","0","0","The Ceratopsian phylogeny wall (aka the trophy wall) at Dinofest at the Natural History Museum https://www.instagram.com/p/BP4FfHYDkMH/","","","","825934718654881792","https://twitter.com/SpencerBronte/status/825934718654881792"
"tnotn","2017-01-29 15:45","0","0","US tech industry says immigration order affects their operations http://klou.tt/iaqq8dcjciq","","","","825731485340622850","https://twitter.com/tnotn/status/825731485340622850"
"nice1dave","2017-01-29 03:53","0","1","The ever fine #gaelgarciabernal juror #sundance2017 #Sundance just invited us to Mexico. https://www.instagram.com/p/BP1XnhVhrpY/","","","#gaelgarciabernal #sundance2017 #Sundance","825552373766508545","https://twitter.com/nice1dave/status/825552373766508545"
"jc_invests","2017-01-29 01:09","0","0","Library Wall Goals haha #books #knowledgesociety #knowledge #library #read #trolleysquare #Utah https://www.instagram.com/p/BP1E2GAlV5E/","","","#books #knowledgesociety #knowledge #library #read #trolleysquare #Utah","825511100607234048","https://twitter.com/jc_invests/status/825511100607234048"
"jatkins93","2017-01-28 16:47","0","0","Decided to take a nice drive this morning to Wyoming. Beautiful sunrise. @Wyoming Border Line https://www.instagram.com/p/BP0LcuXgnwD/","","@Wyoming","","825384875243032576","https://twitter.com/jatkins93/status/825384875243032576"
"sharilyonart","2017-01-27 14:14","0","2","Wise words painted on the bathroom wall. A good reminder while I was taking headshots, it was a https://www.instagram.com/p/BPxVH3eF3BD/","","","","824983946039525377","https://twitter.com/sharilyonart/status/824983946039525377"
"elisa_evans","2017-01-27 01:34","0","1","#jaws wall art made out of #wine corks - soon to be one of the labels on #coppolawine - very https://www.instagram.com/p/BPv-KDRgTq5/","","","#jaws #wine #coppolawine","824792696426471425","https://twitter.com/elisa_evans/status/824792696426471425"
"LegiScanUT","2017-01-26 22:26","0","0","SJR007 [NEW] Joint Resolution Amending Rules of Criminal Procedure http://bitly.com/YdOfnv","","","","824745257480904704","https://twitter.com/LegiScanUT/status/824745257480904704"
"LegiScanUT","2017-01-26 21:36","0","0","SB0118 [NEW] Criminal Law Amendments http://bitly.com/UlW1hu","","","","824732842311766018","https://twitter.com/LegiScanUT/status/824732842311766018"
"BurntFlame","2017-01-26 20:49","0","2","Cool design wall at avalaunchmedia with our amazing designers work. #AgencyLife #CreativeContent https://www.instagram.com/p/BPvdirPFQ-N/","","","#AgencyLife #CreativeContent","824720983370174465","https://twitter.com/BurntFlame/status/824720983370174465"
"RachLeMelle","2017-01-25 02:55","0","0","One with the wall of many faces.... @Fatali Gallery https://www.instagram.com/p/BPq90CNjl9M52y0C8KGtR_uuk53A6nmzt2UC9k0/ ","","@Fatali","","824088254014193669","https://twitter.com/RachLeMelle/status/824088254014193669"
"AbbeyStamp","2017-01-24 20:55","1","1","Data-Driven Justice meeting today at the Wall Mansion in SLC. @Salt https://www.instagram.com/p/BPqUp1mgSQp5ngLWBusJbyUDQduLzMPf4YD1-E0/ ","","@Salt","","823997744780079104","https://twitter.com/AbbeyStamp/status/823997744780079104"
"BrentCampanelli","2017-01-24 00:17","0","0","DOUBLE OVERHEAD (It's hard to judge scale, but you are currently looking at 12 ft wall of https://www.instagram.com/p/BPoG-gVgeGk/","","","","823686196895346690","https://twitter.com/BrentCampanelli/status/823686196895346690"
"LegiScanUT","2017-01-23 06:46","0","0","SB0006 [NEW] Executive Offices and Criminal Justice Base Budget http://bitly.com/W0sfh6","","","","823421621713113088","https://twitter.com/LegiScanUT/status/823421621713113088"
"MikeCruzable","2017-01-22 18:14","0","1","Nice day out north of the wall #sundance @Park City, Utah https://www.instagram.com/p/BPk4pjRDCkH/","","@Park","#sundance","823232476998995968","https://twitter.com/MikeCruzable/status/823232476998995968"
"david__whiteman","2017-01-22 07:09","0","0","The thick metal frame is bolted to the wall. Suiting image for the #sundancefilmfestival caught https://www.instagram.com/p/BPjsgKIBSxC/","","","#sundancefilmfestival","823065026932064256","https://twitter.com/david__whiteman/status/823065026932064256"
"LikelyHiking","2017-01-22 01:38","0","0","Multiculturalism is Americanism. #MexicoFirst because Utah was Mexico first. @Mi Ranchito Grill https://www.instagram.com/p/BPjGlAQBc6E/","","@Mi","#MexicoFirst","822981630310526976","https://twitter.com/LikelyHiking/status/822981630310526976"
"haleyanne314","2017-01-22 01:19","0","0","I feel like I did a wall sit for four straight hours today. At least I was with some of my https://www.instagram.com/p/BPjEeCKgXVJ/","","","","822976994879148035","https://twitter.com/haleyanne314/status/822976994879148035"
"marcmalkin","2017-01-21 17:40","1","5","#Sundance. rileykeough's hat for the win--""Make America Native Again"" @Sundance Film Festival https://www.instagram.com/p/BPiP5QJgFHP/","","@Sundance","#Sundance","822861376955838464","https://twitter.com/marcmalkin/status/822861376955838464"
"801sessions","2017-01-20 00:54","0","1","Check out the newest addition to the poster wall! Catch the new crew #Feb15 @Spy Hop https://www.instagram.com/p/BPd3_6egpJp/","","@Spy","#Feb15","822245886017306624","https://twitter.com/801sessions/status/822245886017306624"
