"username","date","retweets","favorites","text","geo","mentions","hashtags","id","permalink"
"KDsPub","2017-04-19 05:08","0","0","Come see @ellenlawton_3 And the rest of the gang @KD's Pub & Grub https://www.instagram.com/p/BTDf2rhjBzi/","","@ellenlawton_3 @KD","","854562415966552065","https://twitter.com/KDsPub/status/854562415966552065"
"BigDaddyMoses","2017-04-17 14:09","0","0","The wall @Youth Services System, Inc. https://www.instagram.com/p/BS_UGPqFeTd/","","@Youth","","853973616022740993","https://twitter.com/BigDaddyMoses/status/853973616022740993"
"maybeshxrty","2017-04-16 22:03","1","4","I'm the Goat, so everybody gon eat on me.. If you not Gang you will never get CC'd.. @ https://www.instagram.com/p/BS9lizqA79u/","","@","","853730506034343936","https://twitter.com/maybeshxrty/status/853730506034343936"
"WVDocSoccerMatt","2017-04-15 21:34","0","0","Goofing off, on the #endlesswalltrail @Endless Wall Trail https://www.instagram.com/p/BS69dgOjtolxqOcdKZCMixQVSOWnTMJHEeDlt00/ ","","@Endless","#endlesswalltrail","853360881547268096","https://twitter.com/WVDocSoccerMatt/status/853360881547268096"
"ucitykid88","2017-04-15 17:42","0","0","Right near the West Virginia/Ohio border there was some idiot weaving in and out of traffic like https://www.instagram.com/p/BS6i5Q8FkDJ/","","","","853302466988912643","https://twitter.com/ucitykid88/status/853302466988912643"
"chefbillfuller","2017-04-12 14:00","0","0","Misty and quiet. @Endless Wall Trail https://www.instagram.com/p/BSybFm7ldkf/","","@Endless","","852159401523900417","https://twitter.com/chefbillfuller/status/852159401523900417"
"LegiScanWV","2017-04-11 23:06","0","0","SB206 [Passed] Relating generally to criminal offense of kidnapping http://bitly.com/WSvA2v","","","","851934618198695936","https://twitter.com/LegiScanWV/status/851934618198695936"
"Xpwords","2017-04-09 22:45","0","0","Glo gang, tag her if you know her lls, met Gordon Hayward and crashed a formal for the free https://www.instagram.com/p/BSro38iDMsG/","","","","851204545468301312","https://twitter.com/Xpwords/status/851204545468301312"
"LegiScanWV","2017-04-09 20:06","0","0","HCR129 [Engross] Study of the West Virginia Office on Drug Policy. http://bitly.com/XYdX2D","","","","851164394482528257","https://twitter.com/LegiScanWV/status/851164394482528257"
"LegiScanWV","2017-04-09 07:06","0","0","HB2585 [Enroll] Creating felony crime of conducting financial transactions involving proceeds of criminal activity http://bitly.com/WZjxAt","","","","850968029328527362","https://twitter.com/LegiScanWV/status/850968029328527362"
"LegiScanWV","2017-04-09 05:56","0","0","HB2620 [Enroll] West Virginia Drug Overdose Monitoring Act http://bitly.com/X7o0AW","","","","850950428623867905","https://twitter.com/LegiScanWV/status/850950428623867905"
"LegiScanWV","2017-04-09 04:46","0","0","HB2303 [Enroll] Increasing criminal penalties for littering http://bitly.com/YYjxPx","","","","850932833736642561","https://twitter.com/LegiScanWV/status/850932833736642561"
"LegiScanWV","2017-04-09 01:16","0","0","HB2367 [Enroll] Establishing a criminal offense of organized retail crime http://bitly.com/YZDbuA","","","","850880004862902273","https://twitter.com/LegiScanWV/status/850880004862902273"
"LegiScanWV","2017-04-08 21:36","0","0","HB2083 [Enroll] Increasing the felony criminal penalties for exposing children to methamphetamine manufacturing http://bitly.com/WKaumR","","","","850824603496833025","https://twitter.com/LegiScanWV/status/850824603496833025"
"LegiScanWV","2017-04-08 05:06","0","0","HCR129 [NEW] Study of the West Virginia Office on Drug Policy. http://bitly.com/XYdX2D","","","","850575515060772864","https://twitter.com/LegiScanWV/status/850575515060772864"
"HopefullyDan","2017-04-07 22:37","0","0","I've made it. I'm finally on the green room wall all the People's Bank Theatre in Beautiful https://www.instagram.com/p/BSmeTb_A4VF/","","","","850477611256086528","https://twitter.com/HopefullyDan/status/850477611256086528"
"LegiScanWV","2017-04-07 00:46","0","0","HB2195 [Enroll] Relating to requiring comprehensive drug awareness and prevention program in all public schools http://bitly.com/YYRgsb","","","","850147732731854849","https://twitter.com/LegiScanWV/status/850147732731854849"
"LegiScanWV","2017-04-06 19:16","0","0","HB2404 [Enroll] Barring persons who are convicted of certain criminal offenses from acquiring property from their... http://bitly.com/Z40kMz","","","","850064576913780736","https://twitter.com/LegiScanWV/status/850064576913780736"
"LegiScanWV","2017-04-06 08:16","0","0","HB2898 [Enroll] Authorizing the Joint Committee on Government and Finance to request and obtain criminal backgrou... http://bitly.com/Y8Fhtn","","","","849898550502846464","https://twitter.com/LegiScanWV/status/849898550502846464"
"LegiScanWV","2017-03-30 21:16","0","0","HB2766 [Passed] Establishing a new special revenue fund, designated the Adult Drug Court Participation Fund http://bitly.com/Xg3nm8","","","","847558225163628544","https://twitter.com/LegiScanWV/status/847558225163628544"
"LegiScanWV","2017-03-29 20:56","0","0","SB406 [Engross] Relating to generic drug products http://bitly.com/XghNTx","","","","847190807132213251","https://twitter.com/LegiScanWV/status/847190807132213251"
"LegiScanWV","2017-03-29 19:26","0","0","HB2195 [Engross] Relating to requiring comprehensive drug awareness and prevention program in all public schools http://bitly.com/YYRgsb","","","","847168119219085313","https://twitter.com/LegiScanWV/status/847168119219085313"
"LegiScanWV","2017-03-25 23:56","0","0","HB3020 [Engross] Relating to criminal penalties for the offenses of hunting, trapping or fishing on the lands of ... http://bitly.com/ZWI06w","","","","845786389996285952","https://twitter.com/LegiScanWV/status/845786389996285952"
"cassmessenger","2017-03-25 16:11","0","0","Mirror mirror on the wall, who has the cutest pup of all! #nash https://www.instagram.com/p/BSETyQGjiESzhPYKuD4HR10CtfmXnzSxPhA5EY0/ ","","","#nash","845669411105259521","https://twitter.com/cassmessenger/status/845669411105259521"
"LegiScanWV","2017-03-22 19:06","0","0","HB2766 [Enroll] Establishing a new special revenue fund, designated the Adult Drug Court Participation Fund http://bitly.com/Xg3nm8","","","","844626283145388035","https://twitter.com/LegiScanWV/status/844626283145388035"
"LegiScanWV","2017-03-20 16:26","0","0","HB2898 [Engross] Authorizing the Joint Committee on Government and Finance to request and obtain criminal backgro... http://bitly.com/Y8Fhtn","","","","843861258239725572","https://twitter.com/LegiScanWV/status/843861258239725572"
"mylifesadesert","2017-03-19 03:02","0","0","Pharmacists Pushing for DIR Relief | Drug Topics Is your https://www.instagram.com/p/BRzcs89h6Dsgqyjt69YKou0o1iFXMNyRQZyisw0/ ","","","","843296479028506624","https://twitter.com/mylifesadesert/status/843296479028506624"
"LegiScanWV","2017-03-18 11:26","0","0","HB3098 [NEW] Relating to the crime of defrauding drug and alcohol screening tests and its penalties http://bitly.com/15OMUFL","","","","843060926278488065","https://twitter.com/LegiScanWV/status/843060926278488065"
"LegiScanWV","2017-03-18 00:06","0","0","HB2766 [Engross] Establishing a new special revenue fund, designated the Adult Drug Court Participation Fund http://bitly.com/Xg3nm8","","","","842889889792376832","https://twitter.com/LegiScanWV/status/842889889792376832"
"LegiScanWV","2017-03-17 10:16","0","0","HB3020 [NEW] Relating to criminal penalties for the offenses of hunting, trapping or fishing on the lands of anot... http://bitly.com/ZWI06w","","","","842680967076724736","https://twitter.com/LegiScanWV/status/842680967076724736"
"LegiScanWV","2017-03-16 05:56","0","0","HB3033 [NEW] Relating to the procedures for driver's license suspension and revocation in criminal proceedings f... http://bitly.com/10qlLJR","","","","842253179886698496","https://twitter.com/LegiScanWV/status/842253179886698496"
"LegiScanWV","2017-03-15 10:56","0","0","HB3069 [NEW] Permitting persons who voluntarily enroll in a drug rehabilitation program to be included in an exis... http://bitly.com/Zi04H6","","","","841966264646045696","https://twitter.com/LegiScanWV/status/841966264646045696"
"LegiScanWV","2017-03-13 17:06","0","0","HB2956 [NEW] Establishing a new special revenue fund, designated the Adult Drug Court Participation Fund http://bitly.com/ZNvndW","","","","841334576245018626","https://twitter.com/LegiScanWV/status/841334576245018626"
"LegiScanWV","2017-03-12 00:36","0","0","SB538 [NEW] Requiring parolees engage in alcohol or drug therapy as condition of parole http://bitly.com/ZCGSEV","","","","840723026169778178","https://twitter.com/LegiScanWV/status/840723026169778178"
"LegiScanWV","2017-03-11 16:56","0","0","SB492 [Engross] Eliminating requirement every circuit court participate in drug court program http://bitly.com/Y9t9sd","","","","840607256282615808","https://twitter.com/LegiScanWV/status/840607256282615808"
"LegiScanWV","2017-03-11 04:46","0","0","HB2920 [NEW] Providing mandatory minimum sentences for trafficking drugs into the state and for other drug offenses http://bitly.com/ZA4DgZ","","","","840423630244835328","https://twitter.com/LegiScanWV/status/840423630244835328"
"cathedral_cafe","2017-03-11 03:41","0","0","SATURDAY ~ CLOSING @2PM!! Hey gang, we will be closing at 2pm tomorrow for a wedding AND https://www.instagram.com/p/BRe60_-g7vN/","","@2PM","","840407238351212544","https://twitter.com/cathedral_cafe/status/840407238351212544"
"LegiScanWV","2017-03-10 16:46","0","0","HB2898 [NEW] Authorizing the Joint Committee on Government and Finance to request and obtain criminal background ... http://bitly.com/Y8Fhtn","","","","840242396977856513","https://twitter.com/LegiScanWV/status/840242396977856513"
"LegiScanWV","2017-03-10 01:06","0","0","HB2877 [NEW] Relating to fees collected to conduct criminal background checks http://bitly.com/ZxHN9G","","","","840005929466753024","https://twitter.com/LegiScanWV/status/840005929466753024"
"LegiScanWV","2017-03-10 00:06","0","2","SB567 [NEW] Relating to fees collected to conduct criminal background checks http://bitly.com/ZQwMAy","","","","839990846334369793","https://twitter.com/LegiScanWV/status/839990846334369793"
"AthVol","2017-03-09 00:31","0","0","I'm at Great Escapes Cinemas for The Great Wall in Nitro, WV https://www.swarmapp.com/c/gQ5D7TTpyAv pic.twitter.com/19s7P9xpn2","","","","839634617028251648","https://twitter.com/AthVol/status/839634617028251648"
"LegiScanWV","2017-03-07 21:27","0","0","HB2367 [Engross] Establishing a criminal offense of organized retail crime http://bitly.com/YZDbuA","","","","839225951728857088","https://twitter.com/LegiScanWV/status/839225951728857088"
"Jstover_13","2017-03-05 21:45","0","0","Smokey and the Bandit @Endless Wall Trail https://www.instagram.com/p/BRRaIupgEWS/","","@Endless","","838505766294257670","https://twitter.com/Jstover_13/status/838505766294257670"
"LegiScanWV","2017-03-04 03:16","0","0","SB510 [NEW] Eliminating requirement of no prior or subsequent conviction in order to have criminal conviction exp... http://bitly.com/ZzTtc3","","","","837864388682002438","https://twitter.com/LegiScanWV/status/837864388682002438"
"LegiScanWV","2017-03-03 18:26","0","0","SB439 [Engross] Relating to venue for civil and criminal actions at Salem Correctional Center http://bitly.com/Y8Nlul","","","","837730910351069184","https://twitter.com/LegiScanWV/status/837730910351069184"
"LegiScanWV","2017-03-03 17:16","0","0","HB2743 [NEW] Requiring the release of an unemancipated minor's medical records for drug testing http://bitly.com/XbmFcx","","","","837713358900113408","https://twitter.com/LegiScanWV/status/837713358900113408"
"LegiScanWV","2017-03-02 23:26","0","0","HB2052 [NEW] Increasing criminal penalties for the illegal killing, taking, or possessing of certain wildlife http://bitly.com/YYI332","","","","837444099485618176","https://twitter.com/LegiScanWV/status/837444099485618176"
"LegiScanWV","2017-03-02 10:56","0","0","SB492 [NEW] Relating to court participation in drug court program http://bitly.com/Y9t9sd","","","","837255188205486080","https://twitter.com/LegiScanWV/status/837255188205486080"
"LegiScanWV","2017-03-02 05:37","0","0","HB2766 [NEW] Establishing a new special revenue fund, designated the Adult Drug Court Participation Fund http://bitly.com/Xg3nm8","","","","837174953212522496","https://twitter.com/LegiScanWV/status/837174953212522496"
"LegiScanWV","2017-02-28 22:26","0","0","HB2083 [Engross] Increasing the felony criminal penalties for exposing children to methamphetamine manufacturing http://bitly.com/WKaumR","","","","836704116848099328","https://twitter.com/LegiScanWV/status/836704116848099328"
"LegiScanWV","2017-02-28 20:06","0","0","HB2585 [Engross] Creating felony crime of conducting financial transactions involving proceeds of criminal activity http://bitly.com/WZjxAt","","","","836668844773097477","https://twitter.com/LegiScanWV/status/836668844773097477"
"LegiScanWV","2017-02-28 11:56","0","0","HB2710 [NEW] Including unborn child or fetus in statute setting criminal penalties for child neglect resulting in... http://bitly.com/X7oQ0O","","","","836545563319500800","https://twitter.com/LegiScanWV/status/836545563319500800"
"LegiScanWV","2017-02-27 20:16","0","0","SB443 [NEW] Establishing Adult Drug Court Participation Fund http://bitly.com/ZxJi7T","","","","836308941059600384","https://twitter.com/LegiScanWV/status/836308941059600384"
"LegiScanWV","2017-02-27 18:06","0","0","SB80 [Engross] Equalizing criminal penalty for entering without breaking regardless of time of day http://bitly.com/YY7j9M","","","","836276350898028545","https://twitter.com/LegiScanWV/status/836276350898028545"
"__ClassicCutz","2017-02-27 16:58","0","1","Classic Cutz Barbershop 217 Wall Street Morgantown Wv call or text for all appointments https://www.instagram.com/p/BRBchyqlOAq/","","","","836259230185304067","https://twitter.com/__ClassicCutz/status/836259230185304067"
"EdDoyle13","2017-02-27 13:37","0","0","A wise wall once told me ""SATURDAYS ARE FOR THE BOYS"" and you bet your sweet ass it was right! https://www.instagram.com/p/BRBFiNVlOFM/","","","","836208668550967299","https://twitter.com/EdDoyle13/status/836208668550967299"
"LegiScanWV","2017-02-27 07:26","0","0","SB78 [NEW] Relating to criminal offenses within Uniform Controlled Substances Act http://bitly.com/Z4s17U","","","","836115175069609984","https://twitter.com/LegiScanWV/status/836115175069609984"
"LegiScanWV","2017-02-25 16:56","0","0","SB79 [NEW] Providing judges flexibility in sentencing drug offenders http://bitly.com/Z19Uj1","","","","835533867016663040","https://twitter.com/LegiScanWV/status/835533867016663040"
"LegiScanWV","2017-02-25 04:46","0","1","HB2700 [NEW] Exempting industrial hemp from being a Schedule I drug http://bitly.com/Zx7qtc","","","","835350188810174464","https://twitter.com/LegiScanWV/status/835350188810174464"
"LegiScanWV","2017-02-25 00:36","0","0","SB439 [NEW] Relating to venue for civil and criminal actions at Salem Correctional Center http://bitly.com/Y8Nlul","","","","835287280701046785","https://twitter.com/LegiScanWV/status/835287280701046785"
"LegiScanWV","2017-02-24 23:06","0","0","HB2130 [NEW] Relating to drug testing of legislators http://bitly.com/WMZiG7","","","","835264704176091136","https://twitter.com/LegiScanWV/status/835264704176091136"
"LegiScanWV","2017-02-24 13:36","0","0","SB406 [NEW] Relating to generic drug products http://bitly.com/XghNTx","","","","835121169317703684","https://twitter.com/LegiScanWV/status/835121169317703684"
"LegiScanWV","2017-02-24 12:36","0","0","HB2620 [NEW] West Virginia Drug Overdose Monitoring Act http://bitly.com/X7o0AW","","","","835106140006535169","https://twitter.com/LegiScanWV/status/835106140006535169"
"LegiScanWV","2017-02-24 01:56","0","0","SB120 [NEW] DHHR rule relating to clandestine drug laboratory remediation http://bitly.com/YYeVJm","","","","834945109292638208","https://twitter.com/LegiScanWV/status/834945109292638208"
"LegiScanWV","2017-02-23 17:06","0","0","HB2404 [Engross] Barring persons who are convicted of certain criminal offenses from acquiring property from thei... http://bitly.com/Z40kMz","","","","834811735156654081","https://twitter.com/LegiScanWV/status/834811735156654081"
"LegiScanWV","2017-02-23 03:37","0","0","HB2668 [NEW] Increasing the minimum criminal penalty for transportation of a Schedule I or II narcotic drug into ... http://bitly.com/X7G91H","","","","834608034047524867","https://twitter.com/LegiScanWV/status/834608034047524867"
"LegiScanWV","2017-02-22 18:46","0","0","HB2660 [NEW] Increasing criminal incarceration penalties for the transportation of controlled substances into the... http://bitly.com/ZvQfbm","","","","834474421914050560","https://twitter.com/LegiScanWV/status/834474421914050560"
"LegiScanWV","2017-02-22 16:36","0","0","HB2585 [NEW] Creating felony crime of conducting financial transactions involving proceeds of criminal activity http://bitly.com/WZjxAt","","","","834441651170971648","https://twitter.com/LegiScanWV/status/834441651170971648"
"LegiScanWV","2017-02-22 12:56","0","0","HB2621 [NEW] Providing for a scratch-off game to fund a drug treatment facility on post-mine land in Mingo and Lo... http://bitly.com/Zx7qt8","","","","834386304121061376","https://twitter.com/LegiScanWV/status/834386304121061376"
"LegiScanWV","2017-02-22 07:36","0","0","HB2645 [NEW] Creating a felony for failure to render aid by a culpable person in presence of a drug overdose http://bitly.com/ZwFO7q","","","","834305732715634688","https://twitter.com/LegiScanWV/status/834305732715634688"
"LegiScanWV","2017-02-21 10:16","0","0","HB2003 [NEW] Creating a new felony offense for a drug delivery that results in the death of another person http://bitly.com/YYCUbo","","","","833983611397353472","https://twitter.com/LegiScanWV/status/833983611397353472"
"LegiScanWV","2017-02-21 05:06","0","0","HB2544 [NEW] Establishing that an employee's termination from employment for testing positive on a drug or alcoho... http://bitly.com/ZelS9c","","","","833905602325774336","https://twitter.com/LegiScanWV/status/833905602325774336"
"LegiScanWV","2017-02-20 18:26","0","0","HB2024 [NEW] Creating a criminal felony offense of aggravated assault or battery of a child or a person who is me... http://bitly.com/WKzHh1","","","","833744556793483265","https://twitter.com/LegiScanWV/status/833744556793483265"
"LegiScanWV","2017-02-20 18:26","0","0","HB2303 [Engross] Increasing criminal penalties for littering http://bitly.com/YYjxPx","","","","833744538866958336","https://twitter.com/LegiScanWV/status/833744538866958336"
"LegiScanWV","2017-02-20 06:36","0","0","SB80 [NEW] Equalizing criminal penalty for entering without breaking regardless of time of day http://bitly.com/YY7j9M","","","","833565935785107457","https://twitter.com/LegiScanWV/status/833565935785107457"
"LegiScanWV","2017-02-20 00:56","0","0","HB2092 [NEW] Creating an additional penalty for use of a firearm in furtherance of a drug offense http://bitly.com/WKtJfT","","","","833480348415705088","https://twitter.com/LegiScanWV/status/833480348415705088"
"LegiScanWV","2017-02-20 00:46","0","0","HB2083 [NEW] Increasing the felony criminal penalties for exposing children to methamphetamine manufacturing http://bitly.com/WKaumR","","","","833477816020791298","https://twitter.com/LegiScanWV/status/833477816020791298"
"ZawdzHQ","2017-02-19 23:12","0","0","The wall was about to collapse @Brownsville, Pennsylvania https://www.instagram.com/p/BQtg948glc6JxSVv1m_2357hhLE1PLKyC98k1M0/ ","","@Brownsville","","833454233341030400","https://twitter.com/ZawdzHQ/status/833454233341030400"
"LegiScanWV","2017-02-19 20:56","0","0","HB2352 [NEW] Relating to the criminal offense of desecration of graves and vandalizing cemeteries http://bitly.com/YZgqqD","","","","833419901624795136","https://twitter.com/LegiScanWV/status/833419901624795136"
"oakleyblack","2017-02-19 00:38","0","0","in the telly puttin dick in her belly GANG @Comfort Suites - Marietta, OH https://www.instagram.com/p/BQrGCV3gi0f/","","@Comfort","","833113538218569728","https://twitter.com/oakleyblack/status/833113538218569728"
"LegiScanWV","2017-02-18 17:36","0","0","HB2404 [NEW] Barring persons who are convicted of certain criminal offenses from acquiring property from their vi... http://bitly.com/Z40kMz","","","","833007194937421824","https://twitter.com/LegiScanWV/status/833007194937421824"
"LegiScanWV","2017-02-18 12:46","0","0","HB2195 [NEW] Relating to requiring comprehensive drug awareness and prevention program in all public schools http://bitly.com/YYRgsb","","","","832934251117043712","https://twitter.com/LegiScanWV/status/832934251117043712"
"LegiScanWV","2017-02-18 04:16","0","0","HB2535 [NEW] Making it a criminal offense to disturb the peace http://bitly.com/WUYzm2","","","","832805924217712640","https://twitter.com/LegiScanWV/status/832805924217712640"
"Jadieeeeeeeepie","2017-02-17 23:41","0","0","Mirror, mirror, on the wall who's the most tired of them all? @The Sleepy Nap Time Shop https://www.instagram.com/p/BQoarRegZG1/","","@The","","832736712505905152","https://twitter.com/Jadieeeeeeeepie/status/832736712505905152"
"LegiScanWV","2017-02-17 16:46","0","0","HB2423 [NEW] Relating to the criminal offense of therapeutic deception http://bitly.com/Z4mdLF","","","","832632227552899072","https://twitter.com/LegiScanWV/status/832632227552899072"
"LegiScanWV","2017-02-16 09:56","1","0","HB2456 [NEW] Requiring the West Virginia Supreme Court of Appeals to maintain a searchable, criminal database con... http://bitly.com/Z3MBFj","","","","832166791585607680","https://twitter.com/LegiScanWV/status/832166791585607680"
"LegiScanWV","2017-02-15 22:06","0","0","HB2470 [NEW] Making it a felony to knowingly house drug traffickers http://bitly.com/WLpmBt","","","","831988184879874054","https://twitter.com/LegiScanWV/status/831988184879874054"
"hmpersinger3","2017-02-15 21:21","0","1","@pattonoswalt we also deserve the full story on your ties to Wall Street Banks and Big Pharma. #cleanyourownhousefirst","","@pattonoswalt","#cleanyourownhousefirst","831976747818180616","https://twitter.com/hmpersinger3/status/831976747818180616"
"LegiScanWV","2017-02-15 16:16","0","0","SB297 [NEW] Increasing minimum penalty for transportation of Schedule I or II narcotic drug into state http://bitly.com/ZiKQ7i","","","","831900108333731842","https://twitter.com/LegiScanWV/status/831900108333731842"
"LegiScanWV","2017-02-15 15:06","0","0","HB2426 [NEW] Requiring a minimum criminal penalty of life imprisonment for killing of an individual if based on h... http://bitly.com/WJIHmp","","","","831882360966754304","https://twitter.com/LegiScanWV/status/831882360966754304"
"LegiScanWV","2017-02-14 22:36","0","0","HB2432 [NEW] Barring persons who are convicted of certain criminal offenses from acquiring property from their vi... http://bitly.com/Z4SB0H","","","","831633240104513537","https://twitter.com/LegiScanWV/status/831633240104513537"
"LegiScanWV","2017-02-14 13:36","0","0","SB49 [NEW] Requiring provisions for prior authorization of drug benefits by insurers http://bitly.com/Z4n8f9","","","","831497327667974146","https://twitter.com/LegiScanWV/status/831497327667974146"
"LegiScanWV","2017-02-14 01:36","0","0","HB2387 [NEW] Requiring the State Board of Education to prescribe a comprehensive drug awareness and prevention pr... http://bitly.com/Z39KHV","","","","831316130643972096","https://twitter.com/LegiScanWV/status/831316130643972096"
"LegiScanWV","2017-02-13 23:56","0","0","HB2367 [NEW] Establishing a criminal offense of organized retail crime http://bitly.com/YZDbuA","","","","831291037469593601","https://twitter.com/LegiScanWV/status/831291037469593601"
"LegiScanWV","2017-02-12 15:06","0","0","HB2303 [NEW] Increasing criminal penalties for littering http://bitly.com/YYjxPx","","","","830795147013136385","https://twitter.com/LegiScanWV/status/830795147013136385"
"Joe64pchs","2017-02-12 02:56","0","0","Rock wall @Morgantown, West Virginia https://www.instagram.com/p/BQZURIWAKOZ/","","@Morgantown","","830611557709123585","https://twitter.com/Joe64pchs/status/830611557709123585"
"LegiScanWV","2017-02-11 23:56","0","0","HB2255 [NEW] Health and Human Resources, WV Department of Clandestine Drug Laboratory Remediation http://bitly.com/Z2FfBU","","","","830566118200852480","https://twitter.com/LegiScanWV/status/830566118200852480"
"paulimgonzalez","2017-02-11 18:36","0","0","North of the wall (literally) #snow #usa @Oglebay Resort & Conference Center https://www.instagram.com/p/BQYbDcIjPaw/","","@Oglebay","#snow #usa","830485744548507648","https://twitter.com/paulimgonzalez/status/830485744548507648"
"LegiScanWV","2017-02-11 01:06","0","0","HB2306 [NEW] Establishing new procedures for courts with criminal jurisdiction to suspend and revoke driver's lic... http://bitly.com/WKhhwD","","","","830221344688189442","https://twitter.com/LegiScanWV/status/830221344688189442"
"coltonrudolph","2017-02-05 21:12","0","0","Make America Canadian again @Alderson Broaddus University https://www.instagram.com/p/BQJQEtuB-E4rXgfTLtfD1Q7CM6OFxSGxZ81eaI0/ ","","@Alderson","","828350549024088064","https://twitter.com/coltonrudolph/status/828350549024088064"
"ah_b_normal","2017-02-02 00:23","0","0","#wall of #posters of #showsgoneby @123 Pleasant Street https://www.instagram.com/p/BP_SyK-BEGF/","","@123","#wall #posters #showsgoneby","826949122624139264","https://twitter.com/ah_b_normal/status/826949122624139264"
"Jordyn_Bryant","2017-01-29 16:45","0","0","right back on our worst behavior @The Wall https://www.instagram.com/p/BP2v8j7DYsh/","","@The","","825746614191026177","https://twitter.com/Jordyn_Bryant/status/825746614191026177"
"__ClassicCutz","2017-01-21 03:07","0","0","Classic Cutz Barbershop 219 Wall Street Morgantown Wv 304-444-5771 @West Virgina University https://www.instagram.com/p/BPgr_xEjide/","","@West","","822641710127779840","https://twitter.com/__ClassicCutz/status/822641710127779840"
"__ClassicCutz","2017-01-20 20:07","0","0","Classic Cutz Barbershop 219 Wall Street Morgantown Wv @West Virgina University https://www.instagram.com/p/BPf78DJjSYL/","","@West","","822536025536950272","https://twitter.com/__ClassicCutz/status/822536025536950272"
